listing_id,listed_date,country,brand,model,fuel,transmission,seller_type,age_years,mileage_km,power_kw,previous_owners,accident_free,days_on_market,asking_price_eur
CAR-03419,2024-01-03,DE,Skoda,Octavia,Diesel,Automatic,Franchise dealer,4,57232,197,2,True,21,15090
CAR-00879,2024-01-03,DE,Mercedes-Benz,A-Class,Petrol,Automatic,Franchise dealer,3,58510,130,2,True,41,18570
CAR-01964,2024-01-04,DE,Volkswagen,Passat,Diesel,Manual,Franchise dealer,9,180127,110,3,True,52,6090
CAR-00892,2024-01-04,DE,Audi,A4,Petrol,Automatic,Independent dealer,6,101186,148,3,True,17,10390
CAR-04565,2024-01-04,DE,Volkswagen,Golf,Electric,Manual,Franchise dealer,7,125442,153,3,True,28,5720
CAR-03897,2024-01-04,DE,Audi,Q5,Diesel,Automatic,Independent dealer,6,117171,70,2,True,21,11710
CAR-04033,2024-01-04,DE,Mercedes-Benz,C-Class,Hybrid,Manual,Franchise dealer,5,78945,142,2,True,57,15700
CAR-00480,2024-01-04,DE,Audi,A4,Diesel,Automatic,Independent dealer,7,120134,90,3,True,75,7420
CAR-02012,2024-01-04,DE,BMW,X3,Hybrid,Automatic,Independent dealer,3,42122,149,1,True,47,37380
CAR-00463,2024-01-04,DE,Audi,e-tron,Electric,Automatic,Independent dealer,2,47053,217,3,True,78,45850
CAR-03960,2024-01-05,DE,Audi,Q5,Petrol,Automatic,Private,2,37757,127,1,True,63,33820
CAR-04255,2024-01-05,DE,BMW,X1,Electric,Automatic,Franchise dealer,4,75930,140,2,True,14,20110
CAR-01325,2024-01-05,DE,Skoda,Karoq,Petrol,Manual,Franchise dealer,6,134573,90,3,True,14,6340
CAR-04707,2024-01-05,DE,Mercedes-Benz,E-Class,Electric,Automatic,Franchise dealer,2,46638,142,1,True,69,44470
CAR-03769,2024-01-05,DE,Volkswagen,ID.4,Diesel,Automatic,Franchise dealer,5,56314,121,3,True,69,17090
CAR-02544,2024-01-05,DE,Mercedes-Benz,GLA,Diesel,Automatic,Franchise dealer,6,132877,132,2,True,56,9550
CAR-04793,2024-01-05,DE,Skoda,Superb,Petrol,Automatic,Independent dealer,6,106168,122,2,True,7,10420
CAR-03849,2024-01-06,DE,Audi,A4,Diesel,Manual,Private,1,22202,169,1,True,75,38470
CAR-02547,2024-01-06,DE,BMW,3 Series,Hybrid,Automatic,Private,5,77526,182,2,True,108,16530
CAR-01981,2024-01-06,DE,Audi,A3,Hybrid,Automatic,Independent dealer,5,96139,143,1,True,32,13830
CAR-02875,2024-01-06,DE,BMW,5 Series,Petrol,Automatic,Franchise dealer,5,92002,143,2,True,91,17410
CAR-03569,2024-01-06,AT,Audi,Q5,Hybrid,Automatic,Independent dealer,2,16952,151,1,False,43,39020
CAR-03625,2024-01-07,DE,Mercedes-Benz,C-Class,Electric,Automatic,Independent dealer,5,109613,139,3,True,46,14910
CAR-01766,2024-01-07,AT,Skoda,Kodiaq,Hybrid,Automatic,Franchise dealer,1,29400,177,1,True,44,43770
CAR-01794,2024-01-07,DE,Skoda,Octavia,Petrol,Automatic,Private,6,123314,164,4,True,66,6820
CAR-01628,2024-01-08,AT,BMW,X1,Petrol,Automatic,Independent dealer,5,62957,148,3,True,67,16200
CAR-04637,2024-01-08,DE,Volkswagen,Tiguan,Petrol,Automatic,Independent dealer,11,177442,161,4,True,46,5920
CAR-04642,2024-01-08,DE,Mercedes-Benz,GLA,Hybrid,Automatic,Independent dealer,1,43065,91,1,True,40,34510
CAR-02323,2024-01-09,DE,BMW,X1,Petrol,Manual,Independent dealer,8,148502,168,3,False,48,5580
CAR-04929,2024-01-09,NL,Audi,e-tron,Diesel,Automatic,Private,4,48227,167,2,True,64,29850
CAR-03024,2024-01-09,DE,Audi,Q5,Electric,Automatic,Independent dealer,2,46574,167,1,True,31,43890
CAR-02367,2024-01-10,DE,Audi,Q5,Electric,Automatic,Franchise dealer,8,153149,230,4,False,37,7690
CAR-02983,2024-01-10,DE,Volkswagen,ID.3,Diesel,Automatic,Independent dealer,3,73266,249,1,True,22,20710
CAR-04268,2024-01-11,DE,Volkswagen,Golf,Diesel,Automatic,Independent dealer,2,29875,239,1,False,49,20350
CAR-04486,2024-01-12,AT,Volkswagen,ID.3,Electric,Automatic,Franchise dealer,9,144943,195,3,True,29,5910
CAR-02525,2024-01-12,DE,BMW,3 Series,Diesel,Automatic,Private,3,64941,70,3,True,35,16770
CAR-03075,2024-01-12,DE,Skoda,Karoq,Petrol,Manual,Franchise dealer,2,38792,222,1,True,41,25450
CAR-02850,2024-01-12,DE,Audi,e-tron,Petrol,Automatic,Franchise dealer,6,135665,89,3,True,81,14650
CAR-01554,2024-01-12,DE,Audi,Q5,Petrol,Automatic,Independent dealer,4,79932,233,2,True,28,28600
CAR-04322,2024-01-12,DE,Volkswagen,Passat,Diesel,Automatic,Private,0,16080,161,1,False,22,34410
CAR-01564,2024-01-13,DE,Volkswagen,Golf,Hybrid,Automatic,Independent dealer,5,104310,97,2,True,5,8840
CAR-00135,2024-01-13,DE,BMW,5 Series,Petrol,Automatic,Franchise dealer,13,206342,190,5,True,15,5670
CAR-01329,2024-01-13,DE,BMW,5 Series,Hybrid,Automatic,Private,8,156935,116,3,False,78,6880
CAR-02245,2024-01-13,DE,BMW,X3,Diesel,Automatic,Independent dealer,4,40598,236,2,True,31,30980
CAR-00752,2024-01-13,AT,Audi,A4,Hybrid,Automatic,Franchise dealer,7,141553,128,1,True,102,8930
CAR-01533,2024-01-13,DE,Volkswagen,Passat,Petrol,Automatic,Independent dealer,9,177578,70,3,True,83,5560
CAR-01411,2024-01-13,DE,Skoda,Karoq,Diesel,Automatic,Independent dealer,2,33629,152,1,False,48,20250
CAR-02522,2024-01-13,DE,Audi,Q3,Electric,Manual,Franchise dealer,7,106337,136,5,True,77,8370
CAR-01234,2024-01-14,AT,BMW,3 Series,Petrol,Automatic,Franchise dealer,7,106983,98,3,True,9,7850
CAR-00544,2024-01-14,DE,BMW,X1,Diesel,Automatic,Franchise dealer,2,40243,194,2,True,37,34450
CAR-04739,2024-01-14,DE,Volkswagen,ID.4,Electric,Manual,Franchise dealer,0,23346,203,1,True,93,54700
CAR-01526,2024-01-14,AT,Audi,A4,Electric,Automatic,Franchise dealer,6,124396,168,3,True,42,12530
CAR-03274,2024-01-14,DE,Volkswagen,ID.4,Hybrid,Manual,Private,5,74116,182,3,True,37,16800
CAR-02747,2024-01-14,DE,BMW,X3,Diesel,Automatic,Private,1,14877,166,1,False,25,45290
CAR-00589,2024-01-15,DE,BMW,X3,Petrol,Automatic,Independent dealer,2,54939,171,1,True,16,45020
CAR-03658,2024-01-15,AT,Skoda,Octavia,Petrol,Automatic,Independent dealer,3,88079,111,4,True,34,13540
CAR-04832,2024-01-15,DE,Volkswagen,Tiguan,Diesel,Manual,Franchise dealer,1,21984,253,2,True,3,41050
CAR-01790,2024-01-15,DE,Volkswagen,ID.3,Petrol,Manual,Franchise dealer,9,172510,187,4,True,35,5460
CAR-04122,2024-01-15,AT,Skoda,Enyaq,Electric,Automatic,Independent dealer,3,74578,110,1,True,76,22290
CAR-02982,2024-01-15,DE,BMW,X3,Petrol,Automatic,Independent dealer,13,253087,133,5,True,61,5550
CAR-00569,2024-01-15,DE,Mercedes-Benz,A-Class,Diesel,Automatic,Independent dealer,1,23838,138,1,True,164,29340
CAR-01718,2024-01-15,DE,Volkswagen,ID.4,Hybrid,Automatic,Independent dealer,4,60446,117,2,True,37,19640
CAR-02009,2024-01-16,NL,Volkswagen,Golf,Petrol,Automatic,Independent dealer,13,219938,191,5,True,48,5720
CAR-02759,2024-01-16,DE,Mercedes-Benz,E-Class,Electric,Automatic,Independent dealer,3,74276,146,1,True,52,30770
CAR-03285,2024-01-16,AT,Volkswagen,Passat,Hybrid,Manual,Independent dealer,13,229529,76,5,True,5,5370
CAR-02138,2024-01-16,DE,Volkswagen,Tiguan,Petrol,Manual,Independent dealer,1,33927,261,1,True,44,39440
CAR-04310,2024-01-16,DE,Mercedes-Benz,A-Class,Petrol,Automatic,Independent dealer,2,61174,169,1,True,17,22320
CAR-00717,2024-01-17,DE,BMW,5 Series,Electric,Automatic,Independent dealer,9,166947,95,3,True,61,6120
CAR-04483,2024-01-17,DE,Audi,A4,Petrol,Automatic,Private,12,201941,140,5,True,71,5730
CAR-03917,2024-01-17,DE,Mercedes-Benz,C-Class,Diesel,Automatic,Independent dealer,7,128864,163,3,True,58,9290
CAR-01331,2024-01-17,AT,Mercedes-Benz,GLA,Hybrid,Automatic,Independent dealer,2,49026,114,1,True,41,29320
CAR-04608,2024-01-17,DE,BMW,5 Series,Diesel,Automatic,Franchise dealer,4,63620,128,2,True,11,25430
CAR-00049,2024-01-17,DE,BMW,X3,Diesel,Automatic,Private,1,31866,134,1,True,36,43040
CAR-02355,2024-01-17,DE,Volkswagen,Passat,Petrol,Automatic,Independent dealer,5,95245,162,2,True,50,14740
CAR-03418,2024-01-17,DE,BMW,X1,Diesel,Automatic,Franchise dealer,6,80586,178,3,True,25,12170
CAR-01205,2024-01-17,DE,BMW,i4,Electric,Automatic,Franchise dealer,6,84740,171,2,True,63,16430
CAR-03567,2024-01-17,DE,Mercedes-Benz,A-Class,Petrol,Automatic,Franchise dealer,9,99702,164,5,True,54,5750
CAR-02236,2024-01-17,AT,BMW,X1,Diesel,Automatic,Franchise dealer,3,63943,87,3,True,39,21530
CAR-03250,2024-01-17,DE,Skoda,Superb,Petrol,Automatic,Independent dealer,3,53122,115,1,True,16,21580
CAR-00314,2024-01-18,DE,Audi,Q3,Electric,Automatic,Independent dealer,1,19961,137,1,True,52,36930
CAR-02417,2024-01-18,DE,Mercedes-Benz,A-Class,Diesel,Automatic,Independent dealer,5,84217,70,2,True,7,11170
CAR-03110,2024-01-18,DE,Audi,A3,Hybrid,Automatic,Independent dealer,13,195730,112,5,True,55,5400
CAR-03135,2024-01-18,DE,Volkswagen,Tiguan,Petrol,Automatic,Franchise dealer,8,206244,142,5,True,68,5710
CAR-02554,2024-01-18,DE,Audi,Q5,Electric,Automatic,Franchise dealer,11,170340,121,4,True,25,5620
CAR-03282,2024-01-18,DE,Audi,Q5,Petrol,Automatic,Franchise dealer,7,154210,138,3,True,62,8940
CAR-04898,2024-01-19,DE,Skoda,Superb,Petrol,Automatic,Franchise dealer,13,299874,131,5,True,36,5480
CAR-04538,2024-01-19,DE,BMW,X3,Petrol,Automatic,Private,5,116995,172,2,True,9,15850
CAR-03813,2024-01-19,DE,BMW,X3,Diesel,Automatic,Independent dealer,1,32689,91,1,True,65,44490
CAR-04158,2024-01-19,DE,Mercedes-Benz,C-Class,Hybrid,Automatic,Independent dealer,3,81793,157,2,True,57,27930
CAR-02700,2024-01-19,DE,Volkswagen,ID.4,Hybrid,Automatic,Independent dealer,4,76464,147,1,True,49,18180
CAR-00560,2024-01-19,DE,BMW,X3,Hybrid,Automatic,Franchise dealer,7,88866,95,3,True,8,13010
CAR-02537,2024-01-19,DE,Audi,A3,Petrol,Automatic,Independent dealer,5,82479,126,2,True,13,9340
CAR-00822,2024-01-19,DE,Audi,A3,Electric,Manual,Independent dealer,5,59419,208,2,True,31,14080
CAR-04614,2024-01-19,DE,Audi,e-tron,Electric,Automatic,Independent dealer,2,42335,182,1,True,30,52560
CAR-00173,2024-01-19,DE,Skoda,Kodiaq,Petrol,Automatic,Private,8,136646,136,4,True,88,6670
CAR-02948,2024-01-20,DE,Skoda,Karoq,Petrol,Automatic,Independent dealer,1,25413,155,1,True,18,33490
CAR-04472,2024-01-20,DE,Volkswagen,ID.4,Electric,Manual,Franchise dealer,6,100384,149,3,True,69,12000
CAR-00831,2024-01-20,DE,Mercedes-Benz,E-Class,Hybrid,Automatic,Franchise dealer,2,39136,147,3,True,21,43170
CAR-03818,2024-01-20,DE,Volkswagen,ID.3,Petrol,Automatic,Franchise dealer,3,49265,159,2,True,41,22170
CAR-00662,2024-01-21,DE,BMW,5 Series,Hybrid,Automatic,Private,4,100981,171,3,True,62,21510
CAR-03127,2024-01-21,DE,BMW,i4,Diesel,Automatic,Private,4,78049,110,2,True,10,20140
CAR-04074,2024-01-21,DE,BMW,i4,Diesel,Automatic,Independent dealer,3,64865,153,3,True,10,27480
CAR-01953,2024-01-21,DE,Skoda,Kodiaq,Petrol,Automatic,Independent dealer,4,74083,83,1,True,39,16510
CAR-04653,2024-01-21,DE,BMW,i4,Diesel,Automatic,Franchise dealer,5,84080,244,2,False,56,19560
CAR-03440,2024-01-21,DE,Audi,e-tron,Hybrid,Automatic,Independent dealer,7,117042,177,4,True,58,14260
CAR-02619,2024-01-21,DE,Skoda,Kodiaq,Diesel,Automatic,Independent dealer,3,49719,137,2,False,28,19290
CAR-03661,2024-01-22,DE,Skoda,Karoq,Petrol,Manual,Independent dealer,2,40877,95,1,True,54,18060
CAR-04400,2024-01-22,DE,Volkswagen,Golf,Petrol,Automatic,Franchise dealer,3,72618,106,3,True,35,15620
CAR-01695,2024-01-22,DE,Mercedes-Benz,C-Class,Diesel,Automatic,Independent dealer,5,104805,157,3,True,53,14560
CAR-00289,2024-01-22,DE,BMW,5 Series,Petrol,Automatic,Independent dealer,3,74413,130,2,True,38,28090
CAR-01425,2024-01-22,DE,Audi,e-tron,Diesel,Automatic,Independent dealer,4,89624,133,1,True,40,22590
CAR-00264,2024-01-22,DE,Skoda,Kodiaq,Electric,Automatic,Independent dealer,1,24991,71,1,True,22,37420
CAR-03095,2024-01-23,AT,BMW,X1,Petrol,Automatic,Independent dealer,4,48703,71,1,True,92,19530
CAR-04723,2024-01-23,DE,Volkswagen,ID.3,Hybrid,Automatic,Franchise dealer,1,28521,151,2,True,152,38120
CAR-00911,2024-01-23,AT,Skoda,Karoq,Hybrid,Manual,Private,5,93064,184,3,True,41,10850
CAR-03787,2024-01-23,DE,BMW,5 Series,Diesel,Automatic,Franchise dealer,8,130492,160,3,True,24,9620
CAR-04569,2024-01-23,DE,Mercedes-Benz,EQE,Electric,Manual,Independent dealer,3,58686,152,2,False,33,29750
CAR-01088,2024-01-23,DE,Mercedes-Benz,A-Class,Diesel,Manual,Independent dealer,2,37487,159,2,True,52,21290
CAR-03791,2024-01-23,DE,Audi,A3,Petrol,Manual,Private,12,179060,186,4,True,11,4900
CAR-02465,2024-01-23,DE,Volkswagen,ID.4,Hybrid,Automatic,Independent dealer,4,81952,185,1,True,55,22960
CAR-02671,2024-01-23,DE,Mercedes-Benz,C-Class,Diesel,Automatic,Independent dealer,5,95903,70,2,True,23,14220
CAR-02663,2024-01-24,DE,Audi,e-tron,Electric,Automatic,Private,2,60619,227,1,True,16,39260
CAR-03621,2024-01-24,DE,Audi,A3,Diesel,Manual,Private,3,58769,73,1,True,4,16200
CAR-01455,2024-01-24,DE,BMW,5 Series,Diesel,Automatic,Independent dealer,6,131223,161,3,True,47,11030
CAR-01498,2024-01-24,DE,Audi,A3,Diesel,Automatic,Independent dealer,5,87189,167,3,True,72,10570
CAR-01016,2024-01-25,DE,Volkswagen,ID.4,Hybrid,Automatic,Independent dealer,10,169344,165,4,True,23,5030
CAR-00824,2024-01-25,NL,Volkswagen,ID.3,Electric,Automatic,Independent dealer,2,27072,147,1,True,43,25220
CAR-04022,2024-01-25,DE,Audi,e-tron,Diesel,Automatic,Franchise dealer,9,147679,217,4,True,45,7330
CAR-04316,2024-01-25,DE,Skoda,Karoq,Diesel,Automatic,Franchise dealer,3,69770,152,2,True,36,16800
CAR-00704,2024-01-25,DE,Audi,Q3,Hybrid,Manual,Franchise dealer,8,167662,99,4,True,34,5580
CAR-01717,2024-01-25,AT,Volkswagen,Tiguan,Electric,Automatic,Franchise dealer,7,144670,128,3,True,14,8280
CAR-02354,2024-01-25,DE,Mercedes-Benz,E-Class,Electric,Manual,Independent dealer,6,130458,103,2,True,38,12990
CAR-02305,2024-01-26,DE,Audi,A4,Diesel,Automatic,Franchise dealer,4,72420,107,3,True,35,19830
CAR-04475,2024-01-26,DE,Volkswagen,ID.3,Petrol,Automatic,Franchise dealer,3,51436,111,1,True,50,21920
CAR-02835,2024-01-26,DE,Volkswagen,Passat,Diesel,Automatic,Franchise dealer,7,86860,84,2,True,35,8390
CAR-02791,2024-01-26,DE,BMW,X3,Diesel,Automatic,Franchise dealer,6,86386,180,2,True,7,15500
CAR-03054,2024-01-26,DE,Volkswagen,Passat,Diesel,Manual,Franchise dealer,4,72440,126,3,True,24,14920
CAR-00068,2024-01-26,DE,BMW,5 Series,Diesel,Automatic,Independent dealer,1,23672,161,1,True,17,52540
CAR-04767,2024-01-26,DE,Mercedes-Benz,A-Class,Hybrid,Automatic,Franchise dealer,8,129565,206,4,True,16,7370
CAR-04416,2024-01-26,DE,Mercedes-Benz,EQE,Diesel,Automatic,Private,3,79828,93,1,True,27,29680
CAR-02781,2024-01-26,DE,BMW,3 Series,Hybrid,Automatic,Private,3,38077,120,1,True,40,24930
CAR-04951,2024-01-27,DE,Volkswagen,Tiguan,Electric,Automatic,Private,6,81312,130,2,True,11,11190
CAR-00482,2024-01-27,AT,Mercedes-Benz,EQE,Hybrid,Manual,Franchise dealer,2,33567,136,1,True,64,45040
CAR-00268,2024-01-27,DE,BMW,5 Series,Hybrid,Automatic,Independent dealer,2,43299,70,1,True,43,38350
CAR-03733,2024-01-27,AT,Mercedes-Benz,E-Class,Diesel,Automatic,Private,6,113730,85,1,True,53,12530
CAR-00995,2024-01-27,AT,Mercedes-Benz,C-Class,Diesel,Automatic,Franchise dealer,11,190229,140,4,True,11,5690
CAR-00003,2024-01-28,DE,Volkswagen,ID.3,Diesel,Manual,Independent dealer,2,48420,182,1,True,26,24640
CAR-01842,2024-01-28,DE,BMW,X3,Diesel,Manual,Franchise dealer,4,65997,188,1,False,24,20030
CAR-02288,2024-01-28,AT,BMW,5 Series,Diesel,Manual,Franchise dealer,1,24439,148,1,True,50,46490
CAR-00504,2024-01-28,DE,Mercedes-Benz,C-Class,Petrol,Automatic,Franchise dealer,11,184133,262,5,True,68,5840
CAR-01278,2024-01-28,DE,Skoda,Octavia,Diesel,Automatic,Franchise dealer,4,93842,100,1,True,49,10120
CAR-02589,2024-01-28,DE,Audi,A3,Petrol,Manual,Private,3,86286,149,2,True,60,16400
CAR-02553,2024-01-28,DE,Skoda,Superb,Hybrid,Automatic,Franchise dealer,3,53714,82,2,True,31,21010
CAR-03797,2024-01-28,DE,Volkswagen,ID.3,Diesel,Manual,Independent dealer,2,48590,123,2,True,35,19660
CAR-03366,2024-01-29,DE,Volkswagen,Golf,Petrol,Manual,Private,0,8878,85,1,True,109,24950
CAR-03662,2024-01-29,DE,Skoda,Karoq,Petrol,Manual,Independent dealer,4,64568,139,1,True,64,13310
CAR-03150,2024-01-29,DE,BMW,5 Series,Petrol,Automatic,Franchise dealer,6,149149,117,2,True,12,12180
CAR-02923,2024-01-29,DE,Volkswagen,ID.3,Electric,Manual,Franchise dealer,4,83823,198,1,True,39,15360
CAR-04280,2024-01-29,DE,BMW,X3,Diesel,Automatic,Franchise dealer,4,94051,133,2,True,7,21030
CAR-00280,2024-01-29,DE,BMW,X3,Electric,Automatic,Independent dealer,1,19387,107,1,True,7,52900
CAR-03133,2024-01-29,DE,BMW,X1,Diesel,Automatic,Independent dealer,6,137916,80,2,True,48,7730
CAR-01935,2024-01-30,AT,BMW,5 Series,Petrol,Automatic,Independent dealer,1,37793,120,1,True,24,43640
CAR-01342,2024-01-30,DE,Mercedes-Benz,E-Class,Petrol,Manual,Independent dealer,4,103219,132,2,True,32,19860
CAR-02404,2024-01-30,DE,Volkswagen,Passat,Petrol,Automatic,Independent dealer,4,103399,106,1,True,20,13240
CAR-00768,2024-01-30,AT,BMW,5 Series,Diesel,Automatic,Independent dealer,6,118610,164,3,True,82,12700
CAR-02928,2024-01-30,DE,Audi,A3,Petrol,Automatic,Private,4,73693,156,2,True,33,14280
CAR-04360,2024-01-31,DE,Audi,Q3,Diesel,Automatic,Franchise dealer,4,95143,105,2,False,22,11250
CAR-02814,2024-01-31,DE,BMW,3 Series,Petrol,Automatic,Independent dealer,2,58546,81,1,True,22,24910
CAR-01542,2024-02-01,DE,Audi,A3,Diesel,Manual,Franchise dealer,2,45330,70,2,True,40,17820
CAR-03528,2024-02-01,DE,Volkswagen,ID.3,Petrol,Automatic,Franchise dealer,4,82671,126,2,True,35,15310
CAR-02558,2024-02-01,DE,Mercedes-Benz,E-Class,Electric,Manual,Independent dealer,5,136687,71,2,True,78,14660
CAR-03623,2024-02-01,DE,Volkswagen,Passat,Electric,Manual,Franchise dealer,13,231480,150,5,True,25,6140
CAR-03728,2024-02-01,DE,Volkswagen,Tiguan,Diesel,Automatic,Independent dealer,4,75269,197,2,True,22,15370
CAR-03325,2024-02-01,DE,Volkswagen,Golf,Diesel,Automatic,Private,2,34252,159,2,True,27,21270
CAR-00084,2024-02-01,DE,BMW,3 Series,Petrol,Automatic,Franchise dealer,6,88360,166,2,True,75,12500
CAR-00192,2024-02-01,DE,BMW,3 Series,Petrol,Automatic,Franchise dealer,3,62091,102,1,True,33,23060
CAR-02985,2024-02-02,DE,Audi,e-tron,Diesel,Automatic,Franchise dealer,13,271155,166,5,True,39,5400
CAR-03752,2024-02-02,DE,Mercedes-Benz,EQE,Petrol,Automatic,Franchise dealer,4,82701,168,3,True,2,30640
CAR-00099,2024-02-02,DE,Skoda,Enyaq,Petrol,Automatic,Franchise dealer,4,71664,101,3,True,148,17140
CAR-01486,2024-02-02,DE,Skoda,Superb,Hybrid,Automatic,Private,4,77051,164,2,True,8,15880
CAR-04497,2024-02-03,DE,Mercedes-Benz,GLA,Petrol,Manual,Independent dealer,4,67770,127,2,True,57,18080
CAR-03680,2024-02-03,DE,Volkswagen,ID.3,Petrol,Manual,Private,6,48247,133,2,True,93,11740
CAR-00357,2024-02-03,DE,Volkswagen,Tiguan,Hybrid,Automatic,Franchise dealer,11,269434,194,4,True,67,5580
CAR-03768,2024-02-03,DE,Volkswagen,ID.3,Diesel,Automatic,Independent dealer,1,9862,118,1,True,88,37260
CAR-03433,2024-02-03,DE,Audi,Q5,Diesel,Automatic,Franchise dealer,2,44588,219,2,True,80,41350
CAR-03521,2024-02-03,DE,Skoda,Octavia,Petrol,Automatic,Independent dealer,2,54281,113,1,True,95,20640
CAR-02421,2024-02-03,DE,BMW,3 Series,Petrol,Automatic,Franchise dealer,5,91897,88,2,False,56,11290
CAR-03910,2024-02-03,DE,Mercedes-Benz,A-Class,Hybrid,Automatic,Independent dealer,5,118542,123,3,True,63,10500
CAR-04015,2024-02-03,DE,Mercedes-Benz,A-Class,Petrol,Automatic,Independent dealer,7,146970,157,3,True,37,6600
CAR-00777,2024-02-03,DE,BMW,X1,Petrol,Automatic,Franchise dealer,2,37664,153,1,True,77,31420
CAR-03495,2024-02-04,AT,Volkswagen,Tiguan,Electric,Automatic,Franchise dealer,7,109100,241,2,True,62,11350
CAR-01973,2024-02-05,DE,Audi,A3,Electric,Automatic,Independent dealer,10,199047,154,4,True,17,5420
CAR-03427,2024-02-05,AT,Skoda,Kodiaq,Petrol,Automatic,Franchise dealer,9,128854,113,4,True,86,6220
CAR-00111,2024-02-05,DE,BMW,5 Series,Petrol,Manual,Franchise dealer,3,65051,142,2,True,33,27140
CAR-02560,2024-02-05,NL,Volkswagen,Passat,Hybrid,Automatic,Franchise dealer,2,43021,137,1,True,14,34140
CAR-03371,2024-02-05,AT,BMW,5 Series,Petrol,Automatic,Franchise dealer,1,20466,146,1,False,53,44700
CAR-04389,2024-02-05,DE,Mercedes-Benz,GLA,Petrol,Manual,Private,9,177712,203,5,True,82,5650
CAR-02674,2024-02-06,DE,Mercedes-Benz,E-Class,Diesel,Manual,Franchise dealer,8,139614,131,3,False,13,7810
CAR-03948,2024-02-06,AT,Skoda,Superb,Petrol,Manual,Independent dealer,12,244123,160,5,True,24,5610
CAR-01578,2024-02-06,DE,Skoda,Enyaq,Petrol,Automatic,Private,6,121113,116,3,True,50,8690
CAR-02023,2024-02-06,DE,Audi,Q5,Petrol,Automatic,Franchise dealer,10,122930,70,2,True,74,7370
CAR-02269,2024-02-06,DE,Skoda,Superb,Diesel,Automatic,Independent dealer,5,101243,153,3,True,54,10760
CAR-02777,2024-02-07,DE,Mercedes-Benz,EQE,Electric,Automatic,Franchise dealer,2,64724,95,1,False,108,37740
CAR-00232,2024-02-07,DE,Skoda,Octavia,Diesel,Automatic,Independent dealer,6,123503,127,2,True,48,6760
CAR-01815,2024-02-07,DE,Mercedes-Benz,GLA,Petrol,Automatic,Franchise dealer,2,33479,167,2,True,17,32570
CAR-02395,2024-02-07,DE,Skoda,Octavia,Diesel,Automatic,Independent dealer,6,80882,157,1,True,19,9010
CAR-01710,2024-02-07,NL,Volkswagen,ID.3,Hybrid,Automatic,Franchise dealer,8,89668,138,2,True,63,9040
CAR-03808,2024-02-07,DE,Skoda,Octavia,Petrol,Manual,Franchise dealer,4,79397,129,2,True,41,11330
CAR-03501,2024-02-07,DE,Mercedes-Benz,A-Class,Diesel,Automatic,Private,5,107663,209,2,True,31,10470
CAR-01902,2024-02-07,DE,Volkswagen,Passat,Petrol,Automatic,Private,12,216963,173,4,True,37,5790
CAR-04585,2024-02-08,DE,Volkswagen,ID.4,Petrol,Automatic,Private,3,79437,103,1,True,22,20410
CAR-03400,2024-02-08,DE,BMW,i4,Petrol,Automatic,Independent dealer,4,55858,114,3,True,24,25650
CAR-03044,2024-02-08,DE,Volkswagen,Passat,Electric,Automatic,Franchise dealer,4,94189,186,3,True,46,16660
CAR-00242,2024-02-09,DE,Audi,Q3,Electric,Automatic,Independent dealer,5,93818,157,2,True,69,16720
CAR-03001,2024-02-09,DE,Mercedes-Benz,EQE,Electric,Automatic,Independent dealer,8,123260,115,4,False,25,9030
CAR-04697,2024-02-09,DE,Mercedes-Benz,C-Class,Hybrid,Automatic,Independent dealer,10,173103,176,3,True,23,5750
CAR-02491,2024-02-09,DE,Audi,A3,Diesel,Manual,Franchise dealer,4,41814,111,2,True,11,16990
CAR-03898,2024-02-09,DE,BMW,i4,Electric,Automatic,Independent dealer,8,147925,177,5,True,3,8640
CAR-03518,2024-02-10,DE,Mercedes-Benz,EQE,Diesel,Automatic,Franchise dealer,2,57935,70,2,True,74,39770
CAR-01160,2024-02-10,DE,BMW,X1,Diesel,Automatic,Franchise dealer,7,145251,90,3,False,61,5410
CAR-01078,2024-02-10,DE,Volkswagen,ID.3,Petrol,Manual,Independent dealer,2,42648,113,1,True,16,20550
CAR-02741,2024-02-10,DE,Volkswagen,ID.4,Diesel,Automatic,Franchise dealer,5,107660,161,2,True,66,12380
CAR-04494,2024-02-10,DE,Audi,A3,Petrol,Automatic,Private,3,43551,173,3,True,83,20840
CAR-02339,2024-02-10,NL,BMW,X3,Petrol,Automatic,Independent dealer,4,68733,170,1,True,37,23270
CAR-03337,2024-02-11,AT,Skoda,Octavia,Diesel,Automatic,Franchise dealer,4,97887,146,1,True,51,10360
CAR-00386,2024-02-11,DE,Volkswagen,Golf,Petrol,Manual,Independent dealer,12,215799,145,5,True,38,5610
CAR-03881,2024-02-11,DE,Skoda,Kodiaq,Petrol,Automatic,Independent dealer,3,59678,147,1,True,14,26420
CAR-03256,2024-02-11,AT,BMW,5 Series,Electric,Automatic,Franchise dealer,2,40002,140,3,True,31,41090
CAR-01226,2024-02-12,DE,Mercedes-Benz,EQE,Electric,Manual,Franchise dealer,7,115836,175,4,True,94,13570
CAR-02088,2024-02-12,AT,Volkswagen,ID.3,Petrol,Automatic,Independent dealer,13,284732,145,5,True,23,5150
CAR-02481,2024-02-12,DE,Audi,Q5,Electric,Automatic,Independent dealer,1,24437,185,1,True,56,59370
CAR-02412,2024-02-12,DE,Audi,A4,Electric,Manual,Private,2,45203,202,1,True,43,27420
CAR-00384,2024-02-12,DE,Audi,Q5,Electric,Automatic,Franchise dealer,2,45004,157,1,True,58,40910
CAR-03129,2024-02-12,DE,Skoda,Karoq,Hybrid,Automatic,Franchise dealer,3,66492,85,1,True,16,17100
CAR-01018,2024-02-13,DE,BMW,3 Series,Diesel,Manual,Independent dealer,4,84353,142,3,True,69,15680
CAR-02542,2024-02-13,DE,Audi,A3,Petrol,Automatic,Franchise dealer,10,177752,152,4,False,35,5390
CAR-01291,2024-02-13,DE,Volkswagen,Passat,Hybrid,Automatic,Independent dealer,2,40207,180,2,True,42,28530
CAR-04937,2024-02-13,NL,Volkswagen,ID.3,Diesel,Automatic,Independent dealer,9,86005,164,3,False,66,5330
CAR-00501,2024-02-13,DE,Skoda,Karoq,Petrol,Automatic,Private,5,108962,81,3,True,70,8230
CAR-02073,2024-02-14,DE,Skoda,Enyaq,Petrol,Automatic,Franchise dealer,5,65934,178,1,True,67,22480
CAR-02230,2024-02-14,DE,Audi,A3,Hybrid,Automatic,Independent dealer,1,32970,168,1,True,40,31970
CAR-02137,2024-02-14,DE,Volkswagen,Passat,Diesel,Automatic,Franchise dealer,2,59905,160,2,True,43,27200
CAR-04997,2024-02-14,DE,Mercedes-Benz,GLA,Diesel,Automatic,Independent dealer,4,95423,145,2,True,27,16180
CAR-03775,2024-02-15,DE,Mercedes-Benz,C-Class,Hybrid,Automatic,Independent dealer,3,60241,70,1,True,86,25970
CAR-02735,2024-02-15,DE,Mercedes-Benz,C-Class,Petrol,Automatic,Franchise dealer,2,51290,226,2,True,30,37070
CAR-02190,2024-02-15,AT,BMW,X3,Hybrid,Automatic,Private,2,47882,106,1,True,94,34950
CAR-04050,2024-02-15,DE,Skoda,Superb,Electric,Automatic,Independent dealer,2,40082,159,2,True,84,33790
CAR-03170,2024-02-15,DE,Skoda,Kodiaq,Diesel,Manual,Independent dealer,4,32219,154,1,True,3,21530
CAR-01890,2024-02-15,NL,Audi,Q3,Diesel,Automatic,Franchise dealer,5,115392,167,3,True,19,11410
CAR-04873,2024-02-15,DE,Mercedes-Benz,A-Class,Petrol,Automatic,Franchise dealer,8,129832,70,3,True,9,5410
CAR-01126,2024-02-16,DE,Mercedes-Benz,C-Class,Hybrid,Automatic,Franchise dealer,6,126931,141,5,True,100,11620
CAR-04253,2024-02-16,AT,Mercedes-Benz,C-Class,Diesel,Automatic,Private,1,34602,147,1,True,27,35450
CAR-04418,2024-02-16,DE,BMW,5 Series,Hybrid,Automatic,Franchise dealer,3,48850,190,2,True,50,35470
CAR-03542,2024-02-16,DE,Skoda,Octavia,Petrol,Automatic,Franchise dealer,5,86983,88,2,True,30,9250
CAR-01933,2024-02-17,DE,Volkswagen,ID.3,Hybrid,Automatic,Private,2,19613,133,1,True,35,31270
CAR-01598,2024-02-17,DE,Volkswagen,Tiguan,Diesel,Automatic,Independent dealer,3,61743,111,1,True,51,22120
CAR-00485,2024-02-17,AT,Audi,A4,Hybrid,Manual,Franchise dealer,6,93993,168,3,True,11,15590
CAR-03009,2024-02-17,DE,Volkswagen,ID.3,Diesel,Manual,Private,2,41885,177,2,True,21,23720
CAR-01537,2024-02-17,DE,Volkswagen,Passat,Hybrid,Automatic,Franchise dealer,4,86706,112,3,True,38,14610
CAR-04712,2024-02-18,DE,Volkswagen,ID.4,Hybrid,Automatic,Independent dealer,5,89307,173,3,True,12,16810
CAR-02693,2024-02-18,DE,Skoda,Enyaq,Petrol,Manual,Franchise dealer,3,60577,177,4,True,33,27870
CAR-00037,2024-02-18,DE,Mercedes-Benz,GLA,Diesel,Automatic,Private,4,32275,132,2,True,29,19230
CAR-00783,2024-02-18,DE,Volkswagen,Passat,Petrol,Manual,Independent dealer,7,96711,95,2,True,92,8830
CAR-04319,2024-02-18,DE,Audi,A3,Petrol,Manual,Franchise dealer,6,69453,116,3,True,10,9580
CAR-01045,2024-02-18,DE,Audi,Q3,Diesel,Automatic,Private,7,110220,170,3,True,20,8660
CAR-01041,2024-02-18,DE,Volkswagen,Tiguan,Petrol,Automatic,Independent dealer,4,85642,215,1,True,69,18120
CAR-03067,2024-02-18,DE,BMW,3 Series,Diesel,Automatic,Independent dealer,5,92911,162,2,True,57,12400
CAR-02827,2024-02-18,DE,BMW,i4,Petrol,Automatic,Private,3,63182,213,3,True,13,33260
CAR-04115,2024-02-19,DE,Audi,A3,Electric,Automatic,Independent dealer,4,76830,186,2,True,58,17970
CAR-01134,2024-02-19,DE,Skoda,Enyaq,Diesel,Manual,Franchise dealer,7,96647,139,3,True,23,9590
CAR-02510,2024-02-19,DE,Mercedes-Benz,E-Class,Electric,Automatic,Franchise dealer,5,107678,100,2,True,23,17640
CAR-00747,2024-02-19,DE,Mercedes-Benz,E-Class,Electric,Manual,Private,1,36790,107,1,True,27,42380
CAR-02212,2024-02-19,DE,Skoda,Superb,Electric,Automatic,Franchise dealer,4,108997,186,1,True,44,17250
CAR-02955,2024-02-19,DE,Audi,Q3,Petrol,Automatic,Franchise dealer,2,31214,198,3,True,12,32500
CAR-02103,2024-02-19,DE,Skoda,Karoq,Petrol,Automatic,Private,4,91528,168,3,True,64,12440
CAR-00592,2024-02-20,DE,Audi,A4,Hybrid,Manual,Independent dealer,4,74934,138,2,True,2,17170
CAR-01320,2024-02-20,DE,Mercedes-Benz,GLA,Electric,Manual,Franchise dealer,1,30527,167,2,True,32,36710
CAR-03335,2024-02-20,DE,Audi,Q3,Petrol,Automatic,Private,7,99276,123,4,True,24,7840
CAR-01351,2024-02-20,DE,Volkswagen,ID.4,Petrol,Automatic,Franchise dealer,9,183810,93,4,True,70,5380
CAR-02162,2024-02-20,DE,Audi,A3,Electric,Manual,Independent dealer,2,42636,121,1,True,25,26060
CAR-02203,2024-02-20,DE,BMW,3 Series,Petrol,Automatic,Franchise dealer,8,162399,111,4,True,23,5890
CAR-01856,2024-02-21,DE,Audi,Q5,Hybrid,Automatic,Franchise dealer,5,110985,88,4,True,43,17010
CAR-04670,2024-02-21,DE,BMW,i4,Diesel,Automatic,Independent dealer,5,109079,99,1,True,31,15070
CAR-04361,2024-02-21,DE,Mercedes-Benz,C-Class,Petrol,Automatic,Private,3,71607,70,4,True,48,19020
CAR-02113,2024-02-21,DE,Volkswagen,Golf,Petrol,Automatic,Franchise dealer,9,159933,90,5,True,77,5310
CAR-04600,2024-02-21,AT,Volkswagen,Passat,Hybrid,Automatic,Independent dealer,5,84715,148,3,True,26,15960
CAR-03059,2024-02-21,NL,Audi,A3,Petrol,Manual,Franchise dealer,1,30788,167,1,True,45,32620
CAR-02402,2024-02-21,DE,Volkswagen,Tiguan,Petrol,Automatic,Independent dealer,6,129583,122,3,True,23,10280
CAR-00703,2024-02-21,DE,Skoda,Kodiaq,Hybrid,Manual,Independent dealer,6,108308,93,3,True,45,9150
CAR-04091,2024-02-22,DE,Volkswagen,ID.4,Diesel,Automatic,Franchise dealer,3,24816,149,2,True,42,31030
CAR-02595,2024-02-22,DE,Skoda,Kodiaq,Petrol,Automatic,Private,1,32398,225,1,False,63,31670
CAR-01453,2024-02-22,AT,Skoda,Kodiaq,Electric,Automatic,Independent dealer,0,3223,149,1,True,18,53610
CAR-02699,2024-02-22,DE,Skoda,Kodiaq,Petrol,Automatic,Independent dealer,13,287732,185,4,True,27,5860
CAR-02041,2024-02-22,DE,Volkswagen,ID.4,Petrol,Automatic,Franchise dealer,2,35199,122,2,True,99,31400
CAR-04981,2024-02-22,DE,Audi,e-tron,Diesel,Automatic,Franchise dealer,5,104192,186,2,True,44,20480
CAR-00863,2024-02-22,NL,Mercedes-Benz,E-Class,Diesel,Automatic,Independent dealer,6,116988,163,2,False,15,13440
CAR-00072,2024-02-22,DE,Skoda,Superb,Petrol,Manual,Franchise dealer,4,71941,137,3,True,62,16730
CAR-02002,2024-02-22,DE,Skoda,Octavia,Diesel,Automatic,Independent dealer,9,198687,74,3,True,6,5110
CAR-00105,2024-02-23,DE,Volkswagen,Tiguan,Petrol,Automatic,Private,12,234398,134,4,True,10,5670
CAR-03630,2024-02-23,DE,BMW,5 Series,Diesel,Automatic,Franchise dealer,7,117400,191,4,True,13,14120
CAR-01692,2024-02-23,DE,Audi,Q5,Electric,Automatic,Private,7,123712,130,3,False,13,9510
CAR-01516,2024-02-23,DE,BMW,X1,Electric,Automatic,Franchise dealer,1,30321,148,1,True,14,44600
CAR-01897,2024-02-23,DE,Audi,A4,Diesel,Automatic,Independent dealer,1,24422,153,1,True,18,30320
CAR-00254,2024-02-23,DE,Audi,A3,Electric,Automatic,Franchise dealer,6,115514,113,2,True,119,10470
CAR-04756,2024-02-23,DE,Audi,Q3,Electric,Automatic,Independent dealer,7,102029,70,3,True,47,7770
CAR-01930,2024-02-23,DE,Volkswagen,Passat,Electric,Automatic,Independent dealer,3,47903,139,2,True,61,26270
CAR-03493,2024-02-23,AT,Volkswagen,ID.3,Diesel,Automatic,Franchise dealer,4,78142,226,1,True,27,17880
CAR-04006,2024-02-24,DE,Mercedes-Benz,A-Class,Electric,Automatic,Independent dealer,2,45747,82,1,True,17,21360
CAR-02039,2024-02-24,DE,Volkswagen,ID.4,Petrol,Automatic,Franchise dealer,1,37960,202,2,True,57,45650
CAR-04953,2024-02-24,DE,Skoda,Karoq,Diesel,Automatic,Independent dealer,8,112132,177,4,True,22,6410
CAR-01323,2024-02-24,DE,Volkswagen,Golf,Hybrid,Manual,Private,7,123983,109,3,True,19,5900
CAR-00266,2024-02-24,DE,Audi,A4,Petrol,Automatic,Independent dealer,4,72529,175,2,True,17,20110
CAR-00681,2024-02-25,DE,BMW,5 Series,Hybrid,Automatic,Private,1,31249,148,1,True,92,53220
CAR-01093,2024-02-25,DE,Audi,e-tron,Petrol,Automatic,Franchise dealer,6,101350,191,3,True,22,18920
CAR-00296,2024-02-25,DE,Skoda,Karoq,Petrol,Automatic,Independent dealer,13,212357,204,5,True,150,5210
CAR-01274,2024-02-25,DE,BMW,3 Series,Petrol,Automatic,Franchise dealer,2,10109,87,1,True,12,30390
CAR-03830,2024-02-25,DE,Mercedes-Benz,EQE,Diesel,Automatic,Franchise dealer,2,50068,108,1,True,44,45060
CAR-00789,2024-02-26,DE,Volkswagen,Tiguan,Diesel,Automatic,Franchise dealer,6,88610,128,2,False,100,10700
CAR-00740,2024-02-26,DE,BMW,X1,Hybrid,Manual,Independent dealer,11,171716,70,4,True,93,5500
CAR-00476,2024-02-26,DE,Mercedes-Benz,GLA,Diesel,Automatic,Franchise dealer,2,42092,92,1,True,28,31090
CAR-00631,2024-02-26,DE,Volkswagen,Passat,Diesel,Automatic,Franchise dealer,6,71384,140,2,True,10,12160
CAR-02197,2024-02-26,NL,Mercedes-Benz,GLA,Diesel,Automatic,Private,3,64761,162,2,True,58,23940
CAR-01898,2024-02-26,DE,BMW,X3,Diesel,Automatic,Independent dealer,11,162897,164,5,True,43,5230
CAR-04619,2024-02-27,AT,Mercedes-Benz,C-Class,Hybrid,Automatic,Private,3,51272,134,2,True,89,33190
CAR-04667,2024-02-27,DE,Audi,Q5,Diesel,Automatic,Franchise dealer,6,139626,85,2,True,40,10480
CAR-01957,2024-02-27,DE,BMW,3 Series,Diesel,Automatic,Franchise dealer,2,35968,245,3,True,46,37290
CAR-04010,2024-02-27,DE,Audi,Q5,Diesel,Manual,Independent dealer,4,85238,148,2,True,2,22310
CAR-00526,2024-02-27,DE,Skoda,Enyaq,Electric,Automatic,Franchise dealer,3,45117,199,2,True,20,32680
CAR-00181,2024-02-27,DE,Skoda,Karoq,Hybrid,Automatic,Private,6,113220,110,3,False,25,6830
CAR-02435,2024-02-27,DE,Skoda,Kodiaq,Diesel,Automatic,Independent dealer,1,32405,151,1,False,65,29930
CAR-03353,2024-02-28,DE,Audi,Q3,Hybrid,Manual,Franchise dealer,2,60386,163,1,True,57,27980
CAR-02938,2024-02-28,DE,Audi,Q5,Diesel,Automatic,Independent dealer,9,103182,130,2,True,21,9050
CAR-01853,2024-02-28,DE,Volkswagen,ID.4,Diesel,Automatic,Franchise dealer,5,81246,72,2,True,7,13810
CAR-01348,2024-02-28,NL,Audi,A4,Hybrid,Manual,Franchise dealer,2,57163,120,1,True,40,26670
CAR-00032,2024-02-29,DE,Audi,e-tron,Petrol,Automatic,Private,3,81330,145,2,True,84,29610
CAR-02692,2024-02-29,DE,Skoda,Enyaq,Petrol,Automatic,Private,3,84345,202,2,True,19,24010
CAR-02476,2024-02-29,DE,BMW,3 Series,Electric,Automatic,Independent dealer,5,85339,70,2,True,69,12730
CAR-01117,2024-03-01,DE,Volkswagen,ID.3,Diesel,Automatic,Independent dealer,1,33212,194,1,True,22,31880
CAR-02796,2024-03-01,DE,Volkswagen,Golf,Hybrid,Manual,Independent dealer,3,49175,70,2,True,34,16320
CAR-00051,2024-03-01,DE,BMW,X3,Electric,Manual,Franchise dealer,1,30164,145,2,True,20,54450
CAR-00299,2024-03-01,DE,Volkswagen,Passat,Petrol,Automatic,Private,1,28835,138,1,True,3,36080
CAR-00865,2024-03-01,DE,Skoda,Kodiaq,Petrol,Manual,Independent dealer,4,67588,101,3,True,11,15790
CAR-00521,2024-03-01,AT,Audi,Q5,Electric,Automatic,Franchise dealer,3,72277,95,1,True,33,33740
CAR-00989,2024-03-01,DE,Volkswagen,ID.4,Petrol,Manual,Private,2,38832,175,1,True,50,27220
CAR-04961,2024-03-01,AT,BMW,X1,Diesel,Automatic,Independent dealer,2,26943,163,2,True,35,31680
CAR-03573,2024-03-02,DE,Mercedes-Benz,E-Class,Electric,Automatic,Independent dealer,11,175915,92,4,True,89,5470
CAR-02450,2024-03-02,DE,Volkswagen,ID.3,Petrol,Automatic,Franchise dealer,2,40965,165,1,True,42,30100
CAR-03383,2024-03-02,DE,Mercedes-Benz,A-Class,Petrol,Automatic,Franchise dealer,5,78230,196,2,True,69,15000
CAR-01336,2024-03-03,DE,BMW,5 Series,Diesel,Automatic,Independent dealer,7,132514,174,3,True,17,11370
CAR-04701,2024-03-03,DE,Mercedes-Benz,A-Class,Petrol,Automatic,Independent dealer,8,135286,183,3,True,20,5480
CAR-02807,2024-03-03,DE,Volkswagen,Tiguan,Petrol,Automatic,Independent dealer,9,187365,181,3,True,64,5830
CAR-01364,2024-03-03,DE,Mercedes-Benz,EQE,Petrol,Automatic,Franchise dealer,7,131297,138,3,True,26,14330
CAR-00260,2024-03-04,DE,BMW,3 Series,Petrol,Automatic,Independent dealer,8,162928,134,4,True,38,6480
CAR-01423,2024-03-04,DE,Audi,Q3,Petrol,Automatic,Independent dealer,3,67199,122,2,True,49,21170
CAR-03774,2024-03-04,DE,Volkswagen,ID.3,Petrol,Manual,Independent dealer,1,37637,165,1,True,11,30190
CAR-03387,2024-03-04,DE,Skoda,Enyaq,Petrol,Automatic,Independent dealer,3,60089,181,2,True,55,26120
CAR-03026,2024-03-05,NL,Audi,A4,Diesel,Manual,Franchise dealer,5,94795,184,3,False,5,11590
CAR-01014,2024-03-05,DE,Audi,Q3,Petrol,Automatic,Franchise dealer,2,46524,70,1,True,14,24230
CAR-00897,2024-03-05,DE,BMW,X1,Petrol,Automatic,Independent dealer,1,36488,152,2,False,77,27350
CAR-02573,2024-03-05,DE,Volkswagen,Tiguan,Electric,Automatic,Franchise dealer,4,92051,118,2,True,26,15010
CAR-01375,2024-03-05,AT,BMW,3 Series,Petrol,Manual,Independent dealer,2,43564,160,1,True,17,30260
CAR-04233,2024-03-06,DE,Volkswagen,Passat,Diesel,Automatic,Private,4,58472,122,2,True,67,15150
CAR-02571,2024-03-06,DE,Mercedes-Benz,E-Class,Diesel,Automatic,Independent dealer,7,114520,137,4,True,34,11490
CAR-02142,2024-03-06,DE,Volkswagen,Golf,Petrol,Automatic,Independent dealer,2,51273,172,2,True,55,20160
CAR-03837,2024-03-06,DE,BMW,5 Series,Diesel,Automatic,Private,8,162797,70,4,True,21,7210
CAR-00558,2024-03-07,DE,Mercedes-Benz,E-Class,Diesel,Automatic,Independent dealer,2,26672,105,1,True,117,44870
CAR-01481,2024-03-07,DE,BMW,X3,Electric,Automatic,Franchise dealer,6,107432,164,2,True,12,14760
CAR-00323,2024-03-07,NL,Mercedes-Benz,EQE,Petrol,Manual,Franchise dealer,6,95002,129,2,False,17,14330
CAR-00318,2024-03-08,DE,Audi,A3,Diesel,Automatic,Franchise dealer,2,40872,159,1,True,34,24730
CAR-00909,2024-03-08,DE,Audi,e-tron,Hybrid,Automatic,Private,6,118744,158,2,True,7,16240
CAR-00401,2024-03-08,DE,Skoda,Superb,Petrol,Automatic,Independent dealer,2,39348,207,2,False,12,25430
CAR-01869,2024-03-08,DE,Volkswagen,Passat,Electric,Automatic,Private,5,82229,168,2,True,27,15000
CAR-04385,2024-03-08,AT,Skoda,Karoq,Hybrid,Automatic,Franchise dealer,1,13611,214,2,True,17,44750
CAR-01360,2024-03-08,NL,Volkswagen,ID.4,Diesel,Automatic,Franchise dealer,2,39383,170,1,True,115,36510
CAR-00186,2024-03-08,DE,Audi,Q3,Hybrid,Automatic,Independent dealer,3,35892,123,2,True,20,24110
CAR-00331,2024-03-09,AT,BMW,X3,Electric,Automatic,Private,3,56552,101,2,False,113,26690
CAR-04558,2024-03-09,DE,BMW,X1,Electric,Manual,Independent dealer,2,36701,70,1,False,49,17870
CAR-01844,2024-03-09,AT,BMW,3 Series,Petrol,Automatic,Franchise dealer,3,64724,145,2,True,44,19230
CAR-04152,2024-03-09,DE,Mercedes-Benz,EQE,Diesel,Automatic,Private,4,52588,103,3,True,23,28320
CAR-02785,2024-03-09,NL,Volkswagen,Passat,Petrol,Manual,Franchise dealer,7,76371,193,3,True,17,10500
CAR-04124,2024-03-10,DE,Skoda,Octavia,Electric,Manual,Franchise dealer,4,73487,165,1,True,32,13460
CAR-01596,2024-03-10,DE,BMW,X1,Hybrid,Manual,Independent dealer,9,146242,138,2,True,19,5720
CAR-01703,2024-03-10,DE,Volkswagen,ID.4,Diesel,Automatic,Independent dealer,6,83376,112,3,True,24,11930
CAR-00610,2024-03-10,DE,Mercedes-Benz,C-Class,Hybrid,Automatic,Franchise dealer,10,159333,98,4,True,12,5290
CAR-04354,2024-03-11,DE,Skoda,Enyaq,Diesel,Automatic,Independent dealer,4,66177,161,3,True,20,18880
CAR-04455,2024-03-12,AT,Audi,A4,Petrol,Automatic,Franchise dealer,4,68889,181,1,False,71,17440
CAR-04856,2024-03-12,DE,Mercedes-Benz,C-Class,Electric,Automatic,Franchise dealer,4,69136,110,2,True,85,18960
CAR-00229,2024-03-12,DE,BMW,3 Series,Petrol,Manual,Private,4,118297,188,1,True,49,14610
CAR-00450,2024-03-12,DE,BMW,X3,Petrol,Manual,Independent dealer,6,117214,156,2,True,52,13240
CAR-04020,2024-03-12,DE,Audi,Q3,Petrol,Automatic,Private,4,71787,122,2,True,35,16660
CAR-03649,2024-03-13,DE,Skoda,Karoq,Electric,Automatic,Private,10,169800,179,5,True,16,5280
CAR-00139,2024-03-13,DE,BMW,X1,Diesel,Automatic,Franchise dealer,2,53510,184,1,True,114,29360
CAR-00775,2024-03-13,DE,Skoda,Octavia,Electric,Automatic,Independent dealer,2,53421,147,2,True,38,19790
CAR-02829,2024-03-13,DE,Volkswagen,Tiguan,Hybrid,Manual,Franchise dealer,5,119691,101,2,False,21,10350
CAR-02066,2024-03-13,DE,Mercedes-Benz,C-Class,Diesel,Automatic,Independent dealer,1,41422,177,1,False,118,31510
CAR-00916,2024-03-14,DE,BMW,X1,Petrol,Automatic,Franchise dealer,9,163749,119,4,True,35,6320
CAR-01400,2024-03-14,AT,Mercedes-Benz,C-Class,Diesel,Automatic,Private,5,79442,130,3,False,15,11190
CAR-04065,2024-03-14,NL,Volkswagen,Passat,Petrol,Automatic,Franchise dealer,5,129743,148,2,True,19,11690
CAR-02349,2024-03-14,DE,BMW,X1,Petrol,Automatic,Independent dealer,7,125718,111,2,True,36,7880
CAR-03226,2024-03-14,DE,Volkswagen,Golf,Diesel,Automatic,Independent dealer,1,16790,101,1,True,21,22120
CAR-01690,2024-03-14,DE,Volkswagen,Golf,Diesel,Automatic,Franchise dealer,6,160989,148,2,True,13,5760
CAR-02668,2024-03-14,NL,Mercedes-Benz,EQE,Hybrid,Automatic,Independent dealer,3,56868,92,1,True,12,38010
CAR-02534,2024-03-14,DE,Skoda,Octavia,Hybrid,Automatic,Independent dealer,6,103877,178,2,True,57,8900
CAR-03763,2024-03-15,DE,Audi,Q5,Electric,Automatic,Franchise dealer,4,81100,70,2,True,87,25610
CAR-02821,2024-03-15,NL,Volkswagen,Golf,Petrol,Automatic,Independent dealer,5,94708,115,2,True,22,8860
CAR-02908,2024-03-15,NL,Skoda,Superb,Diesel,Automatic,Private,2,49486,89,1,True,33,25260
CAR-02031,2024-03-15,DE,Mercedes-Benz,A-Class,Diesel,Automatic,Private,4,65980,144,2,False,6,12230
CAR-01171,2024-03-16,DE,Volkswagen,ID.4,Petrol,Automatic,Independent dealer,7,93068,107,4,True,18,8860
CAR-04408,2024-03-16,DE,Skoda,Enyaq,Diesel,Automatic,Franchise dealer,4,61083,149,3,False,90,16320
CAR-01313,2024-03-16,NL,BMW,i4,Hybrid,Automatic,Private,6,93939,163,5,True,99,16870
CAR-03901,2024-03-17,DE,Volkswagen,Tiguan,Petrol,Manual,Private,2,63305,154,2,True,104,25960
CAR-00236,2024-03-17,DE,Mercedes-Benz,EQE,Hybrid,Manual,Franchise dealer,1,40973,240,1,True,54,67380
CAR-04197,2024-03-17,DE,Skoda,Superb,Petrol,Automatic,Private,7,77764,195,3,True,35,10250
CAR-03940,2024-03-17,DE,BMW,X3,Electric,Automatic,Independent dealer,1,32746,172,1,True,58,47760
CAR-00586,2024-03-17,DE,BMW,5 Series,Petrol,Automatic,Private,8,95418,123,3,True,6,10010
CAR-02289,2024-03-17,NL,Audi,Q5,Diesel,Automatic,Independent dealer,1,26212,82,1,True,24,48990
CAR-01485,2024-03-18,AT,BMW,X3,Hybrid,Automatic,Franchise dealer,1,14921,119,2,True,54,57670
CAR-02178,2024-03-18,DE,Audi,A3,Petrol,Manual,Independent dealer,4,73658,187,1,True,67,16090
CAR-04893,2024-03-18,DE,Audi,Q5,Petrol,Automatic,Franchise dealer,5,80252,143,2,True,3,23740
CAR-02255,2024-03-18,DE,Mercedes-Benz,A-Class,Petrol,Automatic,Franchise dealer,7,149472,133,3,True,73,6640
CAR-01476,2024-03-18,DE,Mercedes-Benz,A-Class,Diesel,Manual,Franchise dealer,6,177155,186,1,True,8,7330
CAR-04056,2024-03-18,DE,Audi,Q5,Petrol,Manual,Independent dealer,4,80548,130,3,True,26,17750
CAR-03873,2024-03-18,DE,BMW,i4,Petrol,Automatic,Franchise dealer,7,105989,239,3,True,22,15220
CAR-01396,2024-03-19,DE,Mercedes-Benz,GLA,Petrol,Automatic,Private,4,72598,139,2,True,45,16170
CAR-02271,2024-03-19,DE,Volkswagen,Passat,Electric,Automatic,Franchise dealer,11,220833,142,5,True,52,5720
CAR-00557,2024-03-19,AT,Mercedes-Benz,A-Class,Diesel,Automatic,Private,8,62024,202,3,True,61,9620
CAR-03299,2024-03-19,DE,BMW,5 Series,Diesel,Automatic,Franchise dealer,7,137174,122,1,True,52,11200
CAR-00955,2024-03-19,DE,Skoda,Karoq,Petrol,Automatic,Franchise dealer,6,83039,178,3,True,7,11660
CAR-01009,2024-03-19,DE,Mercedes-Benz,EQE,Petrol,Automatic,Franchise dealer,5,52600,70,2,True,13,29170
CAR-01685,2024-03-19,DE,Audi,A4,Hybrid,Manual,Independent dealer,0,3592,169,1,True,22,61260
CAR-04349,2024-03-20,DE,Volkswagen,Passat,Petrol,Automatic,Independent dealer,7,98183,166,4,True,22,9100
CAR-01113,2024-03-20,DE,Skoda,Superb,Hybrid,Automatic,Franchise dealer,4,96902,140,3,True,52,17230
CAR-04501,2024-03-20,DE,Mercedes-Benz,E-Class,Hybrid,Automatic,Independent dealer,2,34621,147,3,True,37,46870
CAR-02736,2024-03-20,DE,BMW,5 Series,Hybrid,Automatic,Independent dealer,2,49492,120,1,True,81,39780
CAR-02123,2024-03-20,DE,BMW,X1,Electric,Automatic,Independent dealer,5,72905,194,2,True,62,13870
CAR-02563,2024-03-21,DE,Mercedes-Benz,C-Class,Petrol,Automatic,Franchise dealer,6,82769,145,1,True,36,14330
CAR-01395,2024-03-21,DE,BMW,i4,Diesel,Automatic,Franchise dealer,10,237593,70,3,True,60,5740
CAR-00665,2024-03-21,NL,Volkswagen,Passat,Petrol,Automatic,Private,2,52094,212,2,True,41,24600
CAR-02742,2024-03-21,DE,BMW,5 Series,Electric,Automatic,Independent dealer,5,103227,104,3,True,32,17940
CAR-03094,2024-03-21,AT,Mercedes-Benz,A-Class,Petrol,Automatic,Private,3,65345,214,1,True,40,21040
CAR-00899,2024-03-21,DE,Mercedes-Benz,E-Class,Electric,Automatic,Private,5,117225,76,2,True,11,15500
CAR-00971,2024-03-21,DE,BMW,i4,Petrol,Manual,Independent dealer,8,131988,153,3,True,65,9990
CAR-00162,2024-03-22,NL,Audi,Q3,Diesel,Automatic,Private,2,15777,139,2,True,65,25140
CAR-00711,2024-03-22,DE,Volkswagen,ID.4,Diesel,Automatic,Franchise dealer,0,19513,146,1,True,5,47880
CAR-00880,2024-03-22,DE,Audi,A3,Hybrid,Automatic,Franchise dealer,1,35976,160,1,True,29,33760
CAR-03893,2024-03-22,NL,Mercedes-Benz,GLA,Diesel,Manual,Independent dealer,6,85459,201,3,True,23,12630
CAR-01085,2024-03-22,DE,Volkswagen,Tiguan,Diesel,Manual,Franchise dealer,8,160505,223,2,True,64,5830
CAR-00943,2024-03-22,DE,Audi,A3,Diesel,Automatic,Independent dealer,13,133666,188,4,True,39,5550
CAR-03377,2024-03-22,DE,Skoda,Karoq,Petrol,Manual,Independent dealer,13,211066,189,5,True,32,6030
CAR-04914,2024-03-23,DE,Audi,Q5,Electric,Automatic,Franchise dealer,3,69466,165,2,True,81,33680
CAR-02352,2024-03-23,DE,Audi,Q3,Diesel,Manual,Independent dealer,9,164590,159,4,False,33,5190
CAR-01720,2024-03-23,DE,BMW,X1,Diesel,Manual,Private,1,34504,132,2,True,45,29210
CAR-03079,2024-03-23,NL,Audi,Q5,Diesel,Automatic,Independent dealer,3,46896,156,1,False,177,29910
CAR-02934,2024-03-23,DE,Volkswagen,ID.4,Hybrid,Manual,Franchise dealer,6,81544,183,4,True,59,14910
CAR-02472,2024-03-23,NL,Volkswagen,ID.3,Hybrid,Automatic,Franchise dealer,2,47865,202,1,True,65,31430
CAR-03749,2024-03-24,DE,BMW,5 Series,Petrol,Automatic,Independent dealer,10,118449,164,4,True,116,6960
CAR-01519,2024-03-24,DE,BMW,3 Series,Petrol,Automatic,Independent dealer,7,111587,154,4,True,65,8810
CAR-04412,2024-03-24,DE,Volkswagen,ID.3,Electric,Automatic,Independent dealer,4,81670,125,2,True,23,17260
CAR-04130,2024-03-24,DE,Volkswagen,Golf,Petrol,Automatic,Private,3,63325,130,2,True,8,13580
CAR-00912,2024-03-24,DE,Skoda,Octavia,Petrol,Manual,Independent dealer,4,88556,184,2,False,54,10820
CAR-00094,2024-03-25,DE,Audi,e-tron,Electric,Automatic,Franchise dealer,2,46978,159,1,True,30,53420
CAR-03390,2024-03-25,DE,BMW,3 Series,Petrol,Automatic,Independent dealer,5,89907,121,3,True,33,14130
CAR-03472,2024-03-25,DE,Mercedes-Benz,A-Class,Diesel,Automatic,Private,4,76253,120,2,True,38,13250
CAR-02318,2024-03-25,DE,Mercedes-Benz,C-Class,Hybrid,Automatic,Franchise dealer,5,111891,127,4,True,61,14440
CAR-02022,2024-03-25,DE,BMW,i4,Hybrid,Automatic,Independent dealer,8,176515,231,3,True,60,8410
CAR-01209,2024-03-25,DE,Audi,Q3,Diesel,Automatic,Franchise dealer,12,264166,177,5,True,96,5770
CAR-02277,2024-03-25,DE,BMW,3 Series,Diesel,Automatic,Franchise dealer,4,67821,146,1,False,22,15030
CAR-04792,2024-03-26,DE,Audi,Q3,Hybrid,Manual,Franchise dealer,13,232959,237,5,False,9,5240
CAR-02068,2024-03-26,DE,Audi,e-tron,Diesel,Automatic,Private,1,32787,106,1,True,45,46540
CAR-03467,2024-03-26,DE,Audi,Q5,Electric,Manual,Franchise dealer,5,95476,132,2,True,70,19500
CAR-02434,2024-03-26,DE,Volkswagen,Passat,Diesel,Manual,Independent dealer,4,68761,105,2,True,35,12880
CAR-04118,2024-03-26,DE,Audi,A4,Petrol,Automatic,Franchise dealer,9,136355,114,2,True,90,5640
CAR-02244,2024-03-27,DE,Audi,A3,Petrol,Automatic,Franchise dealer,6,125295,163,1,True,8,8410
CAR-03060,2024-03-27,DE,Mercedes-Benz,C-Class,Petrol,Manual,Private,3,49227,125,1,True,9,23560
CAR-02067,2024-03-28,AT,Skoda,Octavia,Electric,Automatic,Independent dealer,5,72388,164,3,True,33,11880
CAR-04974,2024-03-28,DE,Mercedes-Benz,EQE,Petrol,Automatic,Franchise dealer,0,13787,140,1,True,125,72720
CAR-00859,2024-03-28,DE,Mercedes-Benz,GLA,Diesel,Automatic,Franchise dealer,7,91750,146,3,True,30,9560
CAR-04875,2024-03-28,DE,Mercedes-Benz,C-Class,Hybrid,Automatic,Independent dealer,3,51880,159,2,True,33,28230
CAR-04571,2024-03-28,NL,Skoda,Enyaq,Diesel,Manual,Independent dealer,2,44873,165,2,True,67,32870
CAR-04752,2024-03-29,DE,Audi,A3,Petrol,Automatic,Private,4,77969,123,2,True,23,13080
CAR-00541,2024-03-29,DE,Mercedes-Benz,EQE,Petrol,Manual,Independent dealer,4,97935,80,2,True,43,18970
CAR-01567,2024-03-29,DE,BMW,i4,Petrol,Automatic,Franchise dealer,3,60328,209,2,True,29,32520
CAR-03907,2024-03-29,DE,Skoda,Kodiaq,Petrol,Automatic,Private,6,100609,70,3,True,47,9930
CAR-03689,2024-03-30,DE,Audi,Q5,Diesel,Manual,Private,0,15984,161,2,True,53,57900
CAR-04679,2024-03-30,DE,Skoda,Enyaq,Petrol,Automatic,Independent dealer,6,112605,120,2,True,17,11130
CAR-01745,2024-03-30,DE,Volkswagen,Golf,Petrol,Automatic,Franchise dealer,3,64027,204,2,True,87,17570
CAR-03781,2024-03-30,DE,Volkswagen,ID.3,Hybrid,Automatic,Independent dealer,2,50549,185,2,True,15,28810
CAR-01373,2024-03-30,DE,Volkswagen,Golf,Diesel,Automatic,Franchise dealer,1,22488,170,1,False,38,25730
CAR-01517,2024-03-30,DE,Skoda,Superb,Diesel,Automatic,Independent dealer,13,172539,114,5,True,22,5970
CAR-04278,2024-03-30,DE,Audi,e-tron,Hybrid,Automatic,Private,4,77421,161,2,True,27,27710
CAR-00468,2024-03-30,DE,BMW,X3,Hybrid,Automatic,Franchise dealer,1,38930,180,1,True,65,60710
CAR-01841,2024-03-30,AT,Mercedes-Benz,E-Class,Petrol,Manual,Franchise dealer,9,159273,156,4,True,44,6790
CAR-01154,2024-03-31,DE,Mercedes-Benz,E-Class,Hybrid,Automatic,Private,6,78148,144,4,False,55,12870
CAR-00828,2024-03-31,DE,Skoda,Kodiaq,Petrol,Automatic,Franchise dealer,0,8634,178,1,True,70,58250
CAR-03186,2024-03-31,DE,Volkswagen,Passat,Petrol,Automatic,Franchise dealer,1,27045,154,1,True,37,34000
CAR-00707,2024-03-31,NL,Volkswagen,ID.3,Petrol,Manual,Franchise dealer,10,216310,109,4,True,163,5560
CAR-02382,2024-03-31,DE,BMW,5 Series,Petrol,Automatic,Franchise dealer,4,78697,218,3,True,18,27760
CAR-03120,2024-03-31,DE,BMW,3 Series,Petrol,Automatic,Independent dealer,3,60658,152,2,False,46,20230
CAR-01412,2024-03-31,DE,Volkswagen,ID.4,Diesel,Automatic,Franchise dealer,1,14694,148,3,True,51,42310
CAR-04632,2024-03-31,DE,Audi,e-tron,Petrol,Manual,Franchise dealer,0,33442,100,1,True,62,52000
CAR-04176,2024-03-31,DE,Volkswagen,Golf,Petrol,Automatic,Independent dealer,2,44952,123,2,True,38,21690
CAR-01836,2024-03-31,DE,BMW,X3,Petrol,Automatic,Private,5,114292,147,3,True,64,16210
CAR-00870,2024-04-01,DE,Volkswagen,Passat,Electric,Automatic,Franchise dealer,1,29132,149,1,True,25,40020
CAR-04303,2024-04-01,DE,Audi,Q5,Electric,Automatic,Franchise dealer,4,86260,154,3,True,67,25730
CAR-01157,2024-04-01,DE,BMW,i4,Hybrid,Automatic,Franchise dealer,6,101804,163,2,True,31,18410
CAR-01228,2024-04-01,AT,Skoda,Karoq,Diesel,Automatic,Private,4,65259,209,3,True,25,14120
CAR-01615,2024-04-01,DE,BMW,i4,Hybrid,Manual,Private,8,166057,181,3,True,84,8750
CAR-03905,2024-04-01,NL,Volkswagen,Golf,Petrol,Automatic,Independent dealer,7,121809,159,3,False,27,5680
CAR-04088,2024-04-01,DE,BMW,3 Series,Hybrid,Automatic,Independent dealer,2,42300,100,1,True,47,26880
CAR-01764,2024-04-02,DE,BMW,X1,Electric,Automatic,Franchise dealer,2,35670,208,2,True,19,34840
CAR-02043,2024-04-02,NL,Skoda,Enyaq,Hybrid,Automatic,Private,4,94886,231,2,True,99,20810
CAR-02259,2024-04-02,AT,Mercedes-Benz,A-Class,Diesel,Automatic,Franchise dealer,5,115614,128,2,True,37,11550
CAR-00462,2024-04-03,DE,Skoda,Octavia,Diesel,Manual,Independent dealer,9,159733,134,4,True,13,6010
CAR-00002,2024-04-03,DE,Skoda,Karoq,Electric,Automatic,Franchise dealer,3,66873,155,2,True,15,20410
CAR-00474,2024-04-03,DE,Audi,A4,Electric,Automatic,Private,13,213186,160,3,True,24,6030
CAR-03081,2024-04-04,DE,BMW,i4,Petrol,Manual,Franchise dealer,7,137670,133,3,True,56,10370
CAR-01785,2024-04-04,DE,Volkswagen,Tiguan,Petrol,Automatic,Private,4,66443,130,3,True,24,16310
CAR-03368,2024-04-05,DE,BMW,X1,Hybrid,Automatic,Independent dealer,5,98052,187,4,True,34,14490
CAR-01306,2024-04-06,NL,Mercedes-Benz,A-Class,Electric,Automatic,Private,7,103604,122,4,True,44,7990
CAR-01678,2024-04-06,DE,Skoda,Octavia,Petrol,Automatic,Independent dealer,7,151889,78,4,True,38,5050
CAR-04251,2024-04-07,DE,BMW,i4,Petrol,Automatic,Independent dealer,7,146192,175,4,True,67,10750
CAR-01833,2024-04-07,DE,BMW,X3,Diesel,Automatic,Private,6,69894,84,3,True,126,13690
CAR-04699,2024-04-07,NL,Volkswagen,Golf,Electric,Automatic,Franchise dealer,3,53669,90,1,True,51,16110
CAR-00305,2024-04-07,DE,Mercedes-Benz,E-Class,Petrol,Manual,Independent dealer,5,76482,98,1,True,55,16620
CAR-03086,2024-04-07,DE,BMW,X3,Electric,Automatic,Franchise dealer,1,30404,146,1,True,72,55830
CAR-04308,2024-04-08,DE,Skoda,Enyaq,Hybrid,Automatic,Private,4,60967,132,2,True,31,18350
CAR-02290,2024-04-08,DE,Skoda,Kodiaq,Petrol,Automatic,Independent dealer,5,121826,141,3,True,100,13050
CAR-00522,2024-04-08,DE,BMW,5 Series,Petrol,Automatic,Independent dealer,2,28303,111,1,True,29,36430
CAR-01674,2024-04-08,DE,Volkswagen,ID.4,Petrol,Manual,Independent dealer,3,56654,156,2,True,36,24940
CAR-01438,2024-04-08,DE,Skoda,Enyaq,Electric,Automatic,Franchise dealer,3,77627,128,1,True,4,25800
CAR-00353,2024-04-08,AT,Mercedes-Benz,A-Class,Diesel,Manual,Independent dealer,5,76495,107,2,True,56,12120
CAR-02664,2024-04-09,DE,Mercedes-Benz,C-Class,Hybrid,Automatic,Private,3,65373,180,1,True,32,26550
CAR-00807,2024-04-09,DE,BMW,3 Series,Diesel,Automatic,Independent dealer,4,71004,79,2,True,56,15320
CAR-02328,2024-04-09,DE,Mercedes-Benz,C-Class,Petrol,Automatic,Independent dealer,4,98671,162,3,True,113,17770
CAR-01251,2024-04-09,DE,BMW,X3,Hybrid,Manual,Franchise dealer,6,131232,78,3,True,63,11650
CAR-01408,2024-04-09,DE,Skoda,Kodiaq,Electric,Manual,Independent dealer,8,97452,179,4,False,84,6140
CAR-01504,2024-04-09,DE,Volkswagen,Passat,Diesel,Automatic,Franchise dealer,2,29412,139,1,False,40,27380
CAR-02556,2024-04-09,AT,BMW,3 Series,Electric,Automatic,Independent dealer,7,131537,149,5,False,63,7030
CAR-01800,2024-04-09,DE,Volkswagen,Passat,Petrol,Automatic,Franchise dealer,3,61731,174,2,True,27,25730
CAR-01199,2024-04-09,DE,Volkswagen,Tiguan,Petrol,Automatic,Franchise dealer,3,59533,120,1,True,70,24110
CAR-01200,2024-04-09,DE,Mercedes-Benz,EQE,Diesel,Automatic,Independent dealer,8,151659,110,3,True,24,9970
CAR-03382,2024-04-10,DE,Skoda,Kodiaq,Hybrid,Manual,Franchise dealer,1,13639,103,2,True,100,35610
CAR-04141,2024-04-10,DE,Mercedes-Benz,GLA,Electric,Automatic,Private,1,20434,143,1,True,36,36900
CAR-04529,2024-04-10,DE,Mercedes-Benz,E-Class,Hybrid,Automatic,Independent dealer,12,137338,132,4,False,65,5550
CAR-01345,2024-04-10,DE,Volkswagen,Passat,Diesel,Automatic,Independent dealer,2,23350,167,1,False,29,29530
CAR-01061,2024-04-10,DE,Volkswagen,Passat,Hybrid,Automatic,Franchise dealer,6,117249,162,2,True,40,11100
CAR-03951,2024-04-10,DE,Skoda,Octavia,Hybrid,Automatic,Private,3,48750,185,2,True,24,17930
CAR-02552,2024-04-11,DE,Volkswagen,ID.3,Petrol,Automatic,Franchise dealer,2,51279,96,1,True,52,24450
CAR-00497,2024-04-11,AT,Volkswagen,Golf,Hybrid,Manual,Franchise dealer,7,118062,164,2,True,72,7070
CAR-03053,2024-04-11,DE,Volkswagen,Passat,Hybrid,Automatic,Private,10,193549,152,4,True,50,5760
CAR-03423,2024-04-11,DE,Audi,e-tron,Diesel,Automatic,Franchise dealer,5,118826,103,2,True,32,17210
CAR-04931,2024-04-11,DE,Volkswagen,Golf,Diesel,Automatic,Independent dealer,2,58233,128,2,True,8,19030
CAR-02281,2024-04-12,DE,BMW,3 Series,Petrol,Automatic,Independent dealer,3,42814,86,2,False,16,16210
CAR-03543,2024-04-12,DE,Audi,Q3,Hybrid,Automatic,Franchise dealer,4,79086,111,2,True,17,17810
CAR-04364,2024-04-12,DE,Volkswagen,Passat,Petrol,Manual,Private,10,124968,139,4,True,29,5690
CAR-03829,2024-04-12,DE,Volkswagen,ID.3,Petrol,Automatic,Independent dealer,1,22000,193,1,False,14,27540
CAR-01135,2024-04-13,DE,Audi,A3,Petrol,Automatic,Franchise dealer,8,155627,81,4,True,33,5710
CAR-01221,2024-04-14,DE,BMW,3 Series,Petrol,Automatic,Franchise dealer,4,71818,140,3,True,82,18280
CAR-04358,2024-04-14,NL,Mercedes-Benz,E-Class,Petrol,Automatic,Franchise dealer,7,146364,118,3,True,59,10630
CAR-00599,2024-04-14,DE,Volkswagen,Golf,Petrol,Manual,Franchise dealer,4,68738,186,2,True,23,13730
CAR-01675,2024-04-14,DE,Skoda,Karoq,Electric,Manual,Independent dealer,1,36294,90,2,False,14,19840
CAR-00441,2024-04-14,DE,BMW,3 Series,Hybrid,Automatic,Private,2,52364,157,2,True,30,32010
CAR-04552,2024-04-14,DE,BMW,3 Series,Electric,Automatic,Independent dealer,4,73963,112,1,True,37,18220
CAR-01142,2024-04-14,AT,Volkswagen,ID.4,Petrol,Automatic,Franchise dealer,5,75755,107,1,False,62,14160
CAR-00079,2024-04-15,DE,Volkswagen,ID.3,Petrol,Manual,Private,9,145679,115,4,True,9,5490
CAR-04405,2024-04-15,DE,Mercedes-Benz,A-Class,Petrol,Automatic,Independent dealer,1,43612,148,1,True,13,29920
CAR-02833,2024-04-15,DE,Volkswagen,Tiguan,Electric,Automatic,Independent dealer,7,121387,214,3,True,31,10280
CAR-00215,2024-04-15,DE,Volkswagen,Passat,Diesel,Automatic,Independent dealer,4,71810,178,2,True,79,17490
CAR-01758,2024-04-15,DE,Skoda,Enyaq,Petrol,Automatic,Independent dealer,1,27984,181,1,True,69,40540
CAR-03309,2024-04-15,NL,BMW,X1,Electric,Manual,Independent dealer,2,30929,166,1,True,16,29780
CAR-03736,2024-04-16,DE,Audi,Q3,Diesel,Manual,Private,5,95698,189,2,True,35,12800
CAR-02906,2024-04-16,DE,Skoda,Karoq,Diesel,Automatic,Franchise dealer,8,123438,155,3,True,77,5500
CAR-00844,2024-04-16,DE,BMW,X3,Diesel,Automatic,Independent dealer,3,42738,236,3,True,62,29150
CAR-04048,2024-04-16,DE,Audi,Q3,Hybrid,Manual,Private,6,60116,167,2,False,38,11020
CAR-01882,2024-04-17,DE,Audi,Q5,Petrol,Automatic,Private,4,75910,70,2,True,6,19260
CAR-04096,2024-04-17,DE,Mercedes-Benz,E-Class,Petrol,Automatic,Franchise dealer,1,21847,201,1,True,21,58390
CAR-03319,2024-04-17,DE,Audi,Q3,Petrol,Automatic,Independent dealer,1,24165,157,1,True,40,35030
CAR-00499,2024-04-17,DE,Mercedes-Benz,EQE,Diesel,Manual,Private,3,59064,77,1,True,36,28370
CAR-00605,2024-04-17,DE,Volkswagen,ID.3,Electric,Automatic,Franchise dealer,4,94884,131,2,True,38,17140
CAR-00021,2024-04-17,DE,Audi,A4,Petrol,Automatic,Independent dealer,3,40644,136,2,True,26,26860
CAR-03475,2024-04-17,DE,Mercedes-Benz,E-Class,Diesel,Automatic,Franchise dealer,9,153509,102,3,True,34,6630
CAR-04403,2024-04-17,DE,Audi,A4,Diesel,Manual,Independent dealer,11,152577,121,4,True,38,5230
CAR-00464,2024-04-18,DE,Mercedes-Benz,C-Class,Petrol,Automatic,Franchise dealer,3,40912,102,1,True,6,25480
CAR-03555,2024-04-18,AT,Volkswagen,Tiguan,Electric,Automatic,Franchise dealer,12,191233,208,4,True,42,5310
CAR-01571,2024-04-19,DE,Mercedes-Benz,GLA,Diesel,Automatic,Franchise dealer,4,61057,81,2,True,63,17110
CAR-01569,2024-04-19,DE,Mercedes-Benz,C-Class,Electric,Automatic,Franchise dealer,4,66906,197,2,False,50,19340
CAR-04071,2024-04-19,DE,Volkswagen,ID.3,Electric,Automatic,Franchise dealer,7,103705,105,3,True,38,8760
CAR-03796,2024-04-19,NL,Volkswagen,ID.4,Petrol,Manual,Independent dealer,2,48807,174,1,True,25,25390
CAR-04348,2024-04-19,DE,Mercedes-Benz,EQE,Electric,Automatic,Independent dealer,6,109202,129,3,True,9,17560
CAR-00283,2024-04-19,DE,Audi,Q3,Diesel,Automatic,Franchise dealer,3,62668,86,1,True,64,20420
CAR-02751,2024-04-20,NL,Volkswagen,Passat,Electric,Automatic,Independent dealer,2,59800,216,2,True,152,30820
CAR-03805,2024-04-20,DE,BMW,X3,Petrol,Manual,Franchise dealer,3,30533,70,2,True,73,26320
CAR-03838,2024-04-20,DE,Volkswagen,ID.3,Diesel,Manual,Independent dealer,0,3832,149,1,True,30,39060
CAR-04596,2024-04-20,DE,Mercedes-Benz,GLA,Diesel,Automatic,Franchise dealer,9,207341,187,3,True,63,5110
CAR-04631,2024-04-20,DE,Mercedes-Benz,A-Class,Diesel,Automatic,Independent dealer,0,7760,106,1,True,61,37440
CAR-00293,2024-04-21,DE,BMW,i4,Diesel,Automatic,Franchise dealer,1,41621,188,2,True,6,62200
CAR-04487,2024-04-21,NL,BMW,i4,Diesel,Automatic,Independent dealer,4,73189,90,1,True,90,25270
CAR-04179,2024-04-21,DE,Skoda,Superb,Hybrid,Automatic,Franchise dealer,5,96207,162,3,True,32,15590
CAR-00545,2024-04-21,DE,Mercedes-Benz,EQE,Petrol,Automatic,Private,6,94456,93,2,True,27,18650
CAR-04190,2024-04-21,DE,BMW,3 Series,Hybrid,Automatic,Franchise dealer,6,142833,83,3,True,62,9940
CAR-02011,2024-04-22,AT,Audi,Q3,Diesel,Manual,Private,6,142696,118,1,False,28,6500
CAR-04174,2024-04-22,DE,Volkswagen,Passat,Petrol,Automatic,Private,0,2754,179,1,True,109,48660
CAR-00677,2024-04-23,DE,Mercedes-Benz,EQE,Hybrid,Manual,Independent dealer,1,23253,163,1,True,36,69480
CAR-04573,2024-04-23,DE,Audi,Q5,Diesel,Automatic,Private,1,34388,223,2,True,90,60190
CAR-02172,2024-04-23,DE,Mercedes-Benz,E-Class,Electric,Manual,Private,7,109194,169,3,True,38,13400
CAR-04932,2024-04-23,DE,Volkswagen,ID.3,Electric,Manual,Independent dealer,5,98983,70,2,True,41,9530
CAR-03764,2024-04-23,DE,BMW,X1,Petrol,Automatic,Private,3,56011,179,1,True,17,21500
CAR-01368,2024-04-23,DE,BMW,i4,Hybrid,Automatic,Franchise dealer,1,38751,181,2,True,30,62800
CAR-04442,2024-04-24,DE,Skoda,Karoq,Diesel,Automatic,Independent dealer,4,96555,195,2,True,30,11380
CAR-02378,2024-04-24,DE,BMW,X3,Electric,Automatic,Independent dealer,1,22937,88,1,True,62,46310
CAR-00122,2024-04-24,DE,BMW,X3,Electric,Automatic,Independent dealer,3,53745,75,2,True,72,28600
CAR-01191,2024-04-24,DE,Audi,Q5,Diesel,Automatic,Franchise dealer,2,26809,168,2,True,64,41900
CAR-04933,2024-04-24,DE,Audi,A4,Petrol,Automatic,Franchise dealer,3,65742,206,2,True,41,23790
CAR-03537,2024-04-25,NL,Mercedes-Benz,EQE,Petrol,Manual,Franchise dealer,2,37529,162,2,False,34,39810
CAR-03379,2024-04-25,DE,Skoda,Karoq,Diesel,Manual,Franchise dealer,4,59115,130,2,False,46,10580
CAR-02016,2024-04-25,AT,Audi,A4,Diesel,Automatic,Franchise dealer,3,49941,81,2,True,12,20670
CAR-04868,2024-04-25,DE,Mercedes-Benz,EQE,Petrol,Manual,Independent dealer,2,30496,291,2,True,27,74100
CAR-00547,2024-04-25,DE,BMW,i4,Hybrid,Automatic,Independent dealer,8,150260,161,4,True,25,10800
CAR-02276,2024-04-25,DE,Mercedes-Benz,EQE,Petrol,Automatic,Independent dealer,5,101115,152,2,True,64,20600
CAR-00050,2024-04-25,DE,BMW,5 Series,Diesel,Manual,Franchise dealer,2,48845,115,2,True,27,33400
CAR-03535,2024-04-25,DE,Volkswagen,Tiguan,Diesel,Automatic,Private,9,180367,181,3,True,13,5800
CAR-00146,2024-04-26,AT,Audi,e-tron,Electric,Automatic,Independent dealer,3,72816,91,1,False,20,25390
CAR-03606,2024-04-26,DE,BMW,i4,Hybrid,Manual,Franchise dealer,3,33830,90,1,True,80,32140
CAR-00719,2024-04-26,DE,Skoda,Enyaq,Petrol,Automatic,Private,4,77885,133,2,True,79,17030
CAR-02232,2024-04-26,DE,BMW,X1,Petrol,Automatic,Franchise dealer,7,178638,141,3,True,67,7150
CAR-01442,2024-04-26,DE,BMW,5 Series,Hybrid,Manual,Independent dealer,4,67602,157,2,True,35,27160
CAR-00424,2024-04-26,DE,Volkswagen,Golf,Diesel,Manual,Franchise dealer,6,114094,110,3,True,16,6040
CAR-03723,2024-04-26,AT,Mercedes-Benz,EQE,Petrol,Automatic,Independent dealer,2,25459,116,1,True,77,52370
CAR-01608,2024-04-26,DE,Mercedes-Benz,GLA,Diesel,Automatic,Independent dealer,8,128633,144,3,True,59,6980
CAR-03329,2024-04-27,DE,Audi,A4,Diesel,Manual,Independent dealer,6,88922,138,4,True,67,9360
CAR-02211,2024-04-27,AT,Mercedes-Benz,EQE,Petrol,Automatic,Franchise dealer,2,48261,100,2,True,28,46890
CAR-00945,2024-04-28,DE,Audi,e-tron,Petrol,Manual,Independent dealer,3,43753,171,1,True,43,35770
CAR-03828,2024-04-28,AT,Skoda,Octavia,Petrol,Automatic,Franchise dealer,6,134055,123,3,True,122,8470
CAR-00363,2024-04-28,DE,BMW,5 Series,Diesel,Automatic,Independent dealer,7,102316,147,3,True,62,12520
CAR-00197,2024-04-28,DE,Skoda,Enyaq,Petrol,Automatic,Independent dealer,2,34369,158,1,True,2,30390
CAR-04882,2024-04-28,DE,Volkswagen,ID.3,Electric,Automatic,Private,2,43248,136,3,True,50,23550
CAR-04097,2024-04-28,DE,Volkswagen,Tiguan,Electric,Automatic,Franchise dealer,5,85798,219,1,True,36,18650
CAR-00908,2024-04-28,DE,Audi,e-tron,Electric,Manual,Private,5,72116,144,3,False,71,19690
CAR-01871,2024-04-29,DE,Mercedes-Benz,E-Class,Diesel,Automatic,Independent dealer,7,118548,128,4,True,65,11040
CAR-01096,2024-04-29,DE,BMW,X3,Hybrid,Automatic,Private,1,30940,161,2,True,28,45260
CAR-00153,2024-04-29,DE,Mercedes-Benz,E-Class,Hybrid,Manual,Independent dealer,4,72443,159,1,True,28,26330
CAR-04816,2024-04-29,DE,Audi,e-tron,Petrol,Manual,Independent dealer,2,51655,117,2,True,19,40790
CAR-00553,2024-04-29,DE,Skoda,Karoq,Diesel,Automatic,Independent dealer,4,83651,168,4,True,25,14680
CAR-00582,2024-04-29,AT,BMW,X3,Petrol,Automatic,Independent dealer,2,37014,215,2,True,36,50220
CAR-00070,2024-04-30,DE,BMW,5 Series,Diesel,Manual,Private,3,49135,133,3,True,44,31550
CAR-01262,2024-04-30,DE,Audi,Q5,Petrol,Automatic,Franchise dealer,4,91280,153,2,True,17,27240
CAR-01256,2024-04-30,DE,Volkswagen,Golf,Electric,Automatic,Independent dealer,6,116273,149,3,True,76,7800
CAR-01318,2024-04-30,DE,Volkswagen,ID.3,Diesel,Automatic,Independent dealer,4,78429,185,3,False,22,12790
CAR-04185,2024-04-30,DE,Volkswagen,ID.4,Petrol,Automatic,Franchise dealer,2,22180,152,2,True,53,39520
CAR-04903,2024-04-30,DE,Skoda,Superb,Petrol,Automatic,Independent dealer,9,165248,167,5,True,72,5570
CAR-01299,2024-04-30,DE,Audi,A3,Diesel,Automatic,Independent dealer,4,102247,167,1,True,105,15210
CAR-00102,2024-05-01,DE,Audi,e-tron,Diesel,Automatic,Franchise dealer,6,86221,104,4,True,80,14120
CAR-04991,2024-05-01,DE,Skoda,Kodiaq,Petrol,Automatic,Franchise dealer,7,157790,102,3,True,28,6190
CAR-04496,2024-05-01,DE,Mercedes-Benz,EQE,Diesel,Automatic,Franchise dealer,8,121723,163,3,True,25,10580
CAR-02341,2024-05-01,DE,BMW,i4,Petrol,Automatic,Independent dealer,4,74999,190,3,True,75,24540
CAR-01293,2024-05-01,NL,Audi,Q3,Hybrid,Automatic,Independent dealer,3,79992,175,1,True,46,22350
CAR-01101,2024-05-01,DE,Audi,A4,Diesel,Automatic,Independent dealer,5,93430,199,2,True,21,12160
CAR-04384,2024-05-01,NL,Volkswagen,ID.3,Petrol,Automatic,Independent dealer,3,58348,130,1,True,69,19650
CAR-00180,2024-05-01,AT,Skoda,Enyaq,Electric,Automatic,Franchise dealer,2,36141,106,2,True,47,34540
CAR-00619,2024-05-02,NL,BMW,5 Series,Petrol,Manual,Private,3,67692,125,2,True,26,23680
CAR-03130,2024-05-02,DE,Mercedes-Benz,EQE,Petrol,Automatic,Franchise dealer,3,52455,132,1,False,22,32690
CAR-00407,2024-05-02,DE,Volkswagen,Tiguan,Petrol,Automatic,Independent dealer,8,132864,95,4,True,55,5590
CAR-00024,2024-05-02,DE,Volkswagen,Golf,Petrol,Automatic,Franchise dealer,9,173540,186,3,True,59,5290
CAR-01235,2024-05-02,DE,BMW,i4,Diesel,Automatic,Independent dealer,1,25313,235,1,True,13,56340
CAR-02317,2024-05-02,DE,Volkswagen,Golf,Electric,Automatic,Private,4,66725,128,2,True,45,14200
CAR-03486,2024-05-02,DE,Volkswagen,ID.3,Petrol,Automatic,Private,11,165088,223,4,True,76,5700
CAR-00972,2024-05-04,DE,BMW,X3,Diesel,Automatic,Private,2,32057,70,1,True,17,29830
CAR-04612,2024-05-05,DE,Volkswagen,Golf,Diesel,Automatic,Franchise dealer,2,39728,150,1,True,93,20630
CAR-02915,2024-05-05,NL,BMW,X3,Petrol,Automatic,Franchise dealer,2,45395,156,1,True,48,39140
CAR-03303,2024-05-05,DE,Skoda,Enyaq,Diesel,Automatic,Independent dealer,2,38444,179,2,True,18,34930
CAR-02275,2024-05-05,DE,BMW,3 Series,Diesel,Automatic,Independent dealer,9,172935,83,3,True,45,5600
CAR-03420,2024-05-05,DE,Skoda,Octavia,Petrol,Automatic,Private,4,48726,197,1,True,176,17690
CAR-02713,2024-05-06,DE,BMW,5 Series,Diesel,Automatic,Private,10,178393,201,5,True,67,5490
CAR-02532,2024-05-06,DE,Volkswagen,Golf,Petrol,Automatic,Franchise dealer,3,59743,137,2,True,1,16040
CAR-00412,2024-05-07,DE,BMW,i4,Petrol,Automatic,Franchise dealer,4,81821,207,3,True,38,23700
CAR-04093,2024-05-07,DE,BMW,5 Series,Petrol,Automatic,Franchise dealer,5,97820,153,3,False,54,15450
CAR-04863,2024-05-07,DE,Volkswagen,ID.3,Electric,Automatic,Independent dealer,8,158018,232,3,True,44,6320
CAR-01593,2024-05-07,NL,Audi,Q3,Petrol,Automatic,Independent dealer,8,129509,220,3,True,24,7970
CAR-01729,2024-05-07,NL,Audi,Q5,Hybrid,Automatic,Independent dealer,1,17962,83,1,True,15,46460
CAR-03239,2024-05-08,DE,Audi,A4,Petrol,Automatic,Private,2,56767,184,1,True,33,29060
CAR-00035,2024-05-08,DE,BMW,X1,Electric,Automatic,Franchise dealer,4,59737,204,2,True,43,22160
CAR-03498,2024-05-08,DE,Audi,A3,Petrol,Manual,Franchise dealer,8,110974,158,4,True,32,5450
CAR-04043,2024-05-08,DE,Skoda,Enyaq,Petrol,Automatic,Independent dealer,11,173611,143,4,True,31,5360
CAR-04930,2024-05-08,DE,Volkswagen,Passat,Hybrid,Automatic,Franchise dealer,6,111466,217,4,True,8,12110
CAR-00838,2024-05-08,DE,Audi,A3,Electric,Manual,Independent dealer,4,82293,130,3,True,47,14010
CAR-03499,2024-05-08,DE,Skoda,Kodiaq,Diesel,Automatic,Franchise dealer,10,133289,104,4,True,14,5920
CAR-03159,2024-05-08,AT,Audi,e-tron,Petrol,Automatic,Private,2,50788,107,1,True,15,40260
CAR-01427,2024-05-08,DE,BMW,X3,Petrol,Automatic,Franchise dealer,6,98451,109,2,True,6,13410
CAR-01224,2024-05-09,DE,BMW,X3,Petrol,Automatic,Independent dealer,5,70374,170,3,False,12,18450
CAR-03756,2024-05-09,AT,Audi,Q5,Petrol,Automatic,Private,4,66457,143,2,True,38,23740
CAR-03517,2024-05-09,DE,BMW,X1,Diesel,Automatic,Franchise dealer,1,37161,182,1,True,19,33520
CAR-00506,2024-05-09,DE,Audi,A3,Petrol,Automatic,Independent dealer,4,78597,203,3,True,50,13700
CAR-02924,2024-05-09,DE,BMW,5 Series,Diesel,Manual,Independent dealer,3,47817,127,1,True,32,25450
CAR-04132,2024-05-10,DE,Mercedes-Benz,EQE,Diesel,Manual,Independent dealer,2,29900,159,1,True,32,49320
CAR-01047,2024-05-10,DE,Volkswagen,ID.3,Petrol,Automatic,Franchise dealer,4,87268,104,2,False,32,11920
CAR-04013,2024-05-10,DE,BMW,i4,Petrol,Automatic,Independent dealer,3,48525,194,2,True,114,30820
CAR-03488,2024-05-10,DE,BMW,i4,Petrol,Automatic,Independent dealer,13,260765,124,5,True,87,5630
CAR-03497,2024-05-10,DE,Volkswagen,Tiguan,Hybrid,Automatic,Franchise dealer,3,75072,164,1,False,17,18850
CAR-03613,2024-05-10,DE,Skoda,Karoq,Electric,Automatic,Franchise dealer,10,203970,116,5,True,30,5570
CAR-01603,2024-05-10,DE,Volkswagen,ID.3,Petrol,Automatic,Independent dealer,2,29766,171,2,True,27,25760
CAR-04341,2024-05-10,DE,BMW,X1,Diesel,Manual,Independent dealer,7,102702,149,3,True,61,8690
CAR-02865,2024-05-10,DE,BMW,3 Series,Diesel,Automatic,Independent dealer,4,88215,126,2,True,103,16800
CAR-01015,2024-05-10,DE,BMW,X1,Hybrid,Automatic,Independent dealer,1,19164,152,1,True,52,38450
CAR-02000,2024-05-10,AT,Volkswagen,Tiguan,Hybrid,Automatic,Private,4,58102,195,1,True,27,21290
CAR-02065,2024-05-10,DE,Skoda,Octavia,Petrol,Manual,Franchise dealer,4,72964,160,1,True,27,14340
CAR-03099,2024-05-10,DE,BMW,5 Series,Electric,Automatic,Franchise dealer,3,49437,169,1,True,81,34570
CAR-00660,2024-05-11,AT,Audi,Q3,Diesel,Manual,Franchise dealer,4,62822,148,2,True,50,15900
CAR-00984,2024-05-11,DE,BMW,i4,Petrol,Automatic,Franchise dealer,2,39360,150,1,True,68,47570
CAR-03015,2024-05-11,DE,Volkswagen,Golf,Diesel,Manual,Independent dealer,13,164952,128,5,False,68,5840
CAR-03985,2024-05-11,AT,BMW,i4,Electric,Manual,Private,10,189264,218,4,True,25,5800
CAR-02603,2024-05-11,DE,Volkswagen,Tiguan,Hybrid,Automatic,Franchise dealer,6,107455,176,3,True,24,12920
CAR-04691,2024-05-11,DE,Audi,Q3,Hybrid,Automatic,Independent dealer,2,43461,188,2,False,22,29800
CAR-00140,2024-05-11,DE,Mercedes-Benz,C-Class,Hybrid,Automatic,Franchise dealer,8,165492,95,3,True,19,6000
CAR-02682,2024-05-11,DE,BMW,i4,Petrol,Automatic,Franchise dealer,2,27620,166,1,True,24,50640
CAR-04019,2024-05-11,AT,Volkswagen,Tiguan,Petrol,Automatic,Private,4,53274,156,1,True,47,18800
CAR-02719,2024-05-12,DE,Mercedes-Benz,E-Class,Diesel,Manual,Independent dealer,5,47550,170,3,True,62,23260
CAR-00333,2024-05-12,DE,Skoda,Superb,Electric,Manual,Private,5,65723,156,3,True,70,13920
CAR-01279,2024-05-12,DE,Mercedes-Benz,E-Class,Electric,Manual,Independent dealer,3,64695,122,1,True,63,34100
CAR-03553,2024-05-12,DE,Mercedes-Benz,C-Class,Electric,Manual,Independent dealer,2,33606,78,1,True,76,26660
CAR-00059,2024-05-12,DE,BMW,3 Series,Hybrid,Automatic,Franchise dealer,0,5038,253,2,True,48,63130
CAR-00175,2024-05-12,DE,BMW,X1,Diesel,Manual,Franchise dealer,13,242094,134,5,True,21,5430
CAR-01046,2024-05-13,DE,BMW,X1,Petrol,Manual,Independent dealer,13,262898,228,5,True,95,5800
CAR-03083,2024-05-13,DE,Volkswagen,Passat,Diesel,Automatic,Franchise dealer,5,93430,218,2,True,30,15710
CAR-01487,2024-05-13,DE,Mercedes-Benz,EQE,Hybrid,Automatic,Private,3,62761,70,1,True,65,41150
CAR-01631,2024-05-13,DE,Skoda,Kodiaq,Petrol,Automatic,Independent dealer,5,103146,188,2,True,117,16900
CAR-03253,2024-05-14,DE,Mercedes-Benz,GLA,Hybrid,Automatic,Independent dealer,2,37336,210,3,True,22,34140
CAR-04806,2024-05-14,DE,Audi,Q5,Diesel,Automatic,Independent dealer,2,29426,186,1,True,58,46900
CAR-00141,2024-05-15,DE,Mercedes-Benz,C-Class,Petrol,Automatic,Private,1,29301,136,1,True,28,36240
CAR-03566,2024-05-15,DE,Skoda,Superb,Hybrid,Automatic,Franchise dealer,3,49400,193,3,True,25,29670
CAR-04009,2024-05-16,AT,Volkswagen,ID.4,Diesel,Automatic,Private,8,120336,188,3,False,21,6160
CAR-01595,2024-05-16,DE,Volkswagen,ID.4,Diesel,Automatic,Private,5,85957,82,2,True,20,11730
CAR-02144,2024-05-17,DE,Audi,Q3,Petrol,Automatic,Private,5,91134,142,1,True,58,13270
CAR-04693,2024-05-17,DE,Skoda,Superb,Petrol,Automatic,Independent dealer,2,40291,148,1,True,29,22490
CAR-04449,2024-05-17,DE,BMW,X3,Petrol,Automatic,Independent dealer,3,35918,217,1,True,30,37230
CAR-01737,2024-05-17,DE,BMW,3 Series,Petrol,Manual,Franchise dealer,3,58437,188,1,True,35,24460
CAR-02027,2024-05-17,DE,Audi,Q5,Diesel,Automatic,Franchise dealer,2,43618,226,2,True,21,46100
CAR-01847,2024-05-17,DE,Volkswagen,Passat,Diesel,Manual,Independent dealer,6,118459,119,2,True,64,8460
CAR-00116,2024-05-17,DE,Volkswagen,ID.4,Petrol,Automatic,Franchise dealer,7,146879,128,4,True,34,7670
CAR-03394,2024-05-17,NL,Volkswagen,Tiguan,Electric,Manual,Franchise dealer,4,48579,84,3,True,43,16170
CAR-04116,2024-05-17,DE,Mercedes-Benz,EQE,Electric,Manual,Independent dealer,3,44449,124,2,True,12,40940
CAR-03519,2024-05-17,AT,Volkswagen,Passat,Electric,Automatic,Independent dealer,5,76480,142,3,True,47,12880
CAR-02319,2024-05-17,DE,Skoda,Enyaq,Electric,Automatic,Franchise dealer,6,66246,135,3,True,80,13950
CAR-01012,2024-05-18,DE,Mercedes-Benz,A-Class,Electric,Automatic,Independent dealer,3,41723,208,3,True,57,22240
CAR-02301,2024-05-18,NL,Volkswagen,ID.4,Electric,Automatic,Independent dealer,3,80860,191,2,True,26,23590
CAR-00152,2024-05-18,DE,BMW,5 Series,Electric,Automatic,Independent dealer,5,134210,188,2,False,90,14730
CAR-01579,2024-05-19,DE,Skoda,Karoq,Diesel,Automatic,Independent dealer,2,51243,169,2,True,62,19130
CAR-04685,2024-05-19,DE,Audi,e-tron,Electric,Manual,Private,7,127805,171,4,True,160,12220
CAR-04694,2024-05-19,NL,Audi,Q5,Hybrid,Manual,Private,8,188967,177,4,True,6,6630
CAR-01823,2024-05-19,AT,Volkswagen,Golf,Diesel,Automatic,Franchise dealer,2,20333,207,1,True,28,26300
CAR-02325,2024-05-19,DE,Skoda,Superb,Diesel,Automatic,Private,3,75387,164,1,True,43,19270
CAR-04236,2024-05-20,DE,Audi,e-tron,Diesel,Automatic,Independent dealer,13,250152,106,5,True,17,5570
CAR-00855,2024-05-20,DE,Mercedes-Benz,EQE,Hybrid,Automatic,Independent dealer,2,43894,250,1,False,85,54840
CAR-02583,2024-05-20,DE,BMW,i4,Electric,Automatic,Independent dealer,3,52366,151,1,True,44,38340
CAR-00147,2024-05-20,DE,Mercedes-Benz,E-Class,Petrol,Automatic,Independent dealer,3,55849,135,2,True,29,34670
CAR-00593,2024-05-20,DE,Mercedes-Benz,EQE,Hybrid,Automatic,Independent dealer,1,19873,124,1,True,78,65340
CAR-00158,2024-05-21,DE,Volkswagen,ID.4,Petrol,Manual,Private,4,49389,70,2,True,20,16240
CAR-02078,2024-05-21,DE,Audi,e-tron,Diesel,Automatic,Independent dealer,2,44546,209,1,False,34,35490
CAR-04810,2024-05-21,AT,Mercedes-Benz,EQE,Diesel,Automatic,Franchise dealer,13,178989,114,4,True,102,5620
CAR-02368,2024-05-21,DE,Audi,Q5,Hybrid,Automatic,Franchise dealer,3,58745,95,2,True,16,33000
CAR-01825,2024-05-21,DE,BMW,X1,Diesel,Automatic,Independent dealer,4,66804,116,2,True,6,16660
CAR-00998,2024-05-21,DE,Skoda,Karoq,Hybrid,Automatic,Independent dealer,2,50214,222,1,False,52,24200
CAR-02111,2024-05-22,NL,Mercedes-Benz,A-Class,Diesel,Manual,Franchise dealer,3,70894,149,1,True,19,17710
CAR-04177,2024-05-22,NL,Skoda,Octavia,Petrol,Manual,Independent dealer,4,93448,156,2,True,31,12220
CAR-01886,2024-05-22,DE,BMW,5 Series,Electric,Automatic,Independent dealer,4,41960,202,1,True,71,32740
CAR-03161,2024-05-22,DE,Skoda,Enyaq,Petrol,Automatic,Independent dealer,4,59685,136,3,True,11,21120
CAR-00827,2024-05-23,AT,Audi,A3,Diesel,Automatic,Franchise dealer,6,75993,132,2,True,40,10310
CAR-02034,2024-05-23,DE,BMW,X1,Diesel,Automatic,Private,8,103022,70,3,False,16,5560
CAR-01244,2024-05-23,DE,Audi,Q3,Diesel,Automatic,Private,3,72349,173,2,True,18,19750
CAR-00092,2024-05-23,DE,Mercedes-Benz,E-Class,Diesel,Automatic,Franchise dealer,3,59567,127,2,True,65,31680
CAR-03866,2024-05-23,DE,Mercedes-Benz,C-Class,Petrol,Automatic,Franchise dealer,12,247129,205,5,True,30,5510
CAR-03064,2024-05-24,DE,Audi,A4,Petrol,Manual,Independent dealer,4,70976,70,2,True,35,15310
CAR-01639,2024-05-24,DE,Volkswagen,Tiguan,Petrol,Automatic,Private,11,156748,147,5,True,15,5620
CAR-02083,2024-05-24,DE,BMW,3 Series,Hybrid,Automatic,Franchise dealer,4,92268,195,3,True,90,18630
CAR-04372,2024-05-24,DE,Mercedes-Benz,EQE,Diesel,Manual,Independent dealer,4,117410,196,4,True,55,21300
CAR-02163,2024-05-24,DE,Mercedes-Benz,A-Class,Electric,Automatic,Franchise dealer,5,94281,168,3,True,26,14200
CAR-04083,2024-05-25,DE,Audi,A3,Petrol,Manual,Independent dealer,4,100912,165,4,True,115,13340
CAR-02265,2024-05-25,DE,BMW,X3,Hybrid,Manual,Private,1,38170,122,1,True,4,36650
CAR-01300,2024-05-25,DE,BMW,i4,Diesel,Automatic,Independent dealer,6,98047,181,2,True,22,16670
CAR-00546,2024-05-25,DE,Audi,e-tron,Hybrid,Manual,Private,8,137219,114,3,True,27,9300
CAR-00108,2024-05-25,DE,BMW,X1,Diesel,Automatic,Independent dealer,6,85832,97,2,True,59,10090
CAR-00986,2024-05-26,DE,Audi,e-tron,Petrol,Automatic,Private,4,87552,153,1,False,29,21330
CAR-01380,2024-05-26,DE,Mercedes-Benz,C-Class,Petrol,Automatic,Independent dealer,3,83862,178,3,True,45,21960
CAR-01931,2024-05-26,DE,Volkswagen,Passat,Electric,Automatic,Independent dealer,3,53046,128,1,True,14,24200
CAR-02975,2024-05-27,DE,Volkswagen,ID.3,Petrol,Automatic,Independent dealer,3,62192,171,2,True,46,20980
CAR-03522,2024-05-27,DE,BMW,5 Series,Electric,Automatic,Independent dealer,4,71052,189,2,True,6,25900
CAR-03912,2024-05-27,DE,Skoda,Superb,Electric,Automatic,Independent dealer,10,127479,163,4,True,7,5320
CAR-03699,2024-05-27,DE,Mercedes-Benz,EQE,Petrol,Automatic,Independent dealer,4,78413,196,2,True,37,33000
CAR-02322,2024-05-27,DE,Audi,A3,Diesel,Automatic,Independent dealer,1,37226,194,3,False,12,24010
CAR-01355,2024-05-28,DE,BMW,X1,Hybrid,Automatic,Independent dealer,2,50371,132,3,True,59,27070
CAR-01211,2024-05-28,AT,Volkswagen,Tiguan,Hybrid,Automatic,Private,0,16457,125,1,True,34,49840
CAR-03121,2024-05-28,DE,Audi,Q3,Electric,Automatic,Franchise dealer,3,72784,184,1,True,40,25800
CAR-04426,2024-05-28,DE,BMW,i4,Diesel,Automatic,Independent dealer,6,81459,84,3,True,36,14770
CAR-04980,2024-05-29,DE,Skoda,Octavia,Diesel,Automatic,Private,7,113762,142,3,True,10,5850
CAR-04350,2024-05-30,DE,BMW,3 Series,Petrol,Automatic,Franchise dealer,3,50306,102,3,True,83,19750
CAR-03196,2024-05-30,DE,Mercedes-Benz,E-Class,Diesel,Automatic,Franchise dealer,4,88840,194,3,True,13,22850
CAR-00169,2024-05-30,DE,Skoda,Enyaq,Diesel,Automatic,Franchise dealer,3,53013,121,3,True,32,18500
CAR-04021,2024-05-30,DE,BMW,3 Series,Petrol,Manual,Independent dealer,4,77792,127,2,True,14,14460
CAR-02853,2024-05-30,NL,Audi,A3,Diesel,Manual,Independent dealer,3,70918,113,1,True,94,17490
CAR-01511,2024-05-31,NL,BMW,X3,Hybrid,Automatic,Independent dealer,2,56444,211,1,True,51,50550
CAR-03976,2024-05-31,DE,BMW,3 Series,Petrol,Manual,Independent dealer,4,41450,105,2,True,54,21250
CAR-03445,2024-05-31,DE,Audi,Q3,Electric,Manual,Independent dealer,2,44396,102,1,True,75,25130
CAR-04481,2024-05-31,DE,Volkswagen,Tiguan,Petrol,Automatic,Franchise dealer,3,62424,159,2,True,46,22480
CAR-04589,2024-05-31,AT,Skoda,Kodiaq,Petrol,Manual,Independent dealer,9,139766,160,3,True,25,5070
CAR-00575,2024-05-31,AT,Mercedes-Benz,E-Class,Diesel,Automatic,Franchise dealer,5,80923,107,2,True,11,19300
CAR-00082,2024-05-31,DE,Volkswagen,Passat,Diesel,Automatic,Franchise dealer,4,60543,171,1,False,35,17170
CAR-03667,2024-06-01,DE,BMW,i4,Hybrid,Automatic,Independent dealer,1,33417,75,1,True,80,49810
CAR-00057,2024-06-01,DE,Mercedes-Benz,E-Class,Petrol,Automatic,Franchise dealer,10,116077,185,4,True,67,8830
CAR-04025,2024-06-02,DE,Skoda,Octavia,Electric,Automatic,Independent dealer,8,123074,123,3,True,12,6000
CAR-00600,2024-06-02,DE,Mercedes-Benz,GLA,Diesel,Automatic,Independent dealer,11,246522,82,5,True,61,5520
CAR-00337,2024-06-02,DE,Volkswagen,Golf,Diesel,Automatic,Private,5,108627,167,3,False,55,7560
CAR-01104,2024-06-02,DE,BMW,5 Series,Electric,Automatic,Private,8,121388,162,3,True,49,9880
CAR-04452,2024-06-02,DE,Volkswagen,ID.3,Petrol,Manual,Independent dealer,8,105904,152,2,False,54,6300
CAR-01107,2024-06-02,DE,Audi,A3,Electric,Manual,Private,9,101564,184,5,True,39,5790
CAR-03742,2024-06-02,DE,Skoda,Superb,Electric,Automatic,Independent dealer,1,25259,124,1,True,11,38940
CAR-04785,2024-06-02,DE,Skoda,Superb,Hybrid,Automatic,Independent dealer,4,85352,125,2,True,37,18210
CAR-02316,2024-06-02,DE,BMW,5 Series,Petrol,Automatic,Independent dealer,6,94911,172,2,True,32,16280
CAR-00460,2024-06-02,DE,Mercedes-Benz,EQE,Petrol,Automatic,Franchise dealer,5,103528,88,2,True,59,20050
CAR-02529,2024-06-02,DE,Volkswagen,Tiguan,Diesel,Automatic,Franchise dealer,7,128591,98,3,True,33,7190
CAR-03902,2024-06-02,DE,Volkswagen,ID.3,Petrol,Manual,Private,7,103406,87,3,True,25,6860
CAR-04921,2024-06-03,DE,BMW,X1,Petrol,Automatic,Private,13,178893,70,5,True,80,5880
CAR-00096,2024-06-03,DE,Audi,e-tron,Petrol,Automatic,Independent dealer,1,29220,193,1,True,60,59290
CAR-03454,2024-06-03,DE,Skoda,Superb,Petrol,Automatic,Private,1,24388,138,2,False,79,25880
CAR-02812,2024-06-03,DE,Volkswagen,ID.3,Petrol,Automatic,Franchise dealer,9,230033,113,3,True,34,5570
CAR-00031,2024-06-04,DE,Skoda,Superb,Petrol,Automatic,Franchise dealer,1,30129,189,2,True,51,34540
CAR-01468,2024-06-04,DE,Volkswagen,ID.3,Petrol,Manual,Independent dealer,10,133236,71,3,True,11,5810
CAR-00507,2024-06-04,DE,Volkswagen,ID.4,Diesel,Automatic,Independent dealer,10,95971,171,5,True,38,6720
CAR-04736,2024-06-04,DE,Volkswagen,Tiguan,Diesel,Automatic,Franchise dealer,8,131537,70,5,True,28,5480
CAR-00821,2024-06-05,DE,Mercedes-Benz,C-Class,Petrol,Automatic,Franchise dealer,5,81757,91,1,True,78,16850
CAR-00297,2024-06-05,DE,Volkswagen,ID.4,Electric,Automatic,Independent dealer,8,153858,142,3,True,21,8730
CAR-00638,2024-06-05,AT,Volkswagen,ID.3,Petrol,Manual,Franchise dealer,5,91457,115,2,True,23,12920
CAR-04971,2024-06-06,DE,BMW,X3,Diesel,Automatic,Independent dealer,13,268588,136,5,True,52,5250
CAR-04714,2024-06-06,DE,Mercedes-Benz,C-Class,Petrol,Automatic,Independent dealer,3,60078,144,3,True,43,21750
CAR-01528,2024-06-06,NL,BMW,i4,Petrol,Automatic,Private,6,65137,188,2,True,58,16700
CAR-01082,2024-06-07,NL,Skoda,Kodiaq,Diesel,Automatic,Private,2,43394,174,2,True,21,26210
CAR-02292,2024-06-07,DE,Volkswagen,Passat,Hybrid,Automatic,Independent dealer,2,45107,138,3,True,37,30980
CAR-03614,2024-06-07,DE,Volkswagen,Golf,Petrol,Automatic,Private,6,112076,135,3,True,28,6230
CAR-01750,2024-06-07,DE,Volkswagen,Golf,Hybrid,Automatic,Private,6,157333,176,2,True,26,5780
CAR-01884,2024-06-07,DE,Audi,Q5,Diesel,Automatic,Independent dealer,4,63868,192,1,False,69,22100
CAR-01676,2024-06-08,AT,Volkswagen,ID.4,Electric,Automatic,Independent dealer,1,24779,157,1,True,34,43010
CAR-04822,2024-06-08,DE,Volkswagen,Passat,Petrol,Automatic,Franchise dealer,6,99589,232,3,True,7,13320
CAR-03894,2024-06-08,NL,Skoda,Enyaq,Diesel,Automatic,Independent dealer,1,33512,206,1,True,155,44850
CAR-04651,2024-06-08,DE,Volkswagen,Passat,Petrol,Manual,Independent dealer,2,50348,144,1,False,44,19900
CAR-02661,2024-06-08,DE,Audi,Q3,Petrol,Automatic,Independent dealer,6,75018,120,4,True,62,11900
CAR-02332,2024-06-08,DE,Volkswagen,ID.3,Electric,Manual,Independent dealer,2,44282,160,1,True,48,23570
CAR-03476,2024-06-09,DE,Volkswagen,Passat,Electric,Manual,Independent dealer,2,41004,88,1,True,32,28130
CAR-00841,2024-06-09,DE,Volkswagen,Passat,Diesel,Automatic,Private,11,117617,166,4,True,10,5710
CAR-04926,2024-06-09,DE,BMW,X1,Electric,Manual,Franchise dealer,12,169500,167,5,True,143,5020
CAR-01574,2024-06-09,DE,BMW,i4,Petrol,Manual,Franchise dealer,2,53145,98,2,True,65,32700
CAR-03297,2024-06-09,DE,Mercedes-Benz,EQE,Hybrid,Automatic,Independent dealer,8,119279,173,3,True,39,13190
CAR-02256,2024-06-09,DE,Skoda,Enyaq,Electric,Automatic,Independent dealer,2,49113,121,1,True,20,28760
CAR-04080,2024-06-09,DE,Audi,A3,Diesel,Manual,Franchise dealer,8,105477,123,4,True,27,6450
CAR-01413,2024-06-10,DE,Skoda,Enyaq,Diesel,Manual,Independent dealer,2,36713,169,2,True,38,26870
CAR-01479,2024-06-10,DE,Mercedes-Benz,C-Class,Diesel,Automatic,Franchise dealer,3,67792,220,1,True,40,30990
CAR-02757,2024-06-10,DE,Volkswagen,Passat,Hybrid,Automatic,Independent dealer,5,67026,113,2,True,58,13690
CAR-02429,2024-06-10,DE,Volkswagen,Passat,Petrol,Automatic,Independent dealer,6,109999,102,3,True,29,9380
CAR-00682,2024-06-10,AT,BMW,X3,Diesel,Manual,Franchise dealer,3,45890,135,2,True,22,30410
CAR-00555,2024-06-10,DE,Audi,Q5,Electric,Automatic,Franchise dealer,5,88041,145,3,True,55,19140
CAR-02006,2024-06-10,DE,Mercedes-Benz,E-Class,Petrol,Automatic,Independent dealer,5,108242,149,1,True,37,17500
CAR-03799,2024-06-11,DE,Audi,e-tron,Petrol,Automatic,Independent dealer,2,41908,131,2,True,23,42160
CAR-01187,2024-06-11,DE,Skoda,Octavia,Diesel,Manual,Franchise dealer,3,44491,142,2,True,42,15110
CAR-03971,2024-06-11,DE,BMW,X3,Hybrid,Automatic,Private,3,78363,131,3,True,18,27610
CAR-03794,2024-06-11,NL,Mercedes-Benz,E-Class,Electric,Automatic,Independent dealer,6,121872,104,3,True,38,13930
CAR-01848,2024-06-11,DE,Audi,A4,Petrol,Automatic,Franchise dealer,13,215125,82,5,True,37,6330
CAR-04839,2024-06-11,NL,BMW,3 Series,Petrol,Automatic,Franchise dealer,9,104378,260,4,True,109,7510
CAR-03128,2024-06-12,NL,Volkswagen,Tiguan,Petrol,Automatic,Independent dealer,2,33913,152,1,True,40,26460
CAR-00784,2024-06-12,DE,Skoda,Enyaq,Diesel,Automatic,Franchise dealer,7,135113,70,4,True,54,6870
CAR-02467,2024-06-12,DE,Mercedes-Benz,C-Class,Diesel,Automatic,Independent dealer,2,17814,100,1,True,58,31050
CAR-03242,2024-06-12,DE,Skoda,Superb,Petrol,Automatic,Franchise dealer,2,34809,139,1,True,11,32700
CAR-00737,2024-06-12,DE,Audi,e-tron,Electric,Automatic,Franchise dealer,3,78871,166,1,True,38,35000
CAR-01356,2024-06-12,NL,Mercedes-Benz,C-Class,Hybrid,Automatic,Franchise dealer,4,71904,142,2,True,25,20060
CAR-04126,2024-06-13,DE,Mercedes-Benz,A-Class,Diesel,Automatic,Independent dealer,1,28228,150,1,True,21,32850
CAR-00742,2024-06-13,DE,Skoda,Karoq,Diesel,Automatic,Independent dealer,6,119341,108,4,True,92,7110
CAR-01317,2024-06-13,NL,BMW,3 Series,Electric,Automatic,Franchise dealer,4,71927,189,1,True,61,22520
CAR-01499,2024-06-13,AT,Volkswagen,ID.4,Diesel,Automatic,Franchise dealer,2,42914,139,1,True,41,32630
CAR-03608,2024-06-13,DE,BMW,3 Series,Diesel,Automatic,Independent dealer,2,57042,70,2,True,81,21230
CAR-03698,2024-06-13,AT,BMW,5 Series,Petrol,Manual,Independent dealer,2,64858,187,1,True,31,39270
CAR-03786,2024-06-13,AT,Skoda,Kodiaq,Diesel,Automatic,Private,5,139322,70,3,True,32,10150
CAR-03160,2024-06-14,DE,Skoda,Superb,Petrol,Automatic,Franchise dealer,4,68571,210,2,True,65,20890
CAR-02466,2024-06-15,DE,Volkswagen,ID.4,Diesel,Automatic,Independent dealer,5,93997,146,1,True,33,13080
CAR-03197,2024-06-15,AT,BMW,3 Series,Electric,Automatic,Independent dealer,4,97452,210,3,True,63,18470
CAR-04272,2024-06-15,DE,Volkswagen,Tiguan,Hybrid,Automatic,Independent dealer,2,48872,136,1,True,73,27480
CAR-03312,2024-06-15,NL,Mercedes-Benz,A-Class,Diesel,Automatic,Franchise dealer,4,57954,100,3,True,29,15190
CAR-03664,2024-06-15,DE,Audi,A3,Electric,Manual,Independent dealer,5,102034,102,2,True,85,9970
CAR-04798,2024-06-15,AT,Volkswagen,Golf,Petrol,Manual,Independent dealer,3,75251,215,2,True,23,16790
CAR-02935,2024-06-15,DE,Mercedes-Benz,GLA,Diesel,Manual,Private,1,26353,141,1,True,157,26430
CAR-04357,2024-06-16,DE,Audi,e-tron,Petrol,Manual,Independent dealer,2,42217,123,1,True,35,42350
CAR-03525,2024-06-16,AT,Mercedes-Benz,EQE,Petrol,Automatic,Independent dealer,2,41121,118,1,True,67,49760
CAR-00379,2024-06-16,DE,Volkswagen,Tiguan,Petrol,Automatic,Private,4,91844,167,1,True,52,13930
CAR-01390,2024-06-16,DE,Skoda,Octavia,Petrol,Manual,Private,5,98758,139,2,True,26,7300
CAR-02014,2024-06-16,DE,Audi,e-tron,Hybrid,Automatic,Franchise dealer,6,102674,70,3,False,19,12120
CAR-04446,2024-06-16,DE,Audi,Q5,Hybrid,Automatic,Franchise dealer,5,107878,113,2,True,48,17750
CAR-01020,2024-06-16,DE,Skoda,Karoq,Petrol,Automatic,Private,5,85323,129,4,True,15,10600
CAR-02469,2024-06-17,AT,Audi,A4,Diesel,Automatic,Franchise dealer,10,131518,147,4,True,24,5570
CAR-02033,2024-06-17,DE,Mercedes-Benz,A-Class,Hybrid,Automatic,Private,5,78260,103,3,True,15,8610
CAR-02312,2024-06-17,DE,Audi,Q3,Petrol,Automatic,Franchise dealer,13,146076,153,4,False,51,5140
CAR-01450,2024-06-17,DE,Volkswagen,ID.3,Petrol,Automatic,Independent dealer,7,92861,133,4,True,9,7980
CAR-01391,2024-06-17,DE,Volkswagen,Passat,Petrol,Automatic,Franchise dealer,3,54519,97,2,True,55,20800
CAR-01143,2024-06-18,DE,Volkswagen,Golf,Electric,Automatic,Franchise dealer,6,108839,117,4,True,53,6570
CAR-03204,2024-06-18,DE,Skoda,Enyaq,Petrol,Automatic,Independent dealer,2,40666,106,1,True,43,28120
CAR-02834,2024-06-18,NL,Volkswagen,Passat,Hybrid,Manual,Franchise dealer,7,124072,95,3,True,39,6710
CAR-04689,2024-06-18,DE,Volkswagen,Passat,Petrol,Manual,Independent dealer,2,45902,142,1,True,40,25020
CAR-04265,2024-06-18,DE,Mercedes-Benz,A-Class,Diesel,Automatic,Independent dealer,4,98512,187,2,False,90,12790
CAR-01057,2024-06-18,DE,BMW,i4,Petrol,Automatic,Independent dealer,3,50665,207,2,True,42,30710
CAR-02621,2024-06-18,DE,Skoda,Octavia,Petrol,Automatic,Private,1,18210,146,1,True,34,25570
CAR-04184,2024-06-18,DE,Skoda,Karoq,Petrol,Manual,Franchise dealer,9,192549,146,4,True,2,5460
CAR-01005,2024-06-19,DE,Audi,A3,Petrol,Automatic,Independent dealer,4,70968,163,3,True,47,15560
CAR-00362,2024-06-19,DE,BMW,X1,Petrol,Manual,Franchise dealer,8,160448,132,4,False,44,6050
CAR-04453,2024-06-19,DE,Volkswagen,Golf,Diesel,Automatic,Franchise dealer,11,218769,139,5,True,84,6040
CAR-02528,2024-06-19,DE,Volkswagen,ID.3,Petrol,Automatic,Independent dealer,2,47037,155,1,True,36,29160
CAR-02545,2024-06-19,DE,Audi,Q3,Petrol,Automatic,Private,2,48806,164,1,True,17,27970
CAR-00249,2024-06-19,DE,Mercedes-Benz,E-Class,Diesel,Automatic,Independent dealer,11,150548,174,4,True,16,5590
CAR-00156,2024-06-19,NL,Audi,A3,Electric,Automatic,Independent dealer,1,30419,150,1,True,49,30790
CAR-04222,2024-06-19,DE,Audi,Q3,Diesel,Manual,Franchise dealer,2,42319,110,1,True,60,24860
CAR-04796,2024-06-20,DE,BMW,X3,Hybrid,Manual,Franchise dealer,2,59853,176,1,True,20,41830
CAR-04620,2024-06-20,DE,BMW,5 Series,Petrol,Automatic,Franchise dealer,4,73543,131,2,True,43,26390
CAR-00964,2024-06-20,DE,Skoda,Superb,Diesel,Automatic,Franchise dealer,2,65356,191,1,True,15,27670
CAR-01982,2024-06-20,DE,Skoda,Karoq,Petrol,Automatic,Franchise dealer,2,41773,185,2,True,42,26440
CAR-02899,2024-06-21,DE,Mercedes-Benz,GLA,Petrol,Automatic,Franchise dealer,4,77181,176,2,True,14,20120
CAR-02096,2024-06-21,DE,BMW,5 Series,Diesel,Automatic,Independent dealer,7,151211,198,3,True,6,10160
CAR-03243,2024-06-21,DE,Audi,A4,Diesel,Manual,Franchise dealer,0,26654,138,1,True,9,37950
CAR-01431,2024-06-22,DE,Volkswagen,Golf,Diesel,Automatic,Franchise dealer,8,139495,122,3,True,21,5820
CAR-01916,2024-06-22,DE,Volkswagen,Tiguan,Diesel,Automatic,Franchise dealer,8,141614,175,4,False,59,5410
CAR-04963,2024-06-22,AT,Audi,e-tron,Petrol,Automatic,Independent dealer,4,87242,115,3,True,45,24600
CAR-04686,2024-06-22,AT,Audi,A4,Petrol,Automatic,Franchise dealer,6,106731,110,1,True,23,11960
CAR-02239,2024-06-22,NL,Mercedes-Benz,A-Class,Diesel,Manual,Independent dealer,4,53992,150,2,True,16,15940
CAR-01091,2024-06-22,DE,Volkswagen,Passat,Hybrid,Automatic,Private,3,43402,180,2,True,97,25070
CAR-02483,2024-06-22,DE,Audi,A3,Diesel,Automatic,Franchise dealer,5,79371,221,3,True,17,13410
CAR-01534,2024-06-22,DE,BMW,i4,Petrol,Automatic,Franchise dealer,8,160921,99,3,True,67,7530
CAR-01422,2024-06-22,NL,Mercedes-Benz,EQE,Petrol,Automatic,Private,5,71185,141,4,True,7,21190
CAR-01410,2024-06-22,DE,Volkswagen,Golf,Petrol,Automatic,Franchise dealer,7,139176,101,4,False,9,5500
CAR-02845,2024-06-22,DE,Mercedes-Benz,GLA,Electric,Automatic,Independent dealer,4,47586,155,3,True,25,21700
CAR-01723,2024-06-22,DE,Mercedes-Benz,A-Class,Petrol,Manual,Private,1,28577,190,1,True,41,35540
CAR-01186,2024-06-23,DE,Audi,Q3,Electric,Automatic,Franchise dealer,7,153212,179,3,True,15,8150
CAR-02502,2024-06-23,DE,Skoda,Octavia,Petrol,Automatic,Independent dealer,4,80198,255,2,True,68,14820
CAR-01119,2024-06-24,DE,Skoda,Octavia,Petrol,Automatic,Independent dealer,6,104121,161,2,True,25,8480
CAR-02226,2024-06-24,DE,Volkswagen,Passat,Diesel,Manual,Independent dealer,5,69674,202,2,True,48,13110
CAR-03030,2024-06-24,DE,Volkswagen,Golf,Diesel,Automatic,Franchise dealer,4,85040,124,2,True,33,11570
CAR-02340,2024-06-24,DE,BMW,X3,Diesel,Automatic,Independent dealer,5,85082,135,3,True,62,18520
CAR-00889,2024-06-24,AT,Volkswagen,ID.4,Diesel,Automatic,Independent dealer,6,129451,147,3,True,126,10130
CAR-04807,2024-06-25,DE,Mercedes-Benz,E-Class,Diesel,Automatic,Independent dealer,5,102822,106,3,True,21,15740
CAR-03560,2024-06-25,DE,Volkswagen,Passat,Petrol,Automatic,Franchise dealer,4,94134,187,3,True,20,15770
CAR-03139,2024-06-26,DE,Audi,e-tron,Hybrid,Automatic,Independent dealer,2,55713,203,2,True,20,48240
CAR-01959,2024-06-26,DE,Volkswagen,ID.3,Electric,Automatic,Private,9,139414,94,3,True,32,5710
CAR-00656,2024-06-26,NL,Skoda,Kodiaq,Hybrid,Automatic,Independent dealer,5,81425,191,2,True,34,16830
CAR-04877,2024-06-26,DE,Volkswagen,Passat,Electric,Automatic,Franchise dealer,2,50155,183,1,True,3,27730
CAR-00238,2024-06-26,DE,BMW,X1,Petrol,Automatic,Independent dealer,2,27585,172,1,False,22,27540
CAR-04611,2024-06-26,DE,Audi,Q3,Petrol,Manual,Independent dealer,3,61899,188,2,False,19,18530
CAR-03900,2024-06-27,DE,BMW,i4,Diesel,Automatic,Independent dealer,2,34697,80,1,True,7,39400
CAR-01457,2024-06-27,DE,Mercedes-Benz,EQE,Petrol,Manual,Franchise dealer,8,188861,129,3,True,22,8130
CAR-01937,2024-06-27,DE,Volkswagen,ID.3,Petrol,Manual,Franchise dealer,5,108445,178,2,False,69,11120
CAR-04786,2024-06-27,DE,Audi,A4,Hybrid,Automatic,Franchise dealer,5,83665,197,4,False,6,13900
CAR-04307,2024-06-27,DE,Audi,Q3,Petrol,Automatic,Franchise dealer,6,84442,157,1,True,33,12760
CAR-00543,2024-06-28,DE,Skoda,Enyaq,Diesel,Automatic,Independent dealer,7,79964,163,2,True,13,10830
CAR-03050,2024-06-28,DE,Skoda,Octavia,Petrol,Automatic,Franchise dealer,5,94618,162,4,True,23,10520
CAR-03508,2024-06-28,DE,Volkswagen,Tiguan,Petrol,Manual,Franchise dealer,8,139638,154,3,False,17,5230
CAR-02216,2024-06-29,DE,BMW,3 Series,Hybrid,Automatic,Franchise dealer,2,48218,71,1,True,17,30290
CAR-01561,2024-06-29,DE,Volkswagen,ID.4,Petrol,Automatic,Franchise dealer,13,193149,138,5,True,123,5710
CAR-01026,2024-06-29,DE,Skoda,Kodiaq,Petrol,Manual,Franchise dealer,2,31569,112,2,False,61,22050
CAR-01149,2024-06-29,DE,Skoda,Superb,Electric,Automatic,Independent dealer,4,59713,185,1,True,104,18810
CAR-03011,2024-06-29,AT,Skoda,Octavia,Petrol,Automatic,Franchise dealer,2,34730,134,1,True,60,26780
CAR-02136,2024-06-30,DE,Audi,A3,Hybrid,Automatic,Private,4,105344,185,2,True,46,13530
CAR-04916,2024-06-30,DE,Volkswagen,ID.4,Petrol,Automatic,Independent dealer,7,146866,189,3,True,31,8700
CAR-02709,2024-06-30,DE,Volkswagen,Passat,Electric,Automatic,Independent dealer,3,61256,138,3,True,44,21760
CAR-04865,2024-06-30,DE,BMW,X3,Petrol,Automatic,Independent dealer,1,15549,151,2,True,15,56390
CAR-04955,2024-06-30,DE,Audi,A4,Electric,Automatic,Independent dealer,5,100986,111,4,True,161,14520
CAR-02775,2024-06-30,DE,Audi,A3,Diesel,Automatic,Franchise dealer,2,41382,157,4,True,36,23530
CAR-04052,2024-06-30,DE,Mercedes-Benz,C-Class,Electric,Manual,Franchise dealer,2,46161,103,1,True,37,28210
CAR-00382,2024-07-01,DE,Volkswagen,Passat,Diesel,Automatic,Franchise dealer,13,169293,192,5,True,116,6130
CAR-00013,2024-07-01,DE,Volkswagen,ID.3,Electric,Manual,Independent dealer,6,122539,125,2,True,23,8420
CAR-02967,2024-07-01,AT,Audi,Q5,Electric,Manual,Private,1,29705,168,2,True,19,49150
CAR-03034,2024-07-01,DE,Skoda,Enyaq,Electric,Automatic,Franchise dealer,1,41924,186,1,True,108,47060
CAR-02885,2024-07-01,DE,Audi,e-tron,Petrol,Automatic,Private,3,50921,133,3,True,67,32740
CAR-02087,2024-07-01,DE,Audi,e-tron,Diesel,Automatic,Independent dealer,5,74166,160,2,False,82,23780
CAR-02987,2024-07-01,NL,Mercedes-Benz,A-Class,Electric,Automatic,Franchise dealer,2,58265,131,2,True,133,28770
CAR-04641,2024-07-01,DE,BMW,3 Series,Petrol,Automatic,Independent dealer,3,46069,174,1,True,54,21190
CAR-01090,2024-07-01,DE,Audi,Q3,Petrol,Automatic,Franchise dealer,4,64684,72,3,True,36,16040
CAR-04374,2024-07-02,DE,Mercedes-Benz,GLA,Hybrid,Automatic,Private,10,139996,150,3,True,59,5590
CAR-00901,2024-07-02,DE,Audi,A3,Hybrid,Automatic,Franchise dealer,8,125019,97,3,True,23,6580
CAR-02306,2024-07-02,DE,Mercedes-Benz,EQE,Petrol,Automatic,Franchise dealer,11,135966,134,4,True,30,6990
CAR-01629,2024-07-03,AT,Audi,Q3,Hybrid,Automatic,Independent dealer,6,115914,179,4,True,44,10730
CAR-00770,2024-07-03,DE,Audi,A3,Diesel,Manual,Independent dealer,4,78626,132,2,True,17,12240
CAR-02090,2024-07-03,DE,Audi,Q3,Diesel,Automatic,Franchise dealer,5,101033,112,3,True,25,11050
CAR-00033,2024-07-03,DE,Audi,Q3,Diesel,Automatic,Franchise dealer,2,46040,168,2,True,77,28140
CAR-02666,2024-07-04,AT,Skoda,Karoq,Diesel,Automatic,Independent dealer,11,133325,155,5,True,80,5890
CAR-02079,2024-07-04,DE,BMW,X1,Petrol,Automatic,Independent dealer,8,84618,91,4,True,52,7280
CAR-02705,2024-07-04,AT,Mercedes-Benz,GLA,Hybrid,Manual,Franchise dealer,1,19571,125,2,True,51,38480
CAR-01060,2024-07-04,DE,Skoda,Kodiaq,Diesel,Automatic,Independent dealer,9,182421,120,5,True,35,5240
CAR-04613,2024-07-04,DE,Mercedes-Benz,A-Class,Petrol,Automatic,Franchise dealer,7,112899,152,3,True,33,7930
CAR-02477,2024-07-04,DE,BMW,i4,Electric,Automatic,Independent dealer,0,7683,159,1,True,37,69170
CAR-04861,2024-07-05,DE,Skoda,Enyaq,Diesel,Automatic,Private,8,107043,194,4,True,33,7640
CAR-02286,2024-07-05,DE,Skoda,Karoq,Diesel,Automatic,Independent dealer,3,97005,171,3,True,63,14720
CAR-03105,2024-07-05,DE,Volkswagen,ID.4,Diesel,Automatic,Independent dealer,5,90400,80,3,True,71,14780
CAR-03727,2024-07-05,DE,Audi,A4,Diesel,Automatic,Independent dealer,6,127629,141,3,True,83,9860
CAR-03784,2024-07-05,DE,Mercedes-Benz,EQE,Hybrid,Automatic,Independent dealer,2,37718,159,1,False,80,43170
CAR-04773,2024-07-06,DE,Mercedes-Benz,E-Class,Electric,Automatic,Independent dealer,3,52803,206,1,True,28,39690
CAR-02940,2024-07-06,AT,Skoda,Kodiaq,Diesel,Automatic,Franchise dealer,7,122619,146,2,True,75,9300
CAR-01669,2024-07-06,DE,Skoda,Karoq,Hybrid,Automatic,Private,4,80219,70,1,False,45,9830
CAR-01265,2024-07-06,DE,Volkswagen,Tiguan,Petrol,Automatic,Private,5,107034,124,2,True,47,10970
CAR-04924,2024-07-07,NL,Mercedes-Benz,GLA,Electric,Automatic,Independent dealer,3,54088,70,1,True,41,20790
CAR-03570,2024-07-07,DE,Volkswagen,Golf,Diesel,Manual,Franchise dealer,2,19827,165,2,True,144,22590
CAR-02748,2024-07-07,DE,Mercedes-Benz,EQE,Petrol,Automatic,Franchise dealer,11,214369,120,4,True,10,5650
CAR-01247,2024-07-07,DE,BMW,X3,Petrol,Automatic,Independent dealer,1,9293,192,1,True,44,45650
CAR-02887,2024-07-07,DE,Skoda,Enyaq,Petrol,Automatic,Private,3,68220,106,2,True,97,19950
CAR-02776,2024-07-07,DE,Volkswagen,ID.4,Hybrid,Manual,Franchise dealer,6,104639,124,3,True,107,11490
CAR-03430,2024-07-07,DE,Mercedes-Benz,C-Class,Electric,Automatic,Independent dealer,5,72945,161,4,True,38,19160
CAR-00667,2024-07-07,DE,Skoda,Octavia,Petrol,Manual,Private,3,75921,171,3,True,16,13380
CAR-04217,2024-07-07,DE,BMW,5 Series,Diesel,Manual,Independent dealer,2,38347,138,2,True,42,32670
CAR-02062,2024-07-08,DE,Mercedes-Benz,A-Class,Petrol,Automatic,Franchise dealer,2,29600,76,1,True,54,28520
CAR-01428,2024-07-08,DE,Volkswagen,ID.3,Petrol,Automatic,Franchise dealer,6,117046,144,3,True,34,8670
CAR-02384,2024-07-08,DE,BMW,i4,Hybrid,Automatic,Private,4,44373,139,2,False,79,22430
CAR-03739,2024-07-08,DE,Mercedes-Benz,E-Class,Petrol,Automatic,Private,3,76359,165,3,True,53,28720
CAR-01924,2024-07-08,DE,Audi,e-tron,Petrol,Automatic,Private,6,120416,119,3,True,33,11560
CAR-03875,2024-07-08,AT,Audi,Q3,Petrol,Manual,Independent dealer,6,124723,77,2,True,63,9240
CAR-03999,2024-07-08,DE,BMW,X3,Diesel,Automatic,Franchise dealer,0,22231,121,1,True,69,59630
CAR-03950,2024-07-09,DE,Mercedes-Benz,EQE,Hybrid,Automatic,Independent dealer,9,136083,162,4,True,55,9270
CAR-02304,2024-07-09,NL,Mercedes-Benz,A-Class,Petrol,Automatic,Independent dealer,13,350217,140,5,True,15,6080
CAR-02324,2024-07-09,DE,Audi,e-tron,Diesel,Automatic,Franchise dealer,1,17636,107,1,True,8,61080
CAR-01907,2024-07-09,DE,BMW,3 Series,Electric,Automatic,Independent dealer,5,64463,137,2,True,45,16390
CAR-02345,2024-07-09,AT,BMW,5 Series,Hybrid,Automatic,Franchise dealer,8,171707,127,3,True,62,9370
CAR-01232,2024-07-09,DE,BMW,3 Series,Petrol,Automatic,Franchise dealer,1,41879,118,1,True,17,30120
CAR-04180,2024-07-09,DE,Volkswagen,Passat,Petrol,Manual,Independent dealer,4,34814,148,3,False,49,14150
CAR-01462,2024-07-09,DE,BMW,X1,Electric,Automatic,Private,1,32400,134,1,True,16,37760
CAR-03103,2024-07-09,DE,Volkswagen,Passat,Petrol,Automatic,Private,5,88770,121,4,True,39,10760
CAR-04275,2024-07-09,DE,BMW,5 Series,Diesel,Automatic,Private,2,33846,147,2,True,76,38540
CAR-04239,2024-07-09,DE,Volkswagen,ID.3,Petrol,Manual,Franchise dealer,4,79010,92,3,True,44,13700
CAR-01132,2024-07-09,DE,BMW,X3,Diesel,Automatic,Independent dealer,6,120061,138,2,True,52,15480
CAR-01266,2024-07-10,DE,BMW,3 Series,Diesel,Manual,Franchise dealer,3,74520,220,2,True,80,23030
CAR-04917,2024-07-10,DE,Volkswagen,Golf,Electric,Automatic,Private,5,64789,132,3,True,96,9690
CAR-01925,2024-07-10,DE,BMW,X1,Petrol,Automatic,Private,2,53123,192,1,True,28,28620
CAR-03945,2024-07-10,AT,Skoda,Superb,Petrol,Manual,Independent dealer,1,23153,111,1,True,66,30290
CAR-01709,2024-07-10,NL,Audi,A3,Diesel,Manual,Franchise dealer,3,42571,108,2,True,39,19050
CAR-01384,2024-07-10,DE,Skoda,Superb,Hybrid,Automatic,Private,1,19972,81,2,True,45,33360
CAR-04537,2024-07-11,DE,Skoda,Enyaq,Petrol,Automatic,Franchise dealer,2,49667,112,1,True,13,27380
CAR-04601,2024-07-11,AT,Skoda,Karoq,Diesel,Automatic,Franchise dealer,5,100985,136,2,True,41,11210
CAR-00797,2024-07-11,DE,BMW,X3,Petrol,Automatic,Independent dealer,6,111278,152,3,True,42,13460
CAR-00566,2024-07-11,DE,Volkswagen,Golf,Diesel,Automatic,Independent dealer,7,121298,188,3,True,58,6250
CAR-01922,2024-07-11,DE,Mercedes-Benz,A-Class,Diesel,Manual,Private,5,75312,104,1,True,71,11110
CAR-03798,2024-07-11,DE,Audi,Q3,Diesel,Automatic,Private,3,53564,176,2,True,9,19270
CAR-03564,2024-07-11,DE,Skoda,Karoq,Electric,Manual,Franchise dealer,5,118457,208,4,True,18,10400
CAR-01969,2024-07-11,DE,Mercedes-Benz,GLA,Diesel,Automatic,Independent dealer,7,114829,232,3,True,73,9200
CAR-00279,2024-07-12,DE,Skoda,Enyaq,Diesel,Manual,Franchise dealer,11,153486,123,5,True,27,5590
CAR-02880,2024-07-12,NL,BMW,X3,Electric,Automatic,Independent dealer,1,51204,180,1,True,50,50840
CAR-02358,2024-07-12,DE,Skoda,Enyaq,Petrol,Automatic,Franchise dealer,5,102623,104,2,True,47,12390
CAR-00925,2024-07-12,DE,Audi,A3,Diesel,Manual,Franchise dealer,8,154362,118,3,True,27,5190
CAR-00951,2024-07-13,DE,Audi,A3,Petrol,Automatic,Independent dealer,4,60963,126,4,True,36,14580
CAR-00101,2024-07-13,DE,Volkswagen,Passat,Hybrid,Automatic,Independent dealer,5,78147,88,1,True,36,14060
CAR-01276,2024-07-14,DE,BMW,X1,Hybrid,Automatic,Franchise dealer,4,78768,110,2,False,37,16120
CAR-03834,2024-07-14,DE,Audi,A3,Petrol,Automatic,Independent dealer,5,91359,89,3,True,51,10350
CAR-04207,2024-07-14,DE,BMW,3 Series,Diesel,Automatic,Franchise dealer,1,17452,104,2,True,81,38480
CAR-00896,2024-07-14,DE,Audi,Q5,Diesel,Manual,Franchise dealer,2,41644,119,1,True,25,31360
CAR-01495,2024-07-14,DE,Volkswagen,ID.4,Diesel,Automatic,Franchise dealer,2,51985,73,1,True,32,26210
CAR-03277,2024-07-14,DE,Mercedes-Benz,GLA,Diesel,Manual,Private,6,94601,145,4,True,30,8280
CAR-04040,2024-07-14,DE,Mercedes-Benz,E-Class,Diesel,Automatic,Franchise dealer,2,45565,122,1,True,58,36140
CAR-04698,2024-07-15,DE,Mercedes-Benz,C-Class,Petrol,Manual,Independent dealer,4,64815,148,3,True,65,15880
CAR-01621,2024-07-15,NL,Mercedes-Benz,E-Class,Hybrid,Automatic,Franchise dealer,3,73605,113,1,True,44,34040
CAR-03615,2024-07-16,DE,Volkswagen,ID.4,Petrol,Automatic,Independent dealer,8,99625,91,3,True,47,7820
CAR-03373,2024-07-16,DE,BMW,i4,Diesel,Automatic,Independent dealer,2,50728,122,2,True,34,35170
CAR-03283,2024-07-16,DE,BMW,i4,Hybrid,Manual,Franchise dealer,1,28942,120,2,True,98,54360
CAR-00723,2024-07-16,AT,Skoda,Octavia,Petrol,Automatic,Independent dealer,4,73917,144,1,True,30,12230
CAR-04256,2024-07-16,AT,BMW,i4,Petrol,Automatic,Franchise dealer,4,60579,133,2,True,36,30320
CAR-02795,2024-07-17,DE,Mercedes-Benz,A-Class,Electric,Automatic,Private,2,36965,146,2,True,68,26000
CAR-03378,2024-07-17,DE,Mercedes-Benz,E-Class,Petrol,Automatic,Franchise dealer,0,10125,149,1,True,55,64420
CAR-00328,2024-07-17,DE,Volkswagen,ID.3,Hybrid,Automatic,Franchise dealer,2,43304,110,2,True,30,28960
CAR-01253,2024-07-17,DE,Volkswagen,ID.3,Hybrid,Automatic,Franchise dealer,4,80298,149,2,True,170,19160
CAR-03922,2024-07-18,DE,Audi,A4,Diesel,Automatic,Franchise dealer,10,187228,70,3,True,39,5850
CAR-01036,2024-07-18,DE,Audi,Q3,Diesel,Manual,Franchise dealer,1,28749,210,1,True,11,39820
CAR-04008,2024-07-18,DE,BMW,3 Series,Diesel,Automatic,Franchise dealer,0,13047,172,1,True,54,48120
CAR-00735,2024-07-19,DE,Volkswagen,ID.3,Petrol,Automatic,Private,10,114221,152,4,True,50,5780
CAR-01910,2024-07-20,DE,BMW,5 Series,Hybrid,Manual,Independent dealer,13,211431,187,5,True,86,5360
CAR-02169,2024-07-20,DE,Mercedes-Benz,A-Class,Diesel,Automatic,Independent dealer,3,52429,203,1,True,55,19890
CAR-01076,2024-07-20,DE,Mercedes-Benz,E-Class,Petrol,Automatic,Independent dealer,6,79496,132,2,True,25,19280
CAR-03958,2024-07-21,DE,BMW,3 Series,Diesel,Automatic,Independent dealer,4,93885,144,2,True,58,12800
CAR-01948,2024-07-21,DE,BMW,3 Series,Diesel,Automatic,Franchise dealer,0,24739,131,1,True,41,44960
CAR-02526,2024-07-21,AT,Skoda,Karoq,Petrol,Automatic,Franchise dealer,6,140311,130,4,True,56,7890
CAR-00847,2024-07-21,DE,Volkswagen,Golf,Diesel,Manual,Franchise dealer,13,185744,179,4,True,18,5740
CAR-02950,2024-07-22,DE,BMW,3 Series,Petrol,Automatic,Franchise dealer,7,84865,186,4,True,37,9850
CAR-04910,2024-07-22,DE,BMW,5 Series,Diesel,Automatic,Franchise dealer,3,65711,159,4,True,46,26010
CAR-04603,2024-07-22,DE,Volkswagen,ID.3,Diesel,Automatic,Franchise dealer,6,68792,146,3,True,37,11310
CAR-00630,2024-07-23,DE,Skoda,Octavia,Petrol,Automatic,Independent dealer,4,58198,70,3,False,51,8720
CAR-04661,2024-07-23,DE,Skoda,Superb,Electric,Automatic,Franchise dealer,5,49251,95,2,True,41,15120
CAR-03149,2024-07-23,DE,BMW,X1,Diesel,Automatic,Franchise dealer,3,46365,117,1,True,13,20450
CAR-04340,2024-07-23,DE,BMW,3 Series,Hybrid,Automatic,Franchise dealer,4,71679,184,1,True,33,20300
CAR-02379,2024-07-23,DE,Volkswagen,ID.3,Petrol,Automatic,Franchise dealer,4,73290,123,2,True,27,17270
CAR-03891,2024-07-23,AT,Volkswagen,ID.3,Hybrid,Manual,Independent dealer,6,118682,77,3,True,74,7750
CAR-04566,2024-07-23,DE,Volkswagen,ID.3,Petrol,Automatic,Private,4,48914,159,2,True,31,15850
CAR-03743,2024-07-23,DE,Mercedes-Benz,E-Class,Diesel,Automatic,Independent dealer,10,205970,161,5,False,48,5510
CAR-01845,2024-07-23,AT,Volkswagen,ID.3,Petrol,Manual,Independent dealer,3,35420,166,2,False,24,17800
CAR-04845,2024-07-24,DE,Audi,A4,Petrol,Automatic,Franchise dealer,4,75572,105,4,True,172,16830
CAR-03124,2024-07-24,DE,BMW,3 Series,Hybrid,Automatic,Franchise dealer,1,33312,214,2,True,40,48110
CAR-02371,2024-07-24,DE,Audi,Q5,Petrol,Manual,Independent dealer,6,77190,144,2,True,25,13960
CAR-00023,2024-07-24,AT,Skoda,Karoq,Hybrid,Automatic,Independent dealer,3,76480,133,2,True,7,17100
CAR-04229,2024-07-24,DE,Audi,e-tron,Diesel,Automatic,Franchise dealer,6,124515,168,2,True,28,13880
CAR-00420,2024-07-24,DE,Volkswagen,ID.4,Petrol,Automatic,Independent dealer,4,97670,227,2,True,59,20070
CAR-01553,2024-07-25,DE,Audi,Q5,Petrol,Automatic,Private,7,124585,164,2,True,21,10850
CAR-03884,2024-07-25,AT,Skoda,Karoq,Diesel,Automatic,Independent dealer,2,43402,121,1,True,28,21990
CAR-00576,2024-07-25,DE,Skoda,Enyaq,Electric,Manual,Independent dealer,5,82142,141,2,True,114,13700
CAR-01028,2024-07-25,DE,Volkswagen,Passat,Petrol,Manual,Independent dealer,13,139559,124,5,True,98,6070
CAR-00048,2024-07-25,DE,Volkswagen,Passat,Petrol,Automatic,Private,2,48038,139,1,True,43,25010
CAR-00834,2024-07-25,DE,Volkswagen,Golf,Diesel,Automatic,Franchise dealer,4,77920,116,2,False,58,9640
CAR-03938,2024-07-26,DE,Mercedes-Benz,EQE,Hybrid,Automatic,Independent dealer,3,64483,146,1,True,14,42520
CAR-03384,2024-07-26,DE,BMW,3 Series,Electric,Automatic,Independent dealer,5,96948,214,3,True,32,14720
CAR-00712,2024-07-26,DE,Volkswagen,ID.3,Petrol,Automatic,Franchise dealer,5,45130,131,2,True,71,19080
CAR-01891,2024-07-26,DE,Volkswagen,Passat,Electric,Automatic,Franchise dealer,6,97723,158,3,True,53,10830
CAR-01500,2024-07-26,DE,Volkswagen,Passat,Diesel,Automatic,Independent dealer,4,83859,193,2,True,20,16240
CAR-00514,2024-07-26,NL,Audi,A4,Diesel,Manual,Independent dealer,1,32527,197,2,True,56,34580
CAR-04225,2024-07-27,DE,Skoda,Kodiaq,Hybrid,Automatic,Independent dealer,1,25766,131,1,True,43,36160
CAR-03205,2024-07-27,DE,Audi,A4,Petrol,Manual,Independent dealer,4,53622,173,2,True,31,17370
CAR-02143,2024-07-27,DE,Volkswagen,Golf,Petrol,Automatic,Independent dealer,4,57341,104,3,True,67,12600
CAR-04804,2024-07-27,DE,Volkswagen,Golf,Petrol,Automatic,Franchise dealer,2,16870,162,1,False,27,21430
CAR-02177,2024-07-28,DE,Volkswagen,Passat,Hybrid,Manual,Franchise dealer,4,105808,188,3,True,20,14590
CAR-02280,2024-07-28,DE,Mercedes-Benz,GLA,Petrol,Automatic,Independent dealer,2,52772,111,1,True,55,24720
CAR-01361,2024-07-28,DE,Audi,e-tron,Petrol,Automatic,Franchise dealer,5,122355,137,2,True,91,16330
CAR-04318,2024-07-28,AT,Skoda,Octavia,Hybrid,Automatic,Independent dealer,5,57497,184,2,True,10,11720
CAR-00973,2024-07-28,NL,Skoda,Enyaq,Petrol,Manual,Franchise dealer,4,47235,95,3,True,75,17880
CAR-04568,2024-07-28,DE,Mercedes-Benz,A-Class,Petrol,Automatic,Franchise dealer,4,57342,147,2,True,43,17230
CAR-02372,2024-07-29,DE,Audi,A3,Electric,Automatic,Franchise dealer,5,85862,196,4,True,102,15050
CAR-00483,2024-07-29,DE,Audi,A4,Diesel,Automatic,Private,4,63957,79,2,True,32,15390
CAR-00628,2024-07-29,AT,Mercedes-Benz,GLA,Electric,Manual,Independent dealer,1,31853,139,2,True,8,34710
CAR-04128,2024-07-30,DE,Volkswagen,Passat,Petrol,Manual,Independent dealer,6,143543,136,3,True,29,8460
CAR-04346,2024-07-30,DE,Volkswagen,Golf,Hybrid,Automatic,Franchise dealer,7,127582,133,4,True,32,6080
CAR-00715,2024-07-30,DE,BMW,X1,Petrol,Automatic,Franchise dealer,2,55691,120,2,True,19,28190
CAR-04872,2024-07-30,DE,Volkswagen,ID.4,Petrol,Automatic,Private,9,161827,194,5,True,23,5540
CAR-04105,2024-07-31,DE,BMW,5 Series,Diesel,Automatic,Franchise dealer,4,51976,133,3,True,94,22450
CAR-04635,2024-07-31,DE,BMW,i4,Electric,Automatic,Independent dealer,4,73825,121,3,False,109,18350
CAR-03399,2024-07-31,DE,Volkswagen,Tiguan,Electric,Automatic,Franchise dealer,11,83871,175,4,True,27,6190
CAR-04396,2024-07-31,DE,BMW,5 Series,Petrol,Automatic,Private,6,108154,114,3,True,32,12970
CAR-01465,2024-07-31,AT,Volkswagen,ID.3,Petrol,Manual,Independent dealer,6,93177,154,2,True,30,8310
CAR-03874,2024-07-31,AT,Skoda,Enyaq,Diesel,Automatic,Private,7,105779,115,2,True,50,9020
CAR-00882,2024-07-31,DE,Skoda,Superb,Electric,Manual,Independent dealer,8,98204,138,2,True,16,6690
CAR-01846,2024-07-31,DE,Audi,e-tron,Hybrid,Manual,Franchise dealer,10,134442,138,4,True,53,7550
CAR-02413,2024-08-01,DE,Mercedes-Benz,C-Class,Petrol,Automatic,Independent dealer,7,100789,180,3,True,78,10670
CAR-02198,2024-08-01,DE,Audi,A4,Petrol,Manual,Independent dealer,2,37217,77,1,False,52,21650
CAR-04419,2024-08-01,DE,Mercedes-Benz,GLA,Petrol,Automatic,Franchise dealer,4,51415,72,2,False,63,13030
CAR-04488,2024-08-01,NL,Audi,A3,Electric,Automatic,Independent dealer,6,124375,70,3,True,33,6760
CAR-03212,2024-08-01,DE,Volkswagen,ID.3,Hybrid,Automatic,Franchise dealer,5,103064,160,2,True,27,13190
CAR-03380,2024-08-02,DE,Audi,Q3,Diesel,Automatic,Private,1,42990,144,1,True,6,28880
CAR-01705,2024-08-02,DE,Skoda,Octavia,Hybrid,Manual,Franchise dealer,1,8553,161,1,True,6,34700
CAR-03687,2024-08-02,DE,Skoda,Superb,Petrol,Automatic,Franchise dealer,1,6415,181,1,True,69,41820
CAR-04905,2024-08-02,DE,Mercedes-Benz,E-Class,Diesel,Automatic,Independent dealer,0,24169,142,1,True,32,71120
CAR-02848,2024-08-02,AT,Volkswagen,Passat,Electric,Automatic,Independent dealer,3,69162,181,1,True,49,20490
CAR-03882,2024-08-02,DE,Volkswagen,ID.4,Hybrid,Automatic,Franchise dealer,6,116992,201,2,True,43,13980
CAR-00702,2024-08-03,DE,BMW,X1,Hybrid,Manual,Franchise dealer,5,96179,171,3,True,27,14680
CAR-03202,2024-08-03,DE,Skoda,Enyaq,Petrol,Manual,Franchise dealer,13,311140,160,4,True,40,5670
CAR-01832,2024-08-03,DE,Mercedes-Benz,GLA,Hybrid,Automatic,Franchise dealer,2,45166,160,2,True,59,33310
CAR-02098,2024-08-03,DE,BMW,X1,Hybrid,Automatic,Private,9,133257,179,4,True,65,4920
CAR-02424,2024-08-03,DE,Skoda,Superb,Diesel,Automatic,Independent dealer,1,20526,222,1,True,4,43860
CAR-02007,2024-08-03,DE,BMW,3 Series,Diesel,Automatic,Franchise dealer,3,49572,164,3,True,157,23500
CAR-02251,2024-08-04,DE,Volkswagen,Passat,Diesel,Automatic,Independent dealer,4,80889,172,4,True,27,15960
CAR-02889,2024-08-04,DE,BMW,5 Series,Petrol,Automatic,Franchise dealer,5,86281,95,2,False,51,17280
CAR-03470,2024-08-04,AT,Mercedes-Benz,GLA,Petrol,Manual,Franchise dealer,1,8642,203,1,True,84,42870
CAR-04592,2024-08-05,DE,Volkswagen,ID.3,Diesel,Automatic,Independent dealer,6,100234,106,4,True,15,8570
CAR-00698,2024-08-06,DE,Volkswagen,ID.3,Diesel,Automatic,Franchise dealer,1,10607,179,1,True,14,43910
CAR-01494,2024-08-06,NL,Mercedes-Benz,EQE,Petrol,Automatic,Private,9,186645,138,5,True,92,5860
CAR-04198,2024-08-06,NL,BMW,X3,Hybrid,Automatic,Independent dealer,3,43837,172,1,True,31,36710
CAR-00212,2024-08-06,DE,BMW,i4,Hybrid,Automatic,Franchise dealer,6,115434,163,3,True,27,17980
CAR-02452,2024-08-06,DE,Volkswagen,ID.4,Petrol,Automatic,Franchise dealer,5,101156,101,3,True,49,13300
CAR-02514,2024-08-06,DE,Audi,e-tron,Hybrid,Manual,Independent dealer,5,87713,147,2,True,89,21260
CAR-01601,2024-08-06,DE,BMW,X1,Electric,Automatic,Franchise dealer,3,45943,169,2,True,19,23600
CAR-04597,2024-08-06,DE,BMW,i4,Diesel,Manual,Franchise dealer,4,74131,124,2,True,26,23120
CAR-00402,2024-08-07,DE,Volkswagen,ID.3,Petrol,Automatic,Franchise dealer,4,69385,100,1,True,45,18050
CAR-00012,2024-08-07,DE,Volkswagen,ID.3,Electric,Automatic,Independent dealer,2,53459,184,2,True,30,26910
CAR-03441,2024-08-07,DE,BMW,5 Series,Diesel,Automatic,Franchise dealer,10,247529,128,4,True,26,5580
CAR-00445,2024-08-07,NL,Volkswagen,Golf,Petrol,Automatic,Franchise dealer,2,27308,193,1,True,12,25250
CAR-04962,2024-08-08,DE,Mercedes-Benz,C-Class,Diesel,Automatic,Independent dealer,2,29368,210,1,True,9,38230
CAR-02852,2024-08-08,DE,Volkswagen,Passat,Hybrid,Automatic,Franchise dealer,1,24613,176,1,True,100,42110
CAR-02912,2024-08-08,DE,Mercedes-Benz,GLA,Petrol,Manual,Private,7,71129,213,2,True,15,10600
CAR-02070,2024-08-08,DE,Skoda,Superb,Hybrid,Automatic,Private,3,62199,170,2,True,109,25120
CAR-04309,2024-08-09,DE,Volkswagen,ID.4,Diesel,Automatic,Independent dealer,5,106410,155,3,True,29,10390
CAR-04808,2024-08-09,DE,Mercedes-Benz,C-Class,Petrol,Automatic,Independent dealer,6,128409,209,4,True,74,11400
CAR-03789,2024-08-09,AT,Volkswagen,Golf,Electric,Automatic,Franchise dealer,3,69373,170,1,True,61,19070
CAR-02561,2024-08-09,DE,Volkswagen,ID.3,Petrol,Automatic,Franchise dealer,13,229677,145,5,True,17,5760
CAR-00635,2024-08-09,DE,BMW,i4,Petrol,Automatic,Franchise dealer,4,62140,123,1,True,28,22270
CAR-04902,2024-08-09,DE,BMW,X3,Petrol,Automatic,Independent dealer,8,148411,151,3,True,28,9850
CAR-04041,2024-08-10,DE,Volkswagen,ID.4,Diesel,Automatic,Independent dealer,5,91901,155,3,True,6,15460
CAR-02869,2024-08-11,AT,BMW,X1,Electric,Automatic,Franchise dealer,3,57657,220,3,True,22,26800
CAR-00571,2024-08-11,DE,Volkswagen,Golf,Diesel,Manual,Independent dealer,2,42995,103,2,True,42,16720
CAR-00498,2024-08-11,DE,Audi,Q5,Diesel,Automatic,Franchise dealer,1,19606,167,1,True,55,51090
CAR-04956,2024-08-11,DE,Skoda,Superb,Hybrid,Automatic,Franchise dealer,3,75378,101,1,True,29,20300
CAR-04390,2024-08-12,AT,BMW,5 Series,Petrol,Manual,Independent dealer,1,46029,120,2,True,99,38110
CAR-00461,2024-08-13,NL,BMW,i4,Diesel,Automatic,Franchise dealer,2,45700,185,1,True,38,40040
CAR-02610,2024-08-13,DE,Skoda,Enyaq,Diesel,Automatic,Franchise dealer,2,45932,119,2,True,9,27390
CAR-01873,2024-08-13,DE,Skoda,Superb,Petrol,Automatic,Franchise dealer,10,180006,133,5,True,166,5540
CAR-04745,2024-08-13,DE,BMW,X1,Electric,Automatic,Franchise dealer,2,64958,253,1,True,13,34410
CAR-02222,2024-08-14,DE,Audi,Q3,Petrol,Automatic,Private,2,40838,138,2,True,81,28670
CAR-00114,2024-08-14,DE,BMW,X3,Petrol,Manual,Independent dealer,3,51613,185,1,True,12,29370
CAR-00120,2024-08-14,DE,Mercedes-Benz,E-Class,Diesel,Automatic,Franchise dealer,5,62472,163,3,True,21,23550
CAR-00697,2024-08-14,DE,Mercedes-Benz,GLA,Electric,Automatic,Private,10,106939,98,4,False,43,5880
CAR-04809,2024-08-14,DE,Mercedes-Benz,E-Class,Hybrid,Manual,Franchise dealer,9,184683,127,4,True,24,6050
CAR-00767,2024-08-14,DE,BMW,3 Series,Petrol,Automatic,Private,1,29480,136,1,True,8,32970
CAR-02593,2024-08-14,DE,BMW,i4,Diesel,Automatic,Independent dealer,3,62000,179,2,True,94,31790
CAR-03720,2024-08-14,DE,Volkswagen,Passat,Electric,Automatic,Franchise dealer,8,175151,124,4,True,29,5770
CAR-00038,2024-08-14,DE,Audi,e-tron,Diesel,Manual,Independent dealer,4,65663,176,2,True,111,24470
CAR-02102,2024-08-14,DE,Volkswagen,Golf,Hybrid,Automatic,Private,2,43870,182,2,True,59,17400
CAR-03504,2024-08-14,DE,Volkswagen,Golf,Petrol,Automatic,Franchise dealer,3,62936,70,1,True,57,14720
CAR-03931,2024-08-15,DE,Mercedes-Benz,E-Class,Hybrid,Manual,Franchise dealer,1,27751,107,1,True,10,49200
CAR-04104,2024-08-15,AT,Skoda,Karoq,Petrol,Automatic,Franchise dealer,1,36833,158,1,True,50,29660
CAR-01447,2024-08-15,AT,Mercedes-Benz,EQE,Petrol,Automatic,Franchise dealer,8,146922,120,3,True,24,10500
CAR-03201,2024-08-15,NL,Skoda,Octavia,Diesel,Automatic,Private,5,59736,188,1,True,102,11950
CAR-03485,2024-08-16,DE,Volkswagen,Golf,Petrol,Automatic,Franchise dealer,4,70230,221,2,True,14,15210
CAR-03759,2024-08-16,AT,BMW,3 Series,Electric,Automatic,Franchise dealer,5,88586,117,3,True,49,15400
CAR-02688,2024-08-16,DE,Audi,Q3,Petrol,Automatic,Independent dealer,2,29799,190,2,True,75,31140
CAR-03314,2024-08-16,DE,Audi,Q5,Petrol,Automatic,Franchise dealer,6,111861,144,3,True,27,15330
CAR-00365,2024-08-16,DE,Audi,A3,Diesel,Automatic,Franchise dealer,4,91513,154,3,False,27,13300
CAR-01618,2024-08-16,DE,Skoda,Superb,Petrol,Manual,Independent dealer,9,162395,146,2,True,68,4900
CAR-01696,2024-08-16,DE,BMW,X3,Diesel,Automatic,Independent dealer,2,35920,70,1,False,84,25020
CAR-03199,2024-08-16,NL,Skoda,Superb,Diesel,Automatic,Franchise dealer,8,107956,185,4,True,81,8740
CAR-04398,2024-08-16,DE,BMW,X3,Petrol,Manual,Franchise dealer,0,2650,120,1,True,31,55970
CAR-03531,2024-08-16,DE,BMW,X3,Petrol,Automatic,Franchise dealer,7,143220,81,3,True,91,10110
CAR-01538,2024-08-16,DE,Volkswagen,ID.4,Petrol,Automatic,Independent dealer,1,33650,119,1,True,8,36150
CAR-01665,2024-08-17,NL,Skoda,Superb,Electric,Manual,Franchise dealer,12,131332,116,5,False,26,6280
CAR-02642,2024-08-17,DE,Mercedes-Benz,C-Class,Hybrid,Automatic,Private,4,81029,197,1,True,11,20490
CAR-03696,2024-08-17,DE,Audi,Q3,Diesel,Automatic,Franchise dealer,5,84172,149,2,True,49,13560
CAR-02045,2024-08-17,DE,BMW,3 Series,Diesel,Automatic,Independent dealer,11,123579,129,4,False,95,5600
CAR-00550,2024-08-17,DE,Mercedes-Benz,EQE,Petrol,Automatic,Franchise dealer,4,73546,153,1,True,25,32890
CAR-02756,2024-08-17,DE,Skoda,Superb,Petrol,Automatic,Franchise dealer,8,147947,97,2,True,62,5520
CAR-00699,2024-08-17,AT,Audi,A4,Hybrid,Automatic,Franchise dealer,5,76950,127,2,True,18,16660
CAR-03554,2024-08-17,AT,Audi,A3,Electric,Automatic,Independent dealer,2,53194,209,2,True,5,26120
CAR-01597,2024-08-18,DE,BMW,X3,Diesel,Automatic,Franchise dealer,2,40215,197,1,True,17,41590
CAR-03431,2024-08-18,DE,Mercedes-Benz,EQE,Petrol,Automatic,Private,6,115322,159,2,True,61,14690
CAR-03288,2024-08-18,DE,BMW,X3,Hybrid,Automatic,Independent dealer,2,24082,82,3,True,29,37890
CAR-01210,2024-08-18,DE,Volkswagen,Tiguan,Electric,Automatic,Private,6,142118,150,3,True,91,8640
CAR-01136,2024-08-18,DE,Mercedes-Benz,GLA,Petrol,Automatic,Franchise dealer,4,75924,219,3,True,67,21720
CAR-00758,2024-08-19,DE,BMW,X1,Petrol,Automatic,Independent dealer,2,44262,171,1,True,80,30960
CAR-02489,2024-08-19,DE,Volkswagen,Golf,Petrol,Automatic,Franchise dealer,5,100385,135,4,True,14,9500
CAR-01417,2024-08-19,DE,Mercedes-Benz,A-Class,Hybrid,Automatic,Franchise dealer,2,30411,103,2,True,66,24130
CAR-01829,2024-08-19,DE,Mercedes-Benz,C-Class,Petrol,Automatic,Franchise dealer,6,108044,165,2,True,24,13140
CAR-03492,2024-08-19,AT,Skoda,Superb,Diesel,Automatic,Franchise dealer,2,47197,162,1,True,18,28420
CAR-01989,2024-08-19,DE,BMW,X1,Hybrid,Manual,Independent dealer,6,117105,109,3,True,29,8440
CAR-04666,2024-08-19,DE,Volkswagen,Passat,Petrol,Automatic,Private,6,122197,189,4,True,29,9040
CAR-04047,2024-08-19,NL,Audi,Q3,Petrol,Manual,Independent dealer,7,117712,141,4,True,33,7790
CAR-04744,2024-08-19,DE,BMW,i4,Diesel,Automatic,Franchise dealer,1,25661,199,2,True,21,50720
CAR-04263,2024-08-19,DE,Volkswagen,ID.3,Diesel,Automatic,Independent dealer,1,19737,111,1,True,82,31980
CAR-02787,2024-08-19,DE,Mercedes-Benz,A-Class,Diesel,Manual,Independent dealer,6,125982,127,3,True,102,7460
CAR-02297,2024-08-20,DE,BMW,i4,Hybrid,Manual,Franchise dealer,3,55667,186,2,True,35,36680
CAR-03935,2024-08-20,DE,Audi,A3,Petrol,Automatic,Private,4,69544,244,3,False,85,13760
CAR-00107,2024-08-20,DE,Audi,A3,Petrol,Automatic,Franchise dealer,11,178055,219,3,False,30,5920
CAR-02673,2024-08-20,NL,Mercedes-Benz,E-Class,Hybrid,Automatic,Independent dealer,4,73456,159,2,True,61,27550
CAR-00161,2024-08-21,NL,Skoda,Octavia,Petrol,Manual,Franchise dealer,7,148750,219,4,True,25,6100
CAR-03984,2024-08-21,AT,Audi,Q5,Hybrid,Automatic,Independent dealer,4,84246,132,3,True,72,24810
CAR-03631,2024-08-21,DE,Skoda,Octavia,Petrol,Automatic,Franchise dealer,5,88290,156,2,True,115,11220
CAR-04209,2024-08-21,DE,BMW,5 Series,Hybrid,Automatic,Independent dealer,9,188989,152,4,True,31,5920
CAR-03583,2024-08-21,AT,Volkswagen,Passat,Diesel,Automatic,Independent dealer,2,53626,82,2,True,59,22800
CAR-04915,2024-08-21,DE,Volkswagen,ID.4,Electric,Automatic,Franchise dealer,4,64704,72,3,True,39,18520
CAR-02117,2024-08-22,DE,BMW,i4,Petrol,Automatic,Franchise dealer,1,40482,168,1,True,65,44760
CAR-03324,2024-08-22,DE,Volkswagen,Passat,Petrol,Manual,Franchise dealer,1,27581,81,1,False,11,25430
CAR-03019,2024-08-22,AT,Audi,Q3,Diesel,Automatic,Independent dealer,10,154421,120,4,True,31,5540
CAR-04489,2024-08-22,DE,Mercedes-Benz,E-Class,Diesel,Automatic,Franchise dealer,2,57004,120,1,True,20,37890
CAR-01805,2024-08-22,DE,Volkswagen,Golf,Hybrid,Automatic,Franchise dealer,4,83579,152,1,True,21,13950
CAR-03705,2024-08-22,DE,BMW,X3,Petrol,Automatic,Independent dealer,1,28590,143,1,True,30,47160
CAR-01693,2024-08-23,DE,Volkswagen,ID.4,Hybrid,Automatic,Private,5,65384,70,3,True,50,16390
CAR-03413,2024-08-23,DE,BMW,3 Series,Hybrid,Automatic,Franchise dealer,5,60986,231,2,True,53,21140
CAR-03137,2024-08-23,DE,BMW,X3,Petrol,Manual,Private,4,86904,151,2,True,25,19600
CAR-00629,2024-08-23,DE,Volkswagen,Passat,Hybrid,Manual,Franchise dealer,2,51223,137,1,True,24,28700
CAR-00814,2024-08-23,DE,BMW,3 Series,Petrol,Manual,Independent dealer,1,24315,189,1,True,86,35440
CAR-02846,2024-08-23,AT,Audi,Q3,Petrol,Automatic,Independent dealer,13,209881,80,5,True,31,6300
CAR-03416,2024-08-23,AT,Volkswagen,Tiguan,Petrol,Automatic,Franchise dealer,2,27210,141,1,True,37,29150
CAR-00292,2024-08-23,DE,Skoda,Octavia,Electric,Manual,Franchise dealer,3,40057,167,2,True,33,17390
CAR-04282,2024-08-24,DE,Volkswagen,Passat,Diesel,Manual,Independent dealer,3,62736,108,2,True,78,14490
CAR-00640,2024-08-24,AT,Volkswagen,Tiguan,Electric,Automatic,Independent dealer,9,184066,213,4,True,59,5680
CAR-00481,2024-08-24,DE,BMW,3 Series,Hybrid,Manual,Franchise dealer,2,19356,142,1,False,53,28310
CAR-02165,2024-08-25,DE,Audi,Q3,Electric,Manual,Franchise dealer,4,84753,70,1,True,28,16940
CAR-02654,2024-08-25,DE,Mercedes-Benz,GLA,Hybrid,Manual,Independent dealer,3,66007,135,2,True,58,18450
CAR-01913,2024-08-26,DE,Mercedes-Benz,E-Class,Diesel,Automatic,Franchise dealer,1,21864,199,1,True,46,64690
CAR-02243,2024-08-26,DE,Audi,A4,Electric,Manual,Franchise dealer,11,147660,183,4,True,20,5400
CAR-00044,2024-08-26,DE,Volkswagen,Tiguan,Hybrid,Automatic,Independent dealer,2,43521,124,2,True,52,30060
CAR-03494,2024-08-26,DE,BMW,3 Series,Hybrid,Automatic,Private,2,45944,154,2,False,34,25600
CAR-01326,2024-08-26,DE,Audi,A3,Petrol,Manual,Private,3,66334,112,1,True,11,14980
CAR-02685,2024-08-26,DE,Volkswagen,ID.4,Diesel,Manual,Private,1,28845,178,1,True,18,31360
CAR-01787,2024-08-27,DE,Volkswagen,ID.4,Petrol,Automatic,Franchise dealer,5,116460,179,2,True,9,12460
CAR-00000,2024-08-27,AT,Volkswagen,Passat,Hybrid,Automatic,Franchise dealer,4,57936,108,3,True,53,17510
CAR-01763,2024-08-28,NL,BMW,5 Series,Petrol,Automatic,Franchise dealer,9,188455,142,3,True,52,5830
CAR-01282,2024-08-28,NL,Mercedes-Benz,A-Class,Electric,Manual,Franchise dealer,13,235135,198,4,False,20,5730
CAR-02953,2024-08-28,AT,Skoda,Kodiaq,Diesel,Automatic,Independent dealer,11,152884,185,4,True,35,5520
CAR-00963,2024-08-29,DE,BMW,3 Series,Petrol,Automatic,Independent dealer,7,93148,145,3,True,42,9660
CAR-00435,2024-08-29,DE,BMW,3 Series,Hybrid,Manual,Independent dealer,5,89977,70,1,True,11,12050
CAR-01185,2024-08-29,DE,Volkswagen,Tiguan,Electric,Automatic,Franchise dealer,3,58134,143,1,False,42,20180
CAR-02081,2024-08-29,DE,BMW,X1,Diesel,Automatic,Franchise dealer,5,108589,116,2,True,31,12070
CAR-04243,2024-08-29,DE,Mercedes-Benz,A-Class,Diesel,Manual,Independent dealer,3,58617,170,2,True,12,17570
CAR-02240,2024-08-29,AT,Audi,A4,Petrol,Automatic,Franchise dealer,3,53415,99,1,True,19,24320
CAR-01130,2024-08-29,DE,Skoda,Kodiaq,Diesel,Automatic,Private,3,39341,145,1,True,73,20360
CAR-00310,2024-08-29,NL,Mercedes-Benz,C-Class,Diesel,Automatic,Private,4,92946,167,2,True,29,15100
CAR-02738,2024-08-29,DE,Volkswagen,Golf,Diesel,Automatic,Private,7,121767,92,3,True,17,5350
CAR-02715,2024-08-30,DE,Audi,e-tron,Hybrid,Automatic,Franchise dealer,5,119416,146,2,True,65,20550
CAR-01818,2024-08-30,DE,Mercedes-Benz,GLA,Petrol,Manual,Independent dealer,10,205550,185,2,True,47,5640
CAR-04312,2024-08-30,NL,Audi,A4,Diesel,Manual,Independent dealer,2,36452,87,2,True,36,22890
CAR-03530,2024-08-30,NL,BMW,i4,Petrol,Automatic,Private,4,77798,168,2,True,67,23990
CAR-04315,2024-08-31,DE,Volkswagen,ID.4,Hybrid,Automatic,Franchise dealer,4,74861,85,3,False,61,15410
CAR-03080,2024-08-31,AT,Audi,A4,Petrol,Automatic,Independent dealer,6,97811,138,3,True,35,12700
CAR-04643,2024-08-31,DE,BMW,3 Series,Hybrid,Automatic,Private,3,63200,155,2,True,46,18350
CAR-02260,2024-08-31,DE,Volkswagen,Golf,Electric,Manual,Private,9,157009,120,4,True,45,6270
CAR-03460,2024-09-01,DE,Mercedes-Benz,GLA,Petrol,Automatic,Private,9,131008,134,3,True,42,5680
CAR-02320,2024-09-01,DE,BMW,3 Series,Petrol,Automatic,Franchise dealer,4,74911,93,2,True,110,16850
CAR-04988,2024-09-01,DE,Skoda,Octavia,Diesel,Automatic,Independent dealer,6,86183,152,4,False,43,6620
CAR-01524,2024-09-01,DE,Volkswagen,Passat,Petrol,Automatic,Franchise dealer,5,120061,75,1,True,50,9490
CAR-00588,2024-09-02,DE,BMW,i4,Petrol,Automatic,Independent dealer,4,38994,125,3,False,28,24710
CAR-04393,2024-09-02,DE,Volkswagen,Golf,Petrol,Automatic,Franchise dealer,2,34884,162,1,True,25,21680
CAR-02592,2024-09-02,DE,Volkswagen,Passat,Diesel,Automatic,Franchise dealer,4,73100,171,2,True,33,16720
CAR-00625,2024-09-02,DE,Audi,A4,Hybrid,Automatic,Independent dealer,1,16210,136,1,True,20,48410
CAR-01908,2024-09-02,AT,Volkswagen,Tiguan,Petrol,Automatic,Private,4,88438,105,2,True,9,14290
CAR-00166,2024-09-03,DE,Volkswagen,Passat,Diesel,Automatic,Independent dealer,1,21076,140,1,True,7,35300
CAR-04576,2024-09-03,NL,Volkswagen,Passat,Diesel,Manual,Franchise dealer,1,26790,216,2,True,46,38330
CAR-00392,2024-09-03,DE,Mercedes-Benz,GLA,Diesel,Manual,Private,7,126127,207,3,True,21,7570
CAR-01002,2024-09-03,AT,BMW,X3,Petrol,Automatic,Franchise dealer,5,81918,162,3,True,111,18950
CAR-04156,2024-09-03,DE,Skoda,Superb,Diesel,Manual,Private,7,113954,189,3,True,38,6950
CAR-00148,2024-09-03,DE,Mercedes-Benz,E-Class,Hybrid,Automatic,Independent dealer,2,53298,74,2,True,56,37620
CAR-00686,2024-09-03,DE,Mercedes-Benz,GLA,Hybrid,Automatic,Private,9,134523,90,5,True,83,5540
CAR-04983,2024-09-03,DE,BMW,i4,Hybrid,Automatic,Franchise dealer,4,72828,144,1,True,16,25840
CAR-02223,2024-09-04,DE,BMW,5 Series,Electric,Automatic,Franchise dealer,4,57392,165,1,True,107,30640
CAR-00992,2024-09-04,DE,Volkswagen,ID.4,Diesel,Manual,Franchise dealer,3,34273,182,1,False,96,23310
CAR-03216,2024-09-04,DE,Audi,Q3,Petrol,Manual,Independent dealer,8,124714,152,3,True,37,6010
CAR-04165,2024-09-04,DE,Audi,Q5,Petrol,Manual,Independent dealer,4,84908,103,1,True,23,20120
CAR-01467,2024-09-04,DE,Audi,e-tron,Electric,Manual,Independent dealer,9,147872,98,4,True,18,7350
CAR-01108,2024-09-04,DE,Skoda,Superb,Electric,Automatic,Independent dealer,3,67244,92,1,True,15,21450
CAR-03148,2024-09-04,DE,Skoda,Superb,Electric,Automatic,Franchise dealer,4,74349,173,3,True,77,22890
CAR-00442,2024-09-04,DE,Volkswagen,Passat,Diesel,Automatic,Private,4,73125,164,1,True,26,16120
CAR-01472,2024-09-05,DE,BMW,i4,Electric,Automatic,Independent dealer,3,80584,211,2,True,65,32640
CAR-01760,2024-09-05,DE,Audi,A4,Diesel,Manual,Independent dealer,5,78398,143,3,True,27,12960
CAR-04240,2024-09-05,DE,Volkswagen,ID.3,Diesel,Automatic,Franchise dealer,4,68969,91,2,True,34,13000
CAR-01505,2024-09-06,AT,Mercedes-Benz,GLA,Petrol,Automatic,Franchise dealer,12,159385,129,4,True,90,6290
CAR-02409,2024-09-06,DE,Skoda,Octavia,Diesel,Automatic,Franchise dealer,2,47937,158,2,True,45,18380
CAR-03702,2024-09-06,DE,Mercedes-Benz,EQE,Electric,Automatic,Franchise dealer,2,43297,145,2,True,37,50240
CAR-03154,2024-09-06,NL,BMW,i4,Petrol,Automatic,Franchise dealer,3,78034,162,3,True,11,30720
CAR-04164,2024-09-06,DE,Volkswagen,Passat,Diesel,Automatic,Private,5,112114,205,3,False,51,9280
CAR-04119,2024-09-07,DE,Mercedes-Benz,E-Class,Hybrid,Manual,Franchise dealer,7,121417,135,4,True,30,12240
CAR-04051,2024-09-07,DE,Volkswagen,Tiguan,Petrol,Automatic,Franchise dealer,4,40458,179,1,True,48,23230
CAR-01979,2024-09-07,AT,BMW,X1,Petrol,Automatic,Independent dealer,1,14774,177,2,False,42,34510
CAR-03359,2024-09-07,DE,Volkswagen,Tiguan,Electric,Manual,Private,4,78825,164,3,False,34,12310
CAR-02149,2024-09-07,DE,BMW,i4,Petrol,Automatic,Franchise dealer,2,40792,162,3,True,68,32470
CAR-02295,2024-09-07,DE,BMW,5 Series,Petrol,Manual,Franchise dealer,4,95187,126,2,True,60,19580
CAR-04143,2024-09-07,DE,Audi,A4,Petrol,Automatic,Franchise dealer,5,63172,127,1,True,30,15040
CAR-03042,2024-09-07,AT,Volkswagen,Passat,Petrol,Manual,Franchise dealer,2,39408,79,2,True,36,24100
CAR-03868,2024-09-07,DE,Volkswagen,ID.3,Petrol,Manual,Franchise dealer,5,111472,126,2,True,26,9780
CAR-04543,2024-09-07,DE,Mercedes-Benz,EQE,Hybrid,Automatic,Independent dealer,5,86864,148,4,True,18,24540
CAR-03003,2024-09-07,DE,Volkswagen,Passat,Petrol,Automatic,Independent dealer,1,26934,125,1,False,47,28880
CAR-03926,2024-09-08,DE,Mercedes-Benz,E-Class,Electric,Automatic,Independent dealer,4,54047,113,2,True,13,26110
CAR-03117,2024-09-08,DE,Volkswagen,ID.4,Petrol,Automatic,Private,5,88862,156,3,True,14,13730
CAR-01480,2024-09-08,DE,Mercedes-Benz,C-Class,Petrol,Automatic,Independent dealer,2,44777,132,1,True,51,30200
CAR-02672,2024-09-08,AT,Audi,A4,Hybrid,Automatic,Private,3,95694,155,1,True,47,20450
CAR-02925,2024-09-08,DE,Mercedes-Benz,GLA,Hybrid,Manual,Independent dealer,2,38436,131,1,False,46,24020
CAR-02019,2024-09-09,AT,Audi,e-tron,Diesel,Manual,Independent dealer,2,59867,123,2,True,55,35370
CAR-00394,2024-09-09,DE,BMW,5 Series,Hybrid,Automatic,Independent dealer,3,84216,140,2,False,86,24620
CAR-02488,2024-09-09,DE,BMW,3 Series,Petrol,Automatic,Independent dealer,5,101843,137,3,True,25,13660
CAR-02608,2024-09-09,DE,Volkswagen,Passat,Petrol,Automatic,Independent dealer,2,23567,176,2,True,59,26010
CAR-00714,2024-09-09,DE,Volkswagen,Passat,Hybrid,Automatic,Franchise dealer,4,78255,179,2,True,34,19660
CAR-03562,2024-09-09,DE,Skoda,Octavia,Electric,Automatic,Independent dealer,13,231696,113,5,True,74,5300
CAR-01743,2024-09-10,DE,Skoda,Superb,Petrol,Automatic,Independent dealer,7,90015,144,3,True,16,9370
CAR-04028,2024-09-10,DE,Mercedes-Benz,GLA,Diesel,Automatic,Independent dealer,3,55177,85,2,True,25,15590
CAR-04718,2024-09-10,DE,Mercedes-Benz,C-Class,Diesel,Automatic,Franchise dealer,5,90208,160,2,True,26,15690
CAR-03213,2024-09-10,DE,Mercedes-Benz,EQE,Diesel,Manual,Franchise dealer,3,67569,248,1,True,103,40360
CAR-00860,2024-09-11,DE,Volkswagen,Golf,Petrol,Manual,Independent dealer,6,103101,126,2,True,48,6950
CAR-00165,2024-09-11,AT,Audi,Q3,Hybrid,Manual,Independent dealer,1,26926,148,1,True,28,34410
CAR-02866,2024-09-11,DE,Audi,Q3,Hybrid,Automatic,Franchise dealer,2,47897,202,2,True,107,37620
CAR-04678,2024-09-11,DE,BMW,X3,Electric,Manual,Independent dealer,3,44124,187,2,True,65,36410
CAR-04365,2024-09-12,DE,BMW,X3,Diesel,Automatic,Franchise dealer,4,71203,168,1,True,33,24120
CAR-04695,2024-09-12,DE,Volkswagen,Tiguan,Electric,Automatic,Independent dealer,12,218008,90,4,True,30,5290
CAR-04161,2024-09-12,DE,Audi,e-tron,Petrol,Automatic,Independent dealer,6,81930,122,3,True,51,18020
CAR-01586,2024-09-12,DE,Audi,A3,Diesel,Manual,Franchise dealer,4,89237,94,2,True,63,11160
CAR-04062,2024-09-12,DE,BMW,X3,Electric,Automatic,Franchise dealer,1,33841,144,2,True,6,52170
CAR-03177,2024-09-12,DE,Audi,e-tron,Petrol,Automatic,Private,1,33895,94,1,True,5,41090
CAR-01909,2024-09-13,DE,Skoda,Karoq,Electric,Automatic,Franchise dealer,1,31550,95,1,True,61,29880
CAR-03624,2024-09-13,DE,Volkswagen,Golf,Hybrid,Automatic,Franchise dealer,4,91240,141,2,False,34,10870
CAR-01821,2024-09-13,AT,Mercedes-Benz,EQE,Diesel,Automatic,Franchise dealer,4,71068,195,1,True,13,29780
CAR-00606,2024-09-13,DE,Skoda,Karoq,Petrol,Automatic,Franchise dealer,5,132644,121,3,True,86,9210
CAR-00641,2024-09-13,DE,Volkswagen,Golf,Electric,Automatic,Private,3,41480,122,2,True,33,14600
CAR-03986,2024-09-13,NL,Audi,A4,Electric,Automatic,Independent dealer,2,60674,232,2,True,35,34610
CAR-04428,2024-09-13,DE,Audi,Q3,Hybrid,Automatic,Franchise dealer,4,68562,76,2,True,66,16070
CAR-00932,2024-09-13,DE,Audi,A3,Petrol,Automatic,Independent dealer,4,84872,112,1,True,48,12740
CAR-01857,2024-09-14,DE,Audi,e-tron,Petrol,Automatic,Independent dealer,3,62372,70,3,True,34,28610
CAR-03408,2024-09-14,DE,Mercedes-Benz,C-Class,Petrol,Automatic,Independent dealer,1,30709,97,1,True,45,35900
CAR-00658,2024-09-14,DE,Mercedes-Benz,A-Class,Diesel,Manual,Independent dealer,3,47375,208,3,True,49,17290
CAR-00782,2024-09-14,DE,Mercedes-Benz,E-Class,Petrol,Automatic,Independent dealer,3,43171,76,1,True,55,29670
CAR-03225,2024-09-14,DE,Volkswagen,Tiguan,Petrol,Automatic,Franchise dealer,5,88438,122,2,True,101,14040
CAR-01575,2024-09-15,DE,Audi,e-tron,Electric,Automatic,Independent dealer,6,105253,124,3,True,35,16600
CAR-01192,2024-09-15,DE,Skoda,Kodiaq,Hybrid,Automatic,Franchise dealer,7,148539,89,2,True,27,7530
CAR-04540,2024-09-15,DE,BMW,5 Series,Petrol,Manual,Franchise dealer,3,58016,149,1,True,7,28770
CAR-02403,2024-09-15,AT,Skoda,Karoq,Diesel,Automatic,Private,1,30521,107,2,True,32,24250
CAR-01885,2024-09-16,DE,Audi,A3,Petrol,Automatic,Independent dealer,9,150658,78,4,False,94,6230
CAR-03612,2024-09-16,DE,Volkswagen,ID.3,Diesel,Automatic,Private,2,28311,126,1,True,34,21030
CAR-02005,2024-09-16,DE,Skoda,Karoq,Hybrid,Automatic,Independent dealer,4,87137,131,3,True,120,14360
CAR-01349,2024-09-16,DE,BMW,X1,Petrol,Automatic,Private,2,36501,133,1,True,13,26190
CAR-04305,2024-09-16,DE,BMW,i4,Hybrid,Automatic,Franchise dealer,3,53517,198,2,True,85,41040
CAR-00864,2024-09-17,DE,BMW,i4,Electric,Manual,Franchise dealer,13,218517,164,5,True,105,5910
CAR-03546,2024-09-17,DE,Mercedes-Benz,EQE,Diesel,Automatic,Independent dealer,4,60816,246,3,True,33,29210
CAR-02830,2024-09-17,AT,Audi,e-tron,Diesel,Manual,Independent dealer,6,106467,131,3,True,23,15620
CAR-01968,2024-09-17,AT,Mercedes-Benz,GLA,Petrol,Automatic,Franchise dealer,3,57291,140,1,True,60,23350
CAR-00470,2024-09-17,DE,Audi,Q3,Electric,Automatic,Franchise dealer,4,71016,170,2,True,8,19420
CAR-04244,2024-09-17,AT,Volkswagen,Passat,Electric,Manual,Franchise dealer,6,76624,145,3,True,30,13330
CAR-01722,2024-09-18,DE,Volkswagen,Tiguan,Hybrid,Automatic,Independent dealer,6,81156,138,2,True,20,11420
CAR-02122,2024-09-18,DE,Audi,e-tron,Hybrid,Automatic,Franchise dealer,13,258318,163,5,True,8,5270
CAR-02344,2024-09-18,DE,Volkswagen,Tiguan,Electric,Automatic,Franchise dealer,4,63380,128,2,True,9,18760
CAR-00617,2024-09-18,DE,Audi,A3,Hybrid,Automatic,Private,4,56117,121,1,True,15,16130
CAR-04150,2024-09-18,DE,Audi,A4,Petrol,Automatic,Independent dealer,3,61583,114,2,True,40,20020
CAR-03123,2024-09-18,AT,Mercedes-Benz,C-Class,Diesel,Manual,Franchise dealer,2,56560,162,1,True,50,27890
CAR-01383,2024-09-18,DE,Skoda,Octavia,Petrol,Automatic,Franchise dealer,1,36371,125,2,True,13,23350
CAR-00308,2024-09-18,DE,Audi,A3,Petrol,Automatic,Franchise dealer,5,89734,131,2,True,19,11090
CAR-00602,2024-09-18,AT,Skoda,Octavia,Petrol,Automatic,Franchise dealer,4,100070,93,2,True,94,12100
CAR-02606,2024-09-19,DE,Volkswagen,ID.3,Petrol,Automatic,Independent dealer,7,104365,100,4,True,82,7570
CAR-01081,2024-09-19,NL,Skoda,Enyaq,Electric,Automatic,Independent dealer,7,93017,177,4,True,13,10370
CAR-00729,2024-09-20,DE,Mercedes-Benz,EQE,Petrol,Automatic,Franchise dealer,6,131448,124,2,False,47,12640
CAR-00832,2024-09-20,DE,Audi,A4,Petrol,Automatic,Franchise dealer,7,86166,91,2,True,50,9350
CAR-03119,2024-09-20,DE,Audi,A4,Petrol,Automatic,Franchise dealer,3,47685,104,2,False,88,18840
CAR-03545,2024-09-20,DE,Mercedes-Benz,E-Class,Electric,Automatic,Independent dealer,4,55102,166,2,True,6,29780
CAR-03322,2024-09-20,DE,Volkswagen,ID.3,Petrol,Automatic,Independent dealer,9,116462,120,3,True,33,5350
CAR-00304,2024-09-20,DE,Skoda,Enyaq,Petrol,Automatic,Independent dealer,2,38052,102,1,True,28,29790
CAR-00025,2024-09-21,DE,BMW,5 Series,Petrol,Automatic,Independent dealer,4,35778,105,2,False,36,21850
CAR-03000,2024-09-21,DE,Volkswagen,ID.3,Hybrid,Automatic,Private,4,75868,163,1,True,38,17210
CAR-03465,2024-09-21,DE,Volkswagen,ID.4,Petrol,Automatic,Franchise dealer,3,50499,176,2,True,30,28060
CAR-03138,2024-09-21,DE,Volkswagen,ID.3,Diesel,Automatic,Independent dealer,1,37063,144,1,True,34,31110
CAR-03817,2024-09-22,AT,Audi,e-tron,Diesel,Automatic,Franchise dealer,6,127990,205,3,True,14,17640
CAR-00448,2024-09-22,NL,BMW,X1,Hybrid,Automatic,Franchise dealer,2,37587,70,1,True,35,32170
CAR-02099,2024-09-22,DE,Audi,Q3,Hybrid,Automatic,Franchise dealer,3,77933,70,1,True,24,19820
CAR-02072,2024-09-22,AT,Audi,Q3,Hybrid,Automatic,Private,6,107269,147,2,True,34,12030
CAR-02590,2024-09-23,AT,Volkswagen,Golf,Diesel,Automatic,Private,12,204688,175,5,True,10,5450
CAR-00259,2024-09-23,DE,Mercedes-Benz,EQE,Electric,Manual,Private,2,59721,185,1,False,33,35060
CAR-02037,2024-09-23,DE,BMW,X3,Petrol,Automatic,Independent dealer,1,24035,148,2,True,25,48970
CAR-00300,2024-09-23,AT,Volkswagen,Golf,Hybrid,Manual,Independent dealer,2,44919,188,2,True,62,21610
CAR-04269,2024-09-23,DE,Volkswagen,Passat,Petrol,Automatic,Independent dealer,13,205630,172,5,True,82,5000
CAR-02264,2024-09-23,DE,Mercedes-Benz,C-Class,Petrol,Automatic,Franchise dealer,4,63847,156,2,True,57,22400
CAR-03836,2024-09-24,DE,Volkswagen,Golf,Hybrid,Automatic,Franchise dealer,2,44587,203,1,True,6,22760
CAR-02159,2024-09-24,NL,BMW,i4,Petrol,Automatic,Franchise dealer,1,27687,97,1,True,57,51440
CAR-01379,2024-09-24,DE,Mercedes-Benz,EQE,Petrol,Automatic,Franchise dealer,3,65610,200,1,True,38,43010
CAR-02225,2024-09-24,DE,Audi,A4,Hybrid,Automatic,Franchise dealer,1,11202,157,1,True,45,41880
CAR-02555,2024-09-24,DE,Volkswagen,ID.3,Electric,Manual,Independent dealer,6,91481,140,3,True,51,9680
CAR-00849,2024-09-24,NL,Skoda,Enyaq,Diesel,Manual,Private,6,99496,112,3,True,44,8420
CAR-01263,2024-09-25,DE,Skoda,Octavia,Diesel,Automatic,Franchise dealer,9,147281,171,4,True,66,5940
CAR-00344,2024-09-25,DE,Volkswagen,ID.3,Diesel,Automatic,Independent dealer,1,7561,122,2,True,33,35660
CAR-04014,2024-09-25,DE,Mercedes-Benz,A-Class,Electric,Manual,Franchise dealer,2,66151,166,1,True,59,26980
CAR-01961,2024-09-25,DE,Audi,Q3,Petrol,Automatic,Franchise dealer,3,81521,160,2,True,3,24310
CAR-01732,2024-09-25,NL,Volkswagen,Passat,Diesel,Manual,Independent dealer,3,62536,135,1,True,24,19060
CAR-02181,2024-09-26,DE,Skoda,Octavia,Diesel,Automatic,Franchise dealer,6,127431,130,3,True,7,6400
CAR-04677,2024-09-26,DE,BMW,3 Series,Petrol,Automatic,Independent dealer,9,120275,135,3,True,26,5590
CAR-00421,2024-09-26,DE,BMW,X1,Petrol,Automatic,Franchise dealer,1,18704,86,2,True,15,35050
CAR-03310,2024-09-26,DE,Skoda,Enyaq,Diesel,Manual,Independent dealer,4,75086,96,2,True,17,15010
CAR-00373,2024-09-27,DE,Audi,A3,Petrol,Automatic,Franchise dealer,7,117299,133,3,True,21,6800
CAR-03187,2024-09-27,DE,Skoda,Enyaq,Diesel,Automatic,Private,5,87534,145,3,True,37,14080
CAR-01835,2024-09-27,DE,BMW,X3,Petrol,Automatic,Independent dealer,3,43890,133,1,True,39,33220
CAR-02632,2024-09-28,AT,Skoda,Octavia,Petrol,Automatic,Private,8,128112,207,4,True,18,5640
CAR-01111,2024-09-28,DE,Mercedes-Benz,EQE,Diesel,Automatic,Independent dealer,0,9798,171,1,True,44,82650
CAR-02843,2024-09-28,DE,Audi,Q3,Petrol,Automatic,Independent dealer,2,48539,132,2,True,34,29650
CAR-03424,2024-09-28,DE,BMW,i4,Diesel,Automatic,Independent dealer,11,232342,158,5,False,19,5670
CAR-04228,2024-09-29,DE,Mercedes-Benz,GLA,Petrol,Automatic,Franchise dealer,2,34394,236,1,True,58,36820
CAR-04219,2024-09-29,DE,Volkswagen,Golf,Hybrid,Automatic,Franchise dealer,2,39808,182,1,True,41,31370
CAR-02653,2024-09-29,DE,Volkswagen,ID.4,Hybrid,Automatic,Franchise dealer,3,49273,115,1,True,49,26510
CAR-02025,2024-09-29,DE,Audi,A3,Electric,Manual,Independent dealer,6,146372,211,3,True,38,7660
CAR-00432,2024-09-29,NL,Volkswagen,Passat,Diesel,Automatic,Independent dealer,6,75996,130,4,True,83,10120
CAR-00910,2024-09-29,DE,Volkswagen,ID.3,Petrol,Automatic,Independent dealer,2,41265,162,1,True,49,27360
CAR-02052,2024-09-29,DE,Mercedes-Benz,GLA,Petrol,Manual,Independent dealer,6,88710,178,4,True,21,11470
CAR-02155,2024-09-30,DE,Skoda,Superb,Diesel,Automatic,Independent dealer,1,11453,70,1,False,70,28610
CAR-00286,2024-09-30,NL,BMW,X3,Diesel,Automatic,Independent dealer,7,113173,184,4,True,103,12290
CAR-01001,2024-09-30,AT,Mercedes-Benz,A-Class,Petrol,Automatic,Independent dealer,2,40533,85,1,True,57,26180
CAR-03706,2024-09-30,DE,Audi,Q3,Hybrid,Automatic,Independent dealer,2,33517,134,1,True,52,27440
CAR-04127,2024-09-30,DE,Mercedes-Benz,A-Class,Diesel,Automatic,Private,8,158728,184,2,True,12,5520
CAR-01183,2024-10-01,DE,BMW,X3,Electric,Automatic,Franchise dealer,5,102216,113,2,True,55,17620
CAR-02962,2024-10-01,DE,BMW,3 Series,Electric,Manual,Independent dealer,7,121398,99,3,True,38,8270
CAR-03292,2024-10-01,DE,Mercedes-Benz,A-Class,Hybrid,Automatic,Independent dealer,5,100081,104,1,True,28,11690
CAR-04231,2024-10-02,DE,BMW,i4,Hybrid,Automatic,Franchise dealer,5,86190,148,1,True,42,21330
CAR-00088,2024-10-02,DE,BMW,X1,Petrol,Manual,Independent dealer,3,81840,112,3,True,17,17420
CAR-04901,2024-10-02,NL,Audi,A4,Diesel,Automatic,Franchise dealer,2,34214,73,2,True,15,26480
CAR-03228,2024-10-02,DE,Volkswagen,Golf,Hybrid,Manual,Independent dealer,6,90751,144,3,False,37,6310
CAR-02922,2024-10-02,AT,BMW,3 Series,Petrol,Automatic,Franchise dealer,13,300203,97,5,True,79,5490
CAR-03206,2024-10-03,DE,BMW,5 Series,Hybrid,Manual,Independent dealer,5,75277,92,3,True,35,19090
CAR-04947,2024-10-03,DE,Volkswagen,Tiguan,Diesel,Automatic,Independent dealer,5,102094,152,3,False,27,10770
CAR-03194,2024-10-03,DE,Volkswagen,ID.4,Electric,Automatic,Independent dealer,13,218168,102,5,True,29,5600
CAR-04495,2024-10-03,DE,Audi,A3,Petrol,Automatic,Franchise dealer,1,32281,133,1,True,11,30240
CAR-00632,2024-10-03,DE,BMW,X1,Diesel,Automatic,Franchise dealer,7,105714,128,3,True,33,8670
CAR-01778,2024-10-03,DE,Audi,e-tron,Petrol,Automatic,Independent dealer,13,259011,110,5,True,29,5840
CAR-00276,2024-10-03,NL,Audi,e-tron,Hybrid,Automatic,Franchise dealer,6,107811,135,2,True,101,15900
CAR-00744,2024-10-04,DE,Mercedes-Benz,EQE,Hybrid,Automatic,Private,6,112933,216,2,True,70,20290
CAR-00213,2024-10-04,DE,Volkswagen,Golf,Diesel,Automatic,Private,1,30440,213,1,True,30,24500
CAR-00663,2024-10-04,DE,BMW,X3,Hybrid,Automatic,Franchise dealer,4,51844,146,1,True,80,30950
CAR-04555,2024-10-04,DE,Volkswagen,ID.3,Electric,Automatic,Franchise dealer,5,100000,166,2,True,91,12160
CAR-00309,2024-10-05,DE,BMW,3 Series,Diesel,Automatic,Franchise dealer,1,26305,70,1,False,16,29320
CAR-04289,2024-10-05,DE,Volkswagen,ID.4,Hybrid,Automatic,Independent dealer,1,37030,171,1,True,21,41550
CAR-02431,2024-10-05,DE,Volkswagen,Golf,Petrol,Automatic,Independent dealer,3,77568,160,1,True,34,14540
CAR-00716,2024-10-05,DE,Mercedes-Benz,GLA,Diesel,Automatic,Franchise dealer,3,81115,85,2,False,38,13710
CAR-01324,2024-10-05,DE,Audi,A4,Diesel,Automatic,Independent dealer,7,155420,176,2,True,30,6510
CAR-01702,2024-10-05,AT,Audi,e-tron,Hybrid,Manual,Independent dealer,4,96123,106,1,False,145,21800
CAR-01238,2024-10-05,AT,BMW,i4,Petrol,Automatic,Independent dealer,6,116678,101,3,True,47,13580
CAR-04764,2024-10-05,DE,Mercedes-Benz,GLA,Petrol,Automatic,Private,6,98867,70,2,True,12,8880
CAR-02883,2024-10-05,DE,Audi,e-tron,Petrol,Automatic,Franchise dealer,10,197473,226,3,True,54,6590
CAR-01934,2024-10-06,DE,Volkswagen,Golf,Petrol,Automatic,Franchise dealer,4,84273,198,2,True,52,14430
CAR-03477,2024-10-06,DE,Skoda,Kodiaq,Petrol,Automatic,Independent dealer,1,31771,100,1,True,48,35990
CAR-00022,2024-10-06,DE,Skoda,Kodiaq,Hybrid,Manual,Franchise dealer,6,110479,137,4,False,13,9720
CAR-04199,2024-10-06,DE,BMW,3 Series,Petrol,Automatic,Independent dealer,2,36049,178,2,True,93,28840
CAR-02802,2024-10-06,DE,BMW,5 Series,Diesel,Automatic,Private,6,81712,180,3,True,16,13930
CAR-04617,2024-10-06,DE,Mercedes-Benz,A-Class,Petrol,Automatic,Franchise dealer,8,82983,133,3,True,87,8080
CAR-02859,2024-10-06,DE,Mercedes-Benz,A-Class,Hybrid,Manual,Private,1,23198,144,1,True,23,31090
CAR-03748,2024-10-07,AT,Audi,A3,Petrol,Manual,Franchise dealer,1,29632,174,1,True,18,30160
CAR-01138,2024-10-07,DE,BMW,X1,Diesel,Manual,Franchise dealer,11,216794,70,4,True,55,5750
CAR-00007,2024-10-07,DE,Volkswagen,Golf,Electric,Manual,Independent dealer,9,140614,99,4,True,26,5710
CAR-04257,2024-10-07,DE,Mercedes-Benz,EQE,Petrol,Automatic,Franchise dealer,7,150540,131,3,True,9,13560
CAR-04230,2024-10-07,DE,Skoda,Karoq,Petrol,Automatic,Franchise dealer,3,27701,125,2,False,83,17400
CAR-04879,2024-10-07,DE,Audi,e-tron,Electric,Automatic,Franchise dealer,11,170385,97,3,False,44,5650
CAR-00406,2024-10-07,DE,Audi,A4,Electric,Manual,Independent dealer,11,199426,150,5,False,47,5690
CAR-04137,2024-10-08,DE,Skoda,Karoq,Hybrid,Automatic,Franchise dealer,13,258990,70,5,True,90,6110
CAR-04753,2024-10-08,NL,Mercedes-Benz,A-Class,Diesel,Automatic,Franchise dealer,10,104823,83,4,False,12,5540
CAR-02494,2024-10-08,DE,Skoda,Kodiaq,Electric,Automatic,Franchise dealer,10,200034,176,4,True,65,5530
CAR-02147,2024-10-08,AT,Skoda,Octavia,Electric,Manual,Independent dealer,4,78208,178,2,True,23,13610
CAR-04492,2024-10-09,DE,Skoda,Octavia,Electric,Automatic,Private,5,77199,218,1,True,26,11960
CAR-04713,2024-10-09,DE,Skoda,Kodiaq,Electric,Automatic,Independent dealer,4,86528,97,2,True,105,16840
CAR-00533,2024-10-09,DE,Volkswagen,Passat,Electric,Automatic,Franchise dealer,2,57865,85,1,True,19,25690
CAR-02794,2024-10-09,DE,Volkswagen,Tiguan,Diesel,Automatic,Private,2,44456,194,1,True,39,30440
CAR-03513,2024-10-09,DE,Skoda,Kodiaq,Diesel,Automatic,Franchise dealer,6,91490,92,3,True,37,8710
CAR-01880,2024-10-09,DE,Mercedes-Benz,C-Class,Diesel,Automatic,Franchise dealer,11,179956,215,5,True,12,5730
CAR-00104,2024-10-09,DE,Volkswagen,Tiguan,Petrol,Automatic,Franchise dealer,6,88303,132,1,True,25,10860
CAR-03590,2024-10-09,DE,Volkswagen,Golf,Petrol,Manual,Franchise dealer,3,68069,199,1,True,25,17890
CAR-00678,2024-10-09,DE,BMW,5 Series,Electric,Automatic,Franchise dealer,5,115330,147,3,False,67,14460
CAR-03823,2024-10-09,NL,BMW,X3,Electric,Automatic,Private,3,52549,155,3,True,52,32130
CAR-03344,2024-10-10,DE,Mercedes-Benz,GLA,Electric,Automatic,Franchise dealer,2,52129,240,2,True,14,36480
CAR-01671,2024-10-10,DE,Volkswagen,Golf,Diesel,Automatic,Private,3,55268,154,2,True,15,14310
CAR-04169,2024-10-10,DE,Mercedes-Benz,GLA,Petrol,Automatic,Franchise dealer,3,50859,101,2,True,5,20760
CAR-03618,2024-10-10,DE,Audi,e-tron,Electric,Automatic,Franchise dealer,3,61428,127,2,True,28,38790
CAR-03474,2024-10-10,DE,Mercedes-Benz,EQE,Diesel,Automatic,Private,1,21135,130,1,True,41,54190
CAR-03448,2024-10-11,DE,Audi,A4,Diesel,Automatic,Franchise dealer,3,53495,210,2,False,75,21180
CAR-03792,2024-10-11,DE,BMW,i4,Petrol,Automatic,Independent dealer,5,76778,109,2,False,21,15550
CAR-03919,2024-10-11,DE,Mercedes-Benz,EQE,Petrol,Automatic,Private,3,64448,100,1,True,90,30580
CAR-03927,2024-10-11,DE,Volkswagen,Passat,Electric,Automatic,Franchise dealer,5,103806,257,4,True,55,16200
CAR-00817,2024-10-11,AT,Mercedes-Benz,C-Class,Hybrid,Manual,Private,4,73972,137,3,True,64,18660
CAR-04728,2024-10-11,DE,Volkswagen,Tiguan,Diesel,Automatic,Private,11,160997,188,5,True,82,5370
CAR-02029,2024-10-11,DE,Mercedes-Benz,A-Class,Petrol,Automatic,Franchise dealer,1,37681,206,2,True,45,36700
CAR-04628,2024-10-11,AT,BMW,5 Series,Electric,Automatic,Independent dealer,3,64809,144,1,True,17,34410
CAR-04054,2024-10-12,DE,Volkswagen,Golf,Petrol,Automatic,Franchise dealer,1,26867,146,1,True,36,23950
CAR-04684,2024-10-12,DE,Skoda,Kodiaq,Hybrid,Automatic,Independent dealer,6,84430,171,4,True,129,13660
CAR-00820,2024-10-12,DE,BMW,i4,Hybrid,Manual,Franchise dealer,3,70369,75,1,True,22,26320
CAR-00730,2024-10-12,AT,Audi,Q3,Petrol,Manual,Private,0,14966,70,1,False,60,28540
CAR-01668,2024-10-12,DE,BMW,X3,Diesel,Automatic,Franchise dealer,3,60124,123,3,True,19,26030
CAR-03191,2024-10-12,DE,BMW,5 Series,Hybrid,Manual,Private,3,50521,120,3,True,31,27370
CAR-01233,2024-10-13,DE,Volkswagen,Tiguan,Electric,Automatic,Franchise dealer,1,19971,158,1,True,13,40780
CAR-03754,2024-10-13,DE,Mercedes-Benz,EQE,Diesel,Manual,Independent dealer,4,53822,150,2,True,59,25290
CAR-01617,2024-10-13,DE,Mercedes-Benz,A-Class,Petrol,Automatic,Franchise dealer,1,10791,87,1,True,25,31410
CAR-02313,2024-10-13,DE,BMW,X1,Petrol,Automatic,Independent dealer,3,38783,70,1,True,31,22310
CAR-01328,2024-10-13,DE,Audi,A3,Electric,Automatic,Private,4,66710,176,2,True,7,16000
CAR-00620,2024-10-13,DE,Volkswagen,Passat,Diesel,Automatic,Private,1,34395,143,1,True,64,32600
CAR-04890,2024-10-13,AT,Audi,Q5,Petrol,Automatic,Franchise dealer,3,53654,183,2,True,15,36070
CAR-02582,2024-10-14,DE,BMW,i4,Petrol,Manual,Franchise dealer,5,88547,114,2,True,20,20810
CAR-02562,2024-10-14,DE,Volkswagen,ID.3,Diesel,Automatic,Franchise dealer,2,38904,89,2,True,144,21660
CAR-01010,2024-10-14,NL,Volkswagen,Tiguan,Diesel,Manual,Private,3,64776,94,1,True,88,16640
CAR-01976,2024-10-14,DE,Mercedes-Benz,E-Class,Petrol,Automatic,Franchise dealer,2,36434,188,1,False,37,36420
CAR-01121,2024-10-15,DE,BMW,i4,Petrol,Automatic,Franchise dealer,10,210603,261,3,True,45,5380
CAR-01176,2024-10-15,DE,Mercedes-Benz,E-Class,Petrol,Manual,Franchise dealer,9,174123,87,5,True,7,5720
CAR-01613,2024-10-15,DE,Audi,Q5,Petrol,Automatic,Franchise dealer,4,99454,158,2,False,17,19330
CAR-04306,2024-10-15,DE,Mercedes-Benz,EQE,Electric,Automatic,Private,6,85666,147,4,True,37,18530
CAR-04662,2024-10-16,DE,Mercedes-Benz,A-Class,Hybrid,Automatic,Franchise dealer,3,55247,70,1,True,30,18260
CAR-04136,2024-10-16,DE,Mercedes-Benz,C-Class,Electric,Automatic,Private,2,48891,177,2,True,57,31930
CAR-03994,2024-10-16,DE,Audi,Q3,Diesel,Automatic,Franchise dealer,1,23016,90,2,True,49,34040
CAR-02180,2024-10-16,DE,Volkswagen,ID.3,Diesel,Automatic,Independent dealer,5,93433,221,1,True,53,12820
CAR-01903,2024-10-17,DE,BMW,X1,Petrol,Automatic,Franchise dealer,2,47076,105,1,True,71,26300
CAR-04261,2024-10-17,DE,Skoda,Karoq,Diesel,Manual,Franchise dealer,9,131110,223,5,True,28,5550
CAR-01819,2024-10-17,DE,Volkswagen,Golf,Petrol,Manual,Franchise dealer,8,46264,143,3,False,48,5170
CAR-03023,2024-10-17,AT,Mercedes-Benz,A-Class,Diesel,Automatic,Independent dealer,7,91449,84,3,True,26,6450
CAR-02717,2024-10-18,AT,Skoda,Karoq,Diesel,Manual,Independent dealer,3,68822,198,2,True,36,17190
CAR-01728,2024-10-18,DE,BMW,i4,Electric,Automatic,Franchise dealer,4,83355,139,2,True,81,25090
CAR-00732,2024-10-18,DE,BMW,5 Series,Diesel,Manual,Independent dealer,3,63103,149,1,False,82,21080
CAR-00510,2024-10-18,DE,BMW,X1,Petrol,Automatic,Franchise dealer,8,104014,118,4,True,66,7890
CAR-03704,2024-10-18,DE,BMW,X1,Diesel,Automatic,Franchise dealer,2,50706,116,1,True,37,22590
CAR-03589,2024-10-18,DE,Audi,Q5,Diesel,Automatic,Franchise dealer,4,67865,217,2,True,62,28630
CAR-01657,2024-10-19,NL,Volkswagen,Tiguan,Diesel,Manual,Private,3,62696,155,3,True,8,19300
CAR-04249,2024-10-19,DE,Volkswagen,Passat,Electric,Automatic,Franchise dealer,6,59002,143,3,True,163,11870
CAR-01179,2024-10-19,DE,BMW,X3,Petrol,Automatic,Franchise dealer,8,137296,210,4,True,23,11090
CAR-03690,2024-10-19,DE,BMW,X3,Diesel,Automatic,Franchise dealer,6,97223,144,3,True,76,14620
CAR-03783,2024-10-19,DE,Audi,A4,Petrol,Automatic,Franchise dealer,8,72119,151,3,True,50,8710
CAR-02683,2024-10-19,DE,Mercedes-Benz,EQE,Diesel,Automatic,Franchise dealer,3,63047,227,2,True,22,43290
CAR-02587,2024-10-19,DE,BMW,i4,Hybrid,Automatic,Franchise dealer,4,52344,157,2,True,13,30600
CAR-04034,2024-10-19,AT,BMW,X1,Diesel,Automatic,Private,3,61452,139,1,True,53,17550
CAR-04376,2024-10-20,AT,Volkswagen,Passat,Electric,Automatic,Franchise dealer,8,129379,181,4,True,18,6960
CAR-03257,2024-10-20,AT,Audi,A4,Diesel,Automatic,Private,5,111845,123,3,True,21,11420
CAR-01038,2024-10-20,DE,Mercedes-Benz,GLA,Diesel,Automatic,Private,5,109703,150,2,True,101,12900
CAR-02921,2024-10-20,DE,BMW,5 Series,Petrol,Automatic,Franchise dealer,2,28197,125,2,True,24,44480
CAR-04784,2024-10-20,DE,Skoda,Octavia,Petrol,Automatic,Independent dealer,3,51636,135,2,True,21,15440
CAR-03410,2024-10-20,DE,Volkswagen,ID.4,Electric,Automatic,Franchise dealer,4,84123,212,3,True,85,21080
CAR-01022,2024-10-21,DE,Skoda,Kodiaq,Electric,Automatic,Franchise dealer,5,78897,122,2,True,35,15730
CAR-01161,2024-10-21,DE,Volkswagen,ID.3,Hybrid,Automatic,Franchise dealer,7,83816,77,3,True,21,8780
CAR-04395,2024-10-21,DE,Mercedes-Benz,EQE,Petrol,Automatic,Independent dealer,7,122579,180,3,True,54,14070
CAR-00811,2024-10-22,DE,BMW,X3,Electric,Automatic,Independent dealer,9,145433,110,4,True,38,7660
CAR-01854,2024-10-22,DE,Volkswagen,ID.3,Diesel,Automatic,Franchise dealer,4,86673,184,3,True,30,14800
CAR-04461,2024-10-22,DE,Audi,A4,Petrol,Manual,Private,2,30128,184,1,True,8,30800
CAR-03063,2024-10-22,DE,Skoda,Enyaq,Electric,Automatic,Franchise dealer,11,171492,163,4,True,26,5700
CAR-01473,2024-10-22,DE,Mercedes-Benz,GLA,Electric,Automatic,Private,9,159473,70,4,True,52,4990
CAR-00112,2024-10-23,AT,Audi,A3,Electric,Automatic,Private,3,57804,167,1,True,10,21440
CAR-03341,2024-10-23,DE,Volkswagen,Passat,Hybrid,Automatic,Franchise dealer,4,72284,101,2,True,64,17110
CAR-01512,2024-10-23,DE,Volkswagen,Passat,Petrol,Automatic,Franchise dealer,1,18339,121,1,True,32,36980
CAR-00614,2024-10-23,DE,Audi,Q3,Hybrid,Automatic,Franchise dealer,3,43056,90,2,True,54,22010
CAR-00745,2024-10-23,DE,Mercedes-Benz,A-Class,Diesel,Automatic,Franchise dealer,3,64740,207,2,True,55,23750
CAR-02069,2024-10-23,DE,Mercedes-Benz,EQE,Petrol,Automatic,Independent dealer,2,35017,178,4,True,160,51420
CAR-00603,2024-10-23,DE,Volkswagen,ID.3,Electric,Automatic,Franchise dealer,6,157088,124,3,True,89,8170
CAR-01734,2024-10-23,DE,Skoda,Karoq,Petrol,Manual,Franchise dealer,1,32427,152,1,True,70,29510
CAR-03164,2024-10-24,NL,Volkswagen,ID.3,Diesel,Automatic,Private,3,68137,213,2,True,27,18870
CAR-04457,2024-10-24,DE,Mercedes-Benz,A-Class,Petrol,Manual,Independent dealer,9,178427,199,5,True,36,5500
CAR-03248,2024-10-24,AT,Skoda,Kodiaq,Hybrid,Manual,Independent dealer,13,253237,100,3,True,11,5560
CAR-00779,2024-10-24,DE,Skoda,Enyaq,Hybrid,Automatic,Independent dealer,11,173706,113,4,True,93,5670
CAR-02129,2024-10-25,DE,BMW,5 Series,Petrol,Manual,Franchise dealer,2,46732,189,2,True,44,42190
CAR-00275,2024-10-25,DE,Audi,A3,Petrol,Automatic,Franchise dealer,7,72378,137,3,True,33,9960
CAR-02199,2024-10-25,DE,Volkswagen,Golf,Diesel,Automatic,Independent dealer,4,44937,154,1,True,49,13960
CAR-03869,2024-10-26,DE,Mercedes-Benz,GLA,Diesel,Automatic,Independent dealer,5,96723,94,2,True,61,11600
CAR-04477,2024-10-26,NL,Audi,Q3,Diesel,Manual,Franchise dealer,1,27076,140,1,True,97,38720
CAR-01917,2024-10-26,DE,Volkswagen,ID.3,Petrol,Automatic,Independent dealer,5,80130,98,2,True,47,12800
CAR-02797,2024-10-26,DE,Audi,Q3,Petrol,Automatic,Independent dealer,0,7863,94,1,True,72,43040
CAR-00316,2024-10-26,DE,Audi,A4,Diesel,Automatic,Private,4,95984,99,2,False,62,12210
CAR-02972,2024-10-27,DE,BMW,i4,Electric,Automatic,Private,9,142670,113,3,True,6,6970
CAR-03556,2024-10-27,DE,Mercedes-Benz,C-Class,Diesel,Automatic,Private,2,42931,156,1,True,36,25620
CAR-04212,2024-10-27,DE,Mercedes-Benz,EQE,Electric,Manual,Franchise dealer,2,33096,210,1,True,59,55970
CAR-02900,2024-10-27,DE,Audi,A3,Diesel,Manual,Private,7,79148,126,4,False,33,5960
CAR-04333,2024-10-27,DE,Mercedes-Benz,GLA,Petrol,Manual,Private,3,43671,80,1,False,23,16530
CAR-02168,2024-10-27,DE,Audi,e-tron,Petrol,Automatic,Franchise dealer,13,139570,130,5,True,35,6140
CAR-04018,2024-10-27,DE,BMW,X1,Petrol,Manual,Franchise dealer,2,46527,98,1,False,47,22240
CAR-00503,2024-10-28,DE,Mercedes-Benz,A-Class,Petrol,Automatic,Franchise dealer,13,171276,120,4,True,59,5930
CAR-03057,2024-10-28,DE,BMW,X1,Hybrid,Manual,Private,13,137275,151,5,True,44,5740
CAR-00134,2024-10-28,DE,Mercedes-Benz,A-Class,Diesel,Manual,Independent dealer,2,30129,137,1,True,22,22280
CAR-04519,2024-10-28,NL,Audi,A3,Petrol,Automatic,Franchise dealer,1,25990,165,2,True,12,33390
CAR-04769,2024-10-28,DE,Volkswagen,Golf,Petrol,Automatic,Franchise dealer,8,96709,124,5,False,110,5590
CAR-02585,2024-10-28,DE,Mercedes-Benz,EQE,Diesel,Automatic,Franchise dealer,4,62987,93,2,True,23,25140
CAR-03092,2024-10-29,DE,Skoda,Enyaq,Petrol,Automatic,Independent dealer,4,76289,116,2,True,64,17330
CAR-02457,2024-10-29,NL,BMW,X1,Electric,Manual,Independent dealer,8,148720,139,4,True,28,5810
CAR-04039,2024-10-29,DE,Volkswagen,Tiguan,Hybrid,Automatic,Franchise dealer,9,91894,192,3,False,65,6180
CAR-01124,2024-10-29,AT,Mercedes-Benz,GLA,Petrol,Automatic,Franchise dealer,4,69182,230,3,True,49,20800
CAR-02730,2024-10-29,DE,BMW,i4,Electric,Automatic,Franchise dealer,6,66671,218,2,True,22,23220
CAR-02644,2024-10-29,DE,Audi,Q5,Petrol,Automatic,Independent dealer,3,45687,114,2,True,35,28820
CAR-04437,2024-10-29,DE,Audi,A4,Electric,Manual,Franchise dealer,6,121774,203,4,True,28,10470
CAR-04906,2024-10-29,AT,Skoda,Octavia,Diesel,Manual,Independent dealer,3,78107,107,2,True,86,12900
CAR-02283,2024-10-29,AT,Volkswagen,Golf,Petrol,Manual,Independent dealer,8,136672,156,4,True,61,5720
CAR-04082,2024-10-30,NL,Volkswagen,Golf,Diesel,Automatic,Independent dealer,13,175190,70,5,True,18,5770
CAR-01488,2024-10-30,DE,Skoda,Superb,Petrol,Automatic,Franchise dealer,2,24396,205,1,True,64,32790
CAR-02115,2024-10-30,AT,Skoda,Karoq,Diesel,Automatic,Private,3,41949,95,2,False,32,12560
CAR-03602,2024-10-30,DE,Mercedes-Benz,C-Class,Petrol,Automatic,Independent dealer,5,95070,91,2,True,56,15340
CAR-00423,2024-10-30,DE,BMW,5 Series,Hybrid,Automatic,Franchise dealer,3,59076,87,2,True,24,31670
CAR-01549,2024-10-30,DE,Audi,A4,Diesel,Manual,Franchise dealer,2,21112,160,1,True,35,30060
CAR-02947,2024-10-30,DE,Volkswagen,Tiguan,Diesel,Automatic,Franchise dealer,1,24258,191,1,True,49,40000
CAR-04444,2024-10-30,NL,BMW,3 Series,Petrol,Automatic,Independent dealer,8,85783,130,3,True,13,8680
CAR-02733,2024-10-31,NL,Audi,Q3,Diesel,Manual,Franchise dealer,1,27333,153,1,True,36,36940
CAR-01044,2024-10-31,DE,BMW,5 Series,Diesel,Automatic,Private,3,82283,159,1,True,31,29400
CAR-04968,2024-11-01,DE,BMW,5 Series,Electric,Automatic,Independent dealer,5,99395,159,3,True,30,17540
CAR-02127,2024-11-01,AT,Audi,Q3,Electric,Automatic,Franchise dealer,12,145193,106,5,True,45,6070
CAR-04550,2024-11-01,DE,BMW,5 Series,Diesel,Automatic,Franchise dealer,6,87970,170,4,True,37,15660
CAR-03106,2024-11-01,DE,Audi,e-tron,Electric,Automatic,Private,5,113206,169,2,True,45,19020
CAR-04995,2024-11-01,DE,Audi,Q3,Diesel,Automatic,Independent dealer,2,24711,151,2,True,57,25610
CAR-04896,2024-11-02,DE,Audi,Q3,Diesel,Automatic,Franchise dealer,13,203586,228,5,True,41,5770
CAR-01006,2024-11-02,DE,Skoda,Karoq,Electric,Automatic,Independent dealer,4,95288,169,3,True,43,13420
CAR-00993,2024-11-02,AT,BMW,i4,Diesel,Automatic,Independent dealer,1,18470,109,2,True,28,50160
CAR-02351,2024-11-02,DE,Skoda,Enyaq,Diesel,Manual,Franchise dealer,11,227203,154,5,True,34,5630
CAR-03043,2024-11-02,DE,Mercedes-Benz,E-Class,Diesel,Automatic,Franchise dealer,13,278649,191,5,True,98,6140
CAR-02629,2024-11-03,DE,Audi,Q5,Electric,Automatic,Private,7,119545,221,2,False,3,10730
CAR-01944,2024-11-04,DE,Volkswagen,ID.3,Electric,Automatic,Franchise dealer,13,243161,174,5,True,50,5690
CAR-04296,2024-11-04,AT,Mercedes-Benz,C-Class,Diesel,Automatic,Franchise dealer,9,121923,119,4,True,18,5610
CAR-02638,2024-11-04,DE,Volkswagen,ID.3,Petrol,Automatic,Franchise dealer,1,33411,214,1,True,16,34260
CAR-04092,2024-11-04,DE,Volkswagen,Golf,Hybrid,Automatic,Independent dealer,8,112968,106,3,True,10,5340
CAR-03544,2024-11-04,DE,Audi,e-tron,Electric,Manual,Independent dealer,2,35042,157,1,True,5,39740
CAR-02645,2024-11-04,DE,Skoda,Enyaq,Petrol,Automatic,Independent dealer,2,63802,154,1,True,22,27490
CAR-03096,2024-11-04,DE,BMW,3 Series,Hybrid,Automatic,Independent dealer,6,99232,163,2,False,11,11220
CAR-03861,2024-11-04,AT,BMW,5 Series,Petrol,Automatic,Franchise dealer,4,84709,153,3,True,50,22890
CAR-01195,2024-11-04,DE,BMW,X1,Diesel,Automatic,Franchise dealer,13,210357,153,5,True,66,5230
CAR-03663,2024-11-04,DE,Volkswagen,ID.3,Electric,Manual,Franchise dealer,5,74069,201,3,False,47,12200
CAR-01346,2024-11-04,DE,Mercedes-Benz,GLA,Petrol,Automatic,Franchise dealer,5,41307,167,2,True,28,17620
CAR-02626,2024-11-05,DE,Mercedes-Benz,EQE,Electric,Automatic,Franchise dealer,10,199357,187,4,True,49,7450
CAR-04527,2024-11-05,DE,Volkswagen,Golf,Petrol,Automatic,Independent dealer,1,19386,166,1,True,69,26550
CAR-01666,2024-11-05,DE,Volkswagen,Passat,Diesel,Automatic,Independent dealer,2,31465,113,2,True,17,25900
CAR-04157,2024-11-05,DE,BMW,3 Series,Petrol,Automatic,Franchise dealer,8,152935,202,5,True,71,7390
CAR-03540,2024-11-05,DE,Skoda,Octavia,Hybrid,Automatic,Private,0,12829,163,1,True,106,42010
CAR-01365,2024-11-06,DE,Mercedes-Benz,A-Class,Diesel,Manual,Franchise dealer,2,17913,93,1,False,21,20900
CAR-04109,2024-11-06,DE,Mercedes-Benz,A-Class,Petrol,Automatic,Private,1,23889,180,2,True,50,31450
CAR-04946,2024-11-06,DE,Mercedes-Benz,EQE,Petrol,Automatic,Franchise dealer,2,45569,165,1,True,70,59080
CAR-00944,2024-11-06,AT,Mercedes-Benz,GLA,Diesel,Automatic,Independent dealer,9,198763,192,3,True,19,5630
CAR-03471,2024-11-06,DE,Mercedes-Benz,EQE,Diesel,Manual,Franchise dealer,3,74592,203,2,True,24,35840
CAR-03035,2024-11-06,DE,Volkswagen,ID.3,Petrol,Automatic,Independent dealer,1,34648,236,1,False,21,31690
CAR-03264,2024-11-06,DE,Audi,Q5,Diesel,Manual,Private,7,105276,70,3,False,31,6790
CAR-00764,2024-11-07,DE,Skoda,Enyaq,Petrol,Manual,Franchise dealer,3,58985,98,2,True,18,24330
CAR-04837,2024-11-07,DE,BMW,X1,Petrol,Automatic,Independent dealer,2,49772,103,1,True,25,26550
CAR-03087,2024-11-07,DE,Mercedes-Benz,E-Class,Electric,Automatic,Private,3,75112,155,2,True,97,34200
CAR-02533,2024-11-07,DE,BMW,3 Series,Petrol,Manual,Franchise dealer,4,86562,209,2,True,11,17480
CAR-00315,2024-11-07,DE,Audi,Q3,Petrol,Manual,Independent dealer,5,105614,128,3,True,143,10650
CAR-04178,2024-11-07,AT,Volkswagen,ID.4,Hybrid,Manual,Franchise dealer,3,68939,169,1,True,42,24370
CAR-03771,2024-11-08,DE,Skoda,Enyaq,Petrol,Automatic,Franchise dealer,7,144668,225,3,True,34,9710
CAR-00517,2024-11-08,DE,Volkswagen,Tiguan,Petrol,Automatic,Independent dealer,4,86027,136,1,True,27,18500
CAR-00819,2024-11-08,DE,Audi,e-tron,Hybrid,Automatic,Franchise dealer,13,220271,114,5,True,82,5680
CAR-04183,2024-11-08,DE,Mercedes-Benz,E-Class,Electric,Automatic,Independent dealer,4,77143,129,2,True,14,27590
CAR-00016,2024-11-08,AT,Mercedes-Benz,EQE,Petrol,Automatic,Independent dealer,3,30139,70,2,True,8,35600
CAR-03710,2024-11-08,DE,Skoda,Octavia,Petrol,Automatic,Independent dealer,5,93965,178,2,True,45,10060
CAR-01173,2024-11-08,DE,Volkswagen,Tiguan,Petrol,Manual,Independent dealer,4,64320,135,2,True,44,17420
CAR-04943,2024-11-08,AT,Skoda,Enyaq,Diesel,Manual,Franchise dealer,8,96694,178,2,True,32,8140
CAR-01436,2024-11-08,DE,BMW,3 Series,Diesel,Automatic,Independent dealer,1,29470,143,2,True,27,31790
CAR-00155,2024-11-08,DE,Volkswagen,Golf,Petrol,Automatic,Independent dealer,3,54927,132,1,True,20,16070
CAR-00319,2024-11-08,DE,Skoda,Superb,Petrol,Automatic,Franchise dealer,2,45120,159,1,False,70,26250
CAR-03819,2024-11-09,NL,Volkswagen,Passat,Hybrid,Automatic,Private,2,42558,147,2,True,63,31080
CAR-02154,2024-11-09,DE,Volkswagen,ID.3,Diesel,Manual,Franchise dealer,7,110982,110,3,True,34,7070
CAR-00616,2024-11-09,DE,Volkswagen,ID.4,Petrol,Automatic,Franchise dealer,3,51429,150,2,True,91,25110
CAR-03185,2024-11-09,DE,BMW,X1,Hybrid,Automatic,Independent dealer,8,124799,147,3,True,87,6920
CAR-01987,2024-11-09,DE,Volkswagen,ID.4,Petrol,Automatic,Franchise dealer,3,96848,127,3,False,48,14510
CAR-03579,2024-11-10,AT,BMW,i4,Hybrid,Manual,Franchise dealer,1,12512,160,1,True,25,60660
CAR-00410,2024-11-10,NL,Volkswagen,ID.3,Petrol,Automatic,Franchise dealer,3,58724,134,1,True,74,20430
CAR-02247,2024-11-10,DE,Volkswagen,Passat,Electric,Manual,Independent dealer,1,12008,84,1,True,71,34790
CAR-04570,2024-11-10,DE,Audi,A3,Diesel,Automatic,Independent dealer,8,184154,157,4,True,81,5530
CAR-01174,2024-11-10,DE,Mercedes-Benz,A-Class,Petrol,Automatic,Independent dealer,9,173248,198,5,True,54,5310
CAR-03672,2024-11-10,DE,Audi,A4,Petrol,Automatic,Franchise dealer,5,73668,215,3,True,34,16750
CAR-01039,2024-11-10,DE,BMW,X1,Electric,Automatic,Independent dealer,1,31055,70,1,True,49,29600
CAR-03330,2024-11-11,DE,Skoda,Kodiaq,Petrol,Automatic,Independent dealer,5,119160,175,2,False,28,9950
CAR-04061,2024-11-11,AT,Volkswagen,Golf,Hybrid,Automatic,Franchise dealer,6,107427,140,1,True,125,9460
CAR-01582,2024-11-11,NL,Audi,A3,Electric,Automatic,Independent dealer,9,160307,98,4,True,35,5850
CAR-02202,2024-11-11,DE,Skoda,Kodiaq,Petrol,Automatic,Franchise dealer,4,66026,105,1,True,15,21040
CAR-03229,2024-11-11,DE,Mercedes-Benz,EQE,Petrol,Automatic,Independent dealer,8,164134,136,5,True,123,8740
CAR-00871,2024-11-11,AT,BMW,3 Series,Hybrid,Automatic,Independent dealer,7,111697,183,3,False,20,8800
CAR-01661,2024-11-12,DE,Volkswagen,ID.3,Diesel,Manual,Independent dealer,5,156170,227,2,False,131,8600
CAR-04004,2024-11-12,DE,Mercedes-Benz,E-Class,Petrol,Automatic,Independent dealer,6,53803,117,3,True,78,20150
CAR-00340,2024-11-12,DE,BMW,X3,Diesel,Automatic,Private,1,29731,150,2,False,99,36910
CAR-02471,2024-11-12,DE,Skoda,Octavia,Hybrid,Automatic,Private,5,100706,211,2,True,51,12340
CAR-01892,2024-11-12,DE,Mercedes-Benz,A-Class,Diesel,Automatic,Private,2,36559,143,2,True,26,22860
CAR-00487,2024-11-12,DE,Audi,A4,Hybrid,Automatic,Independent dealer,3,43390,204,2,True,33,26690
CAR-00652,2024-11-13,AT,Volkswagen,ID.4,Petrol,Automatic,Private,5,66100,114,2,True,49,12680
CAR-03683,2024-11-13,DE,Mercedes-Benz,EQE,Diesel,Automatic,Independent dealer,5,128287,121,3,True,20,16860
CAR-01478,2024-11-13,DE,Mercedes-Benz,A-Class,Petrol,Manual,Franchise dealer,5,104549,200,1,True,40,11790
CAR-00893,2024-11-14,DE,BMW,i4,Diesel,Automatic,Independent dealer,8,68481,151,3,True,37,11470
CAR-03933,2024-11-14,DE,BMW,X1,Hybrid,Automatic,Private,8,165154,231,4,True,19,7030
CAR-04549,2024-11-15,DE,Audi,Q5,Petrol,Automatic,Private,3,48209,127,1,True,74,32820
CAR-03552,2024-11-15,DE,Audi,e-tron,Diesel,Automatic,Independent dealer,4,59469,182,4,False,7,21450
CAR-00287,2024-11-15,DE,Audi,e-tron,Petrol,Automatic,Private,13,227708,207,5,True,38,5510
CAR-00938,2024-11-15,DE,Skoda,Kodiaq,Petrol,Automatic,Independent dealer,3,52573,109,1,True,19,22300
CAR-04531,2024-11-15,DE,Audi,A3,Petrol,Manual,Franchise dealer,2,32880,70,1,False,57,17770
CAR-03056,2024-11-15,DE,Volkswagen,Golf,Diesel,Manual,Independent dealer,5,82887,135,3,True,45,9680
CAR-04864,2024-11-15,DE,Volkswagen,ID.3,Diesel,Automatic,Private,5,77713,139,3,True,48,12470
CAR-02650,2024-11-15,DE,Skoda,Superb,Diesel,Automatic,Franchise dealer,13,137675,103,5,True,48,5730
CAR-01620,2024-11-16,DE,BMW,i4,Diesel,Automatic,Independent dealer,6,34650,232,3,True,53,23470
CAR-02331,2024-11-16,DE,Audi,Q5,Hybrid,Automatic,Independent dealer,4,79591,167,1,True,57,24230
CAR-04030,2024-11-16,DE,Mercedes-Benz,EQE,Petrol,Automatic,Franchise dealer,2,57185,133,1,True,43,41300
CAR-03692,2024-11-17,DE,BMW,X3,Hybrid,Automatic,Private,5,78132,164,2,True,55,19030
CAR-03405,2024-11-17,AT,Volkswagen,ID.4,Hybrid,Automatic,Independent dealer,3,87638,132,3,True,6,23190
CAR-02293,2024-11-18,DE,Audi,Q5,Diesel,Automatic,Independent dealer,4,57051,151,2,True,70,26640
CAR-03260,2024-11-18,DE,BMW,X3,Petrol,Automatic,Independent dealer,6,91611,70,4,True,3,13270
CAR-03865,2024-11-18,AT,Audi,Q3,Diesel,Manual,Franchise dealer,3,49353,181,1,True,13,20070
CAR-00753,2024-11-18,DE,Mercedes-Benz,C-Class,Hybrid,Manual,Franchise dealer,4,74881,86,2,True,61,18520
CAR-00352,2024-11-18,DE,Mercedes-Benz,C-Class,Hybrid,Manual,Franchise dealer,5,75099,145,2,True,49,15860
CAR-01899,2024-11-19,DE,BMW,X3,Diesel,Manual,Franchise dealer,3,69312,70,1,True,89,23320
CAR-04353,2024-11-19,DE,BMW,3 Series,Hybrid,Automatic,Franchise dealer,5,85762,143,2,True,36,16500
CAR-04526,2024-11-19,DE,Volkswagen,Passat,Petrol,Automatic,Franchise dealer,2,43924,156,1,True,52,29120
CAR-01155,2024-11-19,NL,BMW,X3,Diesel,Manual,Independent dealer,2,40122,156,1,True,63,37390
CAR-04378,2024-11-19,DE,Skoda,Karoq,Diesel,Automatic,Private,11,110444,108,5,True,23,5300
CAR-04203,2024-11-19,DE,Volkswagen,Passat,Hybrid,Automatic,Independent dealer,13,308306,179,4,True,54,5940
CAR-03489,2024-11-19,DE,Mercedes-Benz,A-Class,Petrol,Automatic,Franchise dealer,7,72604,117,3,True,35,9100
CAR-00064,2024-11-20,DE,Volkswagen,Golf,Diesel,Automatic,Franchise dealer,8,141996,220,4,False,103,5940
CAR-02581,2024-11-20,DE,Volkswagen,ID.3,Petrol,Automatic,Independent dealer,5,129483,168,2,True,35,10930
CAR-03923,2024-11-20,DE,Skoda,Octavia,Petrol,Automatic,Franchise dealer,10,165556,116,4,True,50,5680
CAR-02258,2024-11-20,AT,BMW,3 Series,Electric,Manual,Franchise dealer,2,31638,141,1,False,14,25100
CAR-00449,2024-11-20,DE,Volkswagen,Tiguan,Petrol,Manual,Franchise dealer,7,125501,107,4,True,30,7560
CAR-01429,2024-11-21,AT,Mercedes-Benz,A-Class,Electric,Manual,Franchise dealer,3,73528,200,2,True,20,20900
CAR-02918,2024-11-22,DE,BMW,3 Series,Petrol,Automatic,Private,3,93594,151,3,True,41,18650
CAR-00171,2024-11-22,AT,Mercedes-Benz,E-Class,Diesel,Automatic,Franchise dealer,7,125951,176,3,True,44,13110
CAR-04038,2024-11-22,DE,Audi,A3,Petrol,Automatic,Franchise dealer,2,38148,154,2,True,58,27110
CAR-04066,2024-11-22,DE,Audi,Q3,Petrol,Manual,Independent dealer,2,51621,130,2,False,74,21990
CAR-02635,2024-11-22,NL,Mercedes-Benz,GLA,Electric,Automatic,Private,1,10407,245,1,True,10,51570
CAR-03263,2024-11-22,DE,Mercedes-Benz,A-Class,Petrol,Automatic,Franchise dealer,4,78582,170,2,True,44,15290
CAR-04738,2024-11-22,DE,BMW,i4,Hybrid,Manual,Private,4,94426,174,1,True,27,23610
CAR-01363,2024-11-22,AT,BMW,5 Series,Petrol,Automatic,Franchise dealer,1,35978,191,1,True,29,53280
CAR-04237,2024-11-22,DE,Skoda,Superb,Electric,Automatic,Franchise dealer,3,52120,136,3,True,120,25220
CAR-03755,2024-11-22,DE,Audi,A4,Hybrid,Automatic,Private,3,50518,100,1,True,11,22950
CAR-02110,2024-11-23,DE,Mercedes-Benz,C-Class,Hybrid,Automatic,Franchise dealer,10,137497,160,3,True,20,6520
CAR-01686,2024-11-23,DE,Mercedes-Benz,GLA,Hybrid,Automatic,Franchise dealer,6,134376,123,3,True,84,10860
CAR-01133,2024-11-23,DE,Volkswagen,ID.3,Diesel,Manual,Franchise dealer,4,101607,81,2,True,13,11620
CAR-00113,2024-11-23,DE,Mercedes-Benz,E-Class,Petrol,Automatic,Private,11,170307,171,3,True,18,5760
CAR-02646,2024-11-23,DE,Volkswagen,Passat,Petrol,Automatic,Franchise dealer,1,20261,153,2,True,13,37430
CAR-00694,2024-11-24,DE,Skoda,Kodiaq,Petrol,Automatic,Franchise dealer,9,131940,118,3,True,55,5770
CAR-02386,2024-11-24,DE,Skoda,Karoq,Petrol,Automatic,Franchise dealer,6,79951,194,2,True,44,11280
CAR-02389,2024-11-24,DE,BMW,3 Series,Petrol,Automatic,Private,1,23645,175,1,False,54,30290
CAR-00708,2024-11-24,DE,Mercedes-Benz,GLA,Hybrid,Automatic,Independent dealer,6,82259,194,3,True,49,14920
CAR-04854,2024-11-25,DE,BMW,X1,Electric,Automatic,Franchise dealer,11,175675,152,4,True,34,5060
CAR-02636,2024-11-25,AT,Mercedes-Benz,EQE,Petrol,Automatic,Independent dealer,7,138051,141,4,True,18,12430
CAR-04417,2024-11-25,DE,BMW,3 Series,Petrol,Automatic,Franchise dealer,1,24450,95,1,True,15,30130
CAR-01926,2024-11-25,DE,Audi,A3,Petrol,Automatic,Franchise dealer,0,11521,199,1,True,20,45570
CAR-04800,2024-11-25,DE,Mercedes-Benz,EQE,Petrol,Manual,Franchise dealer,6,154146,169,4,True,34,15280
CAR-01577,2024-11-25,DE,Volkswagen,ID.4,Petrol,Manual,Independent dealer,13,101239,151,4,True,44,5180
CAR-04498,2024-11-25,DE,Skoda,Enyaq,Hybrid,Automatic,Independent dealer,2,58715,179,2,True,40,28370
CAR-03320,2024-11-26,AT,BMW,X1,Diesel,Manual,Franchise dealer,9,134642,194,4,True,47,5490
CAR-02121,2024-11-26,DE,BMW,X3,Petrol,Automatic,Independent dealer,6,82786,229,3,True,26,17190
CAR-03104,2024-11-26,DE,Volkswagen,Golf,Petrol,Automatic,Private,1,34518,146,2,True,36,21560
CAR-02326,2024-11-26,DE,BMW,3 Series,Diesel,Automatic,Independent dealer,5,76207,180,3,True,56,13710
CAR-03619,2024-11-26,DE,Skoda,Kodiaq,Diesel,Automatic,Independent dealer,5,101406,187,2,True,35,13240
CAR-00977,2024-11-26,DE,Audi,Q3,Petrol,Automatic,Independent dealer,2,21873,150,2,True,44,28400
CAR-02291,2024-11-26,DE,Volkswagen,ID.3,Diesel,Automatic,Independent dealer,3,62860,146,3,True,41,20540
CAR-02207,2024-11-26,DE,Mercedes-Benz,EQE,Diesel,Automatic,Independent dealer,5,59439,93,1,True,81,21710
CAR-00958,2024-11-26,DE,Mercedes-Benz,GLA,Petrol,Automatic,Franchise dealer,4,57642,130,2,True,12,17270
CAR-00142,2024-11-27,DE,Skoda,Karoq,Diesel,Automatic,Franchise dealer,4,57672,158,2,True,53,15580
CAR-03924,2024-11-27,DE,BMW,X3,Petrol,Automatic,Independent dealer,10,86577,177,5,True,52,8160
CAR-00473,2024-11-27,DE,BMW,3 Series,Petrol,Automatic,Independent dealer,6,120653,164,2,True,139,10890
CAR-03707,2024-11-27,DE,Volkswagen,Tiguan,Petrol,Automatic,Independent dealer,3,53947,149,2,True,10,23720
CAR-00518,2024-11-27,DE,BMW,X1,Diesel,Manual,Independent dealer,3,44169,234,3,False,6,21060
CAR-01830,2024-11-27,NL,Mercedes-Benz,E-Class,Hybrid,Automatic,Private,13,179145,162,5,False,28,5640
CAR-04964,2024-11-27,AT,Audi,A3,Hybrid,Manual,Independent dealer,2,24930,140,2,True,31,25190
CAR-01576,2024-11-28,AT,Volkswagen,ID.3,Petrol,Automatic,Independent dealer,3,49748,152,2,True,72,23340
CAR-03807,2024-11-28,NL,Volkswagen,Passat,Petrol,Automatic,Franchise dealer,3,67738,151,3,True,48,23190
CAR-01920,2024-11-28,DE,Mercedes-Benz,EQE,Diesel,Manual,Independent dealer,10,118685,139,4,True,47,7030
CAR-03610,2024-11-28,DE,Volkswagen,Passat,Electric,Automatic,Independent dealer,4,74574,184,2,True,24,18700
CAR-04149,2024-11-28,DE,Audi,Q5,Electric,Automatic,Franchise dealer,4,87698,117,2,True,34,23950
CAR-03174,2024-11-28,DE,Volkswagen,Golf,Hybrid,Automatic,Private,5,104003,164,2,True,76,10310
CAR-00774,2024-11-28,DE,BMW,3 Series,Petrol,Automatic,Franchise dealer,6,124843,143,2,True,34,10040
CAR-02497,2024-11-28,DE,BMW,X3,Electric,Manual,Independent dealer,13,248152,118,4,True,66,5930
CAR-04656,2024-11-28,DE,Skoda,Octavia,Hybrid,Automatic,Franchise dealer,11,174450,123,3,True,19,5850
CAR-03629,2024-11-29,DE,BMW,X1,Petrol,Automatic,Franchise dealer,8,109779,121,3,False,90,6760
CAR-03862,2024-11-29,DE,Volkswagen,Tiguan,Electric,Automatic,Independent dealer,4,74642,95,1,True,94,14360
CAR-04989,2024-11-29,DE,BMW,i4,Hybrid,Automatic,Franchise dealer,1,4273,84,1,True,39,57360
CAR-03166,2024-11-30,DE,BMW,5 Series,Hybrid,Manual,Independent dealer,10,69342,149,3,True,43,9410
CAR-02539,2024-11-30,DE,Mercedes-Benz,A-Class,Electric,Manual,Franchise dealer,2,39052,164,1,True,40,24950
CAR-02047,2024-11-30,AT,Mercedes-Benz,EQE,Hybrid,Automatic,Franchise dealer,2,39943,164,1,True,73,62370
CAR-03921,2024-11-30,AT,Skoda,Superb,Electric,Automatic,Independent dealer,8,126270,167,4,True,32,7560
CAR-03328,2024-11-30,DE,Mercedes-Benz,EQE,Diesel,Automatic,Independent dealer,2,48381,156,2,True,180,44940
CAR-04247,2024-11-30,NL,BMW,i4,Diesel,Manual,Independent dealer,7,145705,162,2,True,7,9470
CAR-04579,2024-11-30,DE,BMW,3 Series,Petrol,Automatic,Franchise dealer,1,18878,151,2,True,33,45120
CAR-02708,2024-12-01,DE,BMW,X3,Diesel,Manual,Franchise dealer,4,44297,176,2,True,20,27410
CAR-00005,2024-12-01,DE,Skoda,Kodiaq,Hybrid,Automatic,Independent dealer,10,215604,186,4,True,36,5760
CAR-02257,2024-12-02,DE,Volkswagen,Tiguan,Petrol,Manual,Franchise dealer,8,148703,209,4,False,61,5910
CAR-00009,2024-12-02,DE,Mercedes-Benz,A-Class,Petrol,Automatic,Independent dealer,13,186186,141,4,True,78,5710
CAR-01581,2024-12-02,DE,Audi,e-tron,Petrol,Manual,Independent dealer,5,78258,145,2,True,34,20360
CAR-04797,2024-12-02,DE,Mercedes-Benz,EQE,Hybrid,Automatic,Independent dealer,3,60848,94,1,False,36,30470
CAR-04966,2024-12-02,DE,Audi,A3,Petrol,Automatic,Independent dealer,12,193540,118,4,True,8,5870
CAR-02858,2024-12-03,DE,Volkswagen,ID.4,Petrol,Manual,Franchise dealer,4,44142,156,2,True,47,21240
CAR-00577,2024-12-03,NL,Mercedes-Benz,C-Class,Petrol,Automatic,Private,1,24655,144,1,True,44,47840
CAR-03744,2024-12-03,DE,BMW,5 Series,Petrol,Manual,Private,3,41007,117,1,True,28,26930
CAR-03738,2024-12-03,DE,Volkswagen,ID.3,Petrol,Automatic,Independent dealer,8,75460,83,3,True,13,6740
CAR-02884,2024-12-03,DE,Mercedes-Benz,GLA,Hybrid,Automatic,Independent dealer,3,45968,160,1,True,56,27910
CAR-01788,2024-12-03,DE,Skoda,Karoq,Petrol,Automatic,Franchise dealer,6,100650,193,2,True,43,9710
CAR-01443,2024-12-03,DE,BMW,3 Series,Hybrid,Automatic,Independent dealer,6,110133,151,3,True,31,10580
CAR-02861,2024-12-04,DE,Mercedes-Benz,E-Class,Hybrid,Automatic,Independent dealer,3,63281,154,2,True,23,39840
CAR-04427,2024-12-04,DE,BMW,X3,Petrol,Automatic,Private,2,44125,94,2,True,88,35410
CAR-02381,2024-12-04,DE,Audi,e-tron,Diesel,Automatic,Franchise dealer,10,166560,154,5,True,91,5510
CAR-03271,2024-12-04,DE,Mercedes-Benz,C-Class,Petrol,Automatic,Private,10,156911,196,4,True,38,5090
CAR-00970,2024-12-04,DE,Audi,A4,Petrol,Automatic,Independent dealer,6,110988,148,3,True,48,12310
CAR-00805,2024-12-04,DE,BMW,5 Series,Diesel,Automatic,Independent dealer,10,135290,78,3,False,47,5150
CAR-02806,2024-12-04,AT,Audi,A3,Petrol,Automatic,Private,2,49592,190,1,True,15,21520
CAR-04293,2024-12-04,DE,Mercedes-Benz,C-Class,Diesel,Manual,Franchise dealer,13,223758,195,4,False,68,5520
CAR-00696,2024-12-05,NL,Volkswagen,Golf,Electric,Manual,Franchise dealer,3,53092,160,2,True,76,20430
CAR-02898,2024-12-05,AT,Volkswagen,Passat,Petrol,Automatic,Independent dealer,2,45538,255,1,True,25,33950
CAR-00347,2024-12-05,DE,Audi,A3,Petrol,Manual,Private,2,42509,170,2,True,45,22540
CAR-01496,2024-12-05,DE,Skoda,Karoq,Petrol,Automatic,Independent dealer,7,139999,154,4,True,63,6330
CAR-01789,2024-12-05,DE,BMW,3 Series,Diesel,Automatic,Independent dealer,1,35087,122,2,True,43,37400
CAR-04554,2024-12-05,DE,Audi,A4,Petrol,Automatic,Franchise dealer,2,41528,223,1,False,47,27980
CAR-01112,2024-12-05,DE,Volkswagen,ID.4,Petrol,Automatic,Independent dealer,4,44165,70,2,False,19,16250
CAR-03365,2024-12-05,DE,Audi,Q3,Diesel,Automatic,Independent dealer,3,52752,168,2,True,60,22130
CAR-03857,2024-12-06,DE,Mercedes-Benz,C-Class,Electric,Automatic,Independent dealer,2,12393,130,2,True,12,41240
CAR-02200,2024-12-06,DE,BMW,X1,Petrol,Manual,Franchise dealer,11,169349,160,4,True,40,5590
CAR-01222,2024-12-06,DE,Skoda,Karoq,Electric,Manual,Independent dealer,2,31520,175,3,True,5,24620
CAR-01208,2024-12-06,AT,Audi,Q3,Hybrid,Automatic,Franchise dealer,12,160105,87,5,True,16,5540
CAR-01748,2024-12-06,DE,Mercedes-Benz,A-Class,Diesel,Automatic,Franchise dealer,3,73606,169,1,True,67,21740
CAR-00968,2024-12-06,DE,Mercedes-Benz,A-Class,Diesel,Automatic,Franchise dealer,4,72695,113,3,True,48,17580
CAR-02607,2024-12-06,DE,Audi,A3,Petrol,Manual,Independent dealer,3,55090,111,1,True,11,17370
CAR-04998,2024-12-07,DE,Audi,Q3,Electric,Automatic,Independent dealer,2,35256,98,2,True,30,26510
CAR-02482,2024-12-07,DE,BMW,3 Series,Electric,Manual,Franchise dealer,7,174071,97,2,True,65,6890
CAR-01951,2024-12-07,DE,BMW,5 Series,Electric,Manual,Franchise dealer,1,30177,148,1,True,45,51190
CAR-00691,2024-12-07,AT,Skoda,Octavia,Petrol,Automatic,Independent dealer,3,71126,94,2,True,50,13150
CAR-00581,2024-12-07,DE,Mercedes-Benz,C-Class,Petrol,Manual,Private,4,70222,117,2,True,31,16420
CAR-01474,2024-12-07,DE,Mercedes-Benz,EQE,Diesel,Automatic,Franchise dealer,9,162068,165,5,True,59,7680
CAR-02393,2024-12-08,DE,BMW,X3,Petrol,Automatic,Independent dealer,5,86841,143,2,True,83,19050
CAR-02669,2024-12-08,DE,Mercedes-Benz,GLA,Petrol,Automatic,Franchise dealer,4,62630,188,2,True,29,23650
CAR-00477,2024-12-09,DE,Volkswagen,Tiguan,Hybrid,Automatic,Franchise dealer,7,110423,108,3,True,11,8890
CAR-01746,2024-12-09,DE,Volkswagen,Tiguan,Hybrid,Automatic,Franchise dealer,2,27268,108,3,False,53,28130
CAR-03169,2024-12-09,AT,Volkswagen,Tiguan,Diesel,Automatic,Franchise dealer,3,66639,193,2,True,8,25910
CAR-03483,2024-12-09,DE,Mercedes-Benz,C-Class,Petrol,Automatic,Independent dealer,4,79662,108,3,True,57,23460
CAR-00765,2024-12-09,NL,BMW,X3,Electric,Automatic,Independent dealer,1,17026,239,1,True,54,64250
CAR-00364,2024-12-09,DE,Volkswagen,Tiguan,Electric,Automatic,Franchise dealer,6,130494,173,3,True,23,11400
CAR-04201,2024-12-09,DE,Volkswagen,Passat,Hybrid,Automatic,Franchise dealer,6,116978,114,2,True,18,10400
CAR-01120,2024-12-09,DE,Volkswagen,Passat,Electric,Automatic,Franchise dealer,11,150542,145,5,True,14,5840
CAR-00327,2024-12-10,AT,Mercedes-Benz,E-Class,Petrol,Automatic,Franchise dealer,5,76326,195,2,False,28,21580
CAR-03004,2024-12-10,DE,BMW,5 Series,Diesel,Automatic,Private,6,107451,105,2,True,27,11120
CAR-00515,2024-12-10,DE,BMW,X1,Petrol,Manual,Private,0,11652,153,1,True,69,40570
CAR-04381,2024-12-10,DE,Audi,Q3,Electric,Automatic,Independent dealer,5,114530,143,3,True,70,13300
CAR-02575,2024-12-10,DE,Volkswagen,ID.4,Electric,Automatic,Private,2,49260,161,3,True,36,37840
CAR-03136,2024-12-11,DE,Volkswagen,ID.3,Electric,Automatic,Franchise dealer,11,243435,147,4,True,34,5830
CAR-00320,2024-12-11,DE,Skoda,Enyaq,Petrol,Automatic,Private,6,116468,178,2,True,7,10000
CAR-03644,2024-12-11,DE,BMW,5 Series,Petrol,Automatic,Franchise dealer,6,102485,185,3,True,23,18170
CAR-02548,2024-12-11,DE,Audi,A3,Electric,Automatic,Franchise dealer,3,54372,111,2,True,17,18340
CAR-02772,2024-12-12,DE,Skoda,Karoq,Petrol,Automatic,Franchise dealer,2,33180,199,1,True,39,26380
CAR-01771,2024-12-12,DE,Volkswagen,Golf,Electric,Manual,Independent dealer,1,26269,205,2,True,14,26910
CAR-04700,2024-12-12,DE,Skoda,Octavia,Petrol,Automatic,Independent dealer,4,70767,70,2,True,28,10440
CAR-00815,2024-12-12,DE,Skoda,Octavia,Petrol,Automatic,Independent dealer,3,69681,181,2,True,13,15940
CAR-01634,2024-12-13,DE,Skoda,Karoq,Electric,Manual,Franchise dealer,6,116028,70,3,True,41,7660
CAR-00888,2024-12-13,DE,BMW,5 Series,Hybrid,Automatic,Franchise dealer,2,31832,114,2,True,35,40550
CAR-01727,2024-12-13,DE,Skoda,Kodiaq,Hybrid,Automatic,Independent dealer,1,38140,161,1,True,50,36090
CAR-01296,2024-12-13,DE,BMW,i4,Petrol,Automatic,Independent dealer,3,61095,140,1,True,24,30990
CAR-02505,2024-12-14,DE,BMW,X1,Diesel,Manual,Franchise dealer,1,32759,118,1,True,67,26680
CAR-02119,2024-12-14,DE,Audi,e-tron,Diesel,Automatic,Franchise dealer,4,83203,116,3,True,49,22340
CAR-04362,2024-12-14,DE,Volkswagen,ID.4,Petrol,Automatic,Franchise dealer,2,45171,101,1,True,64,31380
CAR-00214,2024-12-14,DE,Volkswagen,ID.4,Petrol,Manual,Franchise dealer,5,104973,162,3,True,19,14080
CAR-00263,2024-12-14,DE,BMW,3 Series,Diesel,Manual,Independent dealer,9,96789,139,4,True,156,5600
CAR-01270,2024-12-14,DE,Skoda,Karoq,Diesel,Automatic,Private,5,100578,207,1,True,61,10450
CAR-01310,2024-12-14,DE,Audi,e-tron,Electric,Manual,Franchise dealer,4,96807,139,2,True,38,24920
CAR-03904,2024-12-14,DE,Audi,A4,Petrol,Automatic,Private,4,42358,100,2,True,26,14700
CAR-00685,2024-12-14,DE,Audi,e-tron,Petrol,Automatic,Independent dealer,7,119233,161,4,True,56,13890
CAR-03576,2024-12-15,DE,Volkswagen,ID.3,Electric,Automatic,Franchise dealer,2,39200,161,1,True,35,35420
CAR-02707,2024-12-15,DE,Audi,Q3,Hybrid,Automatic,Independent dealer,3,40110,77,2,True,63,22080
CAR-04867,2024-12-15,DE,Audi,A3,Petrol,Automatic,Franchise dealer,2,27113,155,2,True,62,26860
CAR-02773,2024-12-15,DE,BMW,5 Series,Petrol,Automatic,Private,11,135807,205,5,True,31,5780
CAR-00205,2024-12-15,DE,Audi,A3,Petrol,Automatic,Independent dealer,2,39035,164,1,False,30,21690
CAR-04084,2024-12-15,DE,Mercedes-Benz,E-Class,Electric,Automatic,Independent dealer,3,70370,87,2,True,19,27430
CAR-04833,2024-12-15,DE,Volkswagen,Passat,Petrol,Automatic,Private,9,117112,212,4,True,95,6240
CAR-02754,2024-12-15,DE,Skoda,Kodiaq,Petrol,Automatic,Franchise dealer,1,16748,153,1,True,28,40570
CAR-01965,2024-12-15,AT,BMW,i4,Diesel,Automatic,Independent dealer,6,128775,81,3,True,37,11320
CAR-02249,2024-12-15,AT,Audi,A3,Petrol,Automatic,Franchise dealer,7,144431,216,2,True,35,7790
CAR-04144,2024-12-15,DE,Mercedes-Benz,GLA,Petrol,Manual,Franchise dealer,4,72634,110,2,True,40,17990
CAR-03115,2024-12-15,DE,Volkswagen,Golf,Petrol,Automatic,Franchise dealer,5,50629,98,2,True,40,11600
CAR-00277,2024-12-16,NL,Mercedes-Benz,C-Class,Petrol,Manual,Independent dealer,7,74378,147,4,True,11,9860
CAR-04474,2024-12-16,DE,Mercedes-Benz,E-Class,Petrol,Manual,Franchise dealer,3,60920,164,4,False,76,25240
CAR-00103,2024-12-16,NL,Skoda,Karoq,Petrol,Manual,Franchise dealer,10,104969,148,3,True,31,6290
CAR-00843,2024-12-17,DE,Audi,Q3,Hybrid,Automatic,Private,10,156314,194,5,False,48,5610
CAR-03997,2024-12-17,AT,Mercedes-Benz,EQE,Petrol,Manual,Independent dealer,13,204729,123,4,False,4,6480
CAR-03048,2024-12-17,NL,Skoda,Octavia,Petrol,Manual,Private,12,197211,95,5,True,8,5040
CAR-01122,2024-12-17,DE,Volkswagen,Passat,Petrol,Automatic,Independent dealer,2,49751,194,1,True,43,31060
CAR-01241,2024-12-18,NL,Audi,Q3,Electric,Automatic,Private,1,9176,167,2,True,39,48590
CAR-00878,2024-12-18,DE,Volkswagen,ID.3,Hybrid,Manual,Franchise dealer,3,53727,141,1,True,13,26320
CAR-01065,2024-12-19,DE,Skoda,Karoq,Petrol,Manual,Franchise dealer,12,119258,165,5,True,27,5730
CAR-03032,2024-12-19,DE,Audi,Q5,Diesel,Automatic,Franchise dealer,4,63094,120,4,True,82,22660
CAR-00754,2024-12-19,DE,Volkswagen,ID.3,Petrol,Manual,Private,10,172375,180,4,True,22,5040
CAR-01095,2024-12-19,DE,Audi,Q5,Diesel,Manual,Independent dealer,3,54681,148,1,True,30,29960
CAR-00974,2024-12-19,AT,Audi,e-tron,Petrol,Automatic,Franchise dealer,1,18524,143,1,True,26,58330
CAR-03510,2024-12-20,DE,Skoda,Enyaq,Petrol,Automatic,Franchise dealer,2,35659,139,1,True,22,31520
CAR-01008,2024-12-20,NL,Volkswagen,Passat,Petrol,Automatic,Franchise dealer,5,65093,192,2,True,20,16680
CAR-03181,2024-12-20,DE,Audi,A4,Petrol,Automatic,Private,1,38170,141,1,True,74,43230
CAR-02877,2024-12-20,DE,Audi,e-tron,Electric,Automatic,Franchise dealer,1,27206,227,2,True,94,69420
CAR-04339,2024-12-20,DE,Volkswagen,Golf,Electric,Automatic,Independent dealer,8,116281,112,3,True,34,5610
CAR-04443,2024-12-20,NL,Skoda,Octavia,Hybrid,Automatic,Franchise dealer,3,49085,155,1,True,70,24130
CAR-00200,2024-12-20,DE,Volkswagen,Passat,Hybrid,Manual,Private,5,99717,249,3,True,11,13650
CAR-04023,2024-12-21,DE,Skoda,Enyaq,Diesel,Automatic,Independent dealer,10,199486,143,3,True,44,5190
CAR-01304,2024-12-21,DE,Volkswagen,ID.3,Petrol,Automatic,Franchise dealer,9,129378,132,4,True,2,5260
CAR-04919,2024-12-21,AT,Audi,Q5,Diesel,Manual,Independent dealer,1,36377,92,1,True,26,42980
CAR-03308,2024-12-21,AT,Mercedes-Benz,C-Class,Diesel,Manual,Franchise dealer,13,236660,88,4,True,48,6270
CAR-01198,2024-12-21,DE,Audi,Q3,Electric,Automatic,Franchise dealer,1,29429,163,1,True,33,40700
CAR-03906,2024-12-22,DE,Volkswagen,ID.4,Hybrid,Manual,Private,5,102370,118,2,True,6,15340
CAR-02750,2024-12-22,DE,Audi,Q5,Petrol,Manual,Franchise dealer,2,18842,70,1,True,33,34520
CAR-01744,2024-12-22,AT,Volkswagen,Tiguan,Diesel,Automatic,Independent dealer,3,46817,112,2,True,29,19360
CAR-04044,2024-12-22,DE,Mercedes-Benz,EQE,Hybrid,Manual,Franchise dealer,10,218241,145,3,True,9,5690
CAR-04368,2024-12-23,DE,BMW,5 Series,Petrol,Manual,Franchise dealer,2,36786,78,3,True,21,32030
CAR-03236,2024-12-23,DE,Skoda,Enyaq,Electric,Automatic,Franchise dealer,3,56997,106,3,True,32,25340
CAR-02058,2024-12-23,DE,BMW,5 Series,Diesel,Manual,Independent dealer,1,45886,70,1,True,68,33700
CAR-04958,2024-12-23,DE,Audi,A4,Diesel,Automatic,Independent dealer,3,53799,98,1,True,12,22370
CAR-01712,2024-12-23,DE,Skoda,Enyaq,Diesel,Automatic,Franchise dealer,4,68269,171,2,True,86,19210
CAR-00690,2024-12-23,DE,Audi,A4,Hybrid,Automatic,Franchise dealer,3,67473,97,1,True,70,24740
CAR-03561,2024-12-23,DE,Mercedes-Benz,C-Class,Hybrid,Automatic,Independent dealer,12,263106,71,4,True,67,5930
CAR-00383,2024-12-24,DE,Mercedes-Benz,GLA,Petrol,Automatic,Franchise dealer,4,71548,145,3,True,14,19230
CAR-00036,2024-12-24,DE,BMW,X1,Electric,Automatic,Independent dealer,5,110885,132,3,True,12,12390
CAR-00791,2024-12-24,DE,Audi,Q3,Petrol,Automatic,Independent dealer,1,30454,126,2,True,127,35620
CAR-01855,2024-12-24,DE,Skoda,Enyaq,Diesel,Automatic,Independent dealer,5,105880,148,2,True,24,13300
CAR-00245,2024-12-24,DE,Skoda,Karoq,Electric,Manual,Private,7,144118,112,2,True,19,5690
CAR-01563,2024-12-24,DE,Skoda,Enyaq,Electric,Automatic,Franchise dealer,4,81241,70,2,True,37,17690
CAR-00611,2024-12-25,NL,Volkswagen,ID.3,Hybrid,Automatic,Private,3,54140,176,1,True,55,23330
CAR-04935,2024-12-26,DE,BMW,3 Series,Electric,Automatic,Private,1,32854,70,2,True,55,27300
CAR-00710,2024-12-26,DE,Skoda,Superb,Diesel,Automatic,Independent dealer,1,21284,100,1,True,8,28070
CAR-00923,2024-12-26,AT,Mercedes-Benz,A-Class,Electric,Automatic,Franchise dealer,5,82169,160,1,True,21,14310
CAR-01605,2024-12-26,DE,Audi,Q5,Petrol,Manual,Independent dealer,1,20147,145,2,True,54,50070
CAR-03407,2024-12-26,AT,Audi,A3,Diesel,Automatic,Independent dealer,2,30726,141,1,True,31,24960
CAR-04140,2024-12-26,DE,Audi,A3,Diesel,Automatic,Franchise dealer,6,126541,149,2,True,71,7200
CAR-00154,2024-12-26,DE,BMW,X1,Petrol,Automatic,Independent dealer,1,28211,156,1,True,56,38100
CAR-01607,2024-12-26,DE,Audi,Q3,Petrol,Manual,Private,3,81005,170,2,True,63,19880
CAR-01426,2024-12-27,DE,BMW,i4,Electric,Automatic,Independent dealer,13,164193,158,5,True,47,5160
CAR-02637,2024-12-27,DE,BMW,X1,Petrol,Automatic,Independent dealer,5,86961,162,3,True,20,13460
CAR-00761,2024-12-27,DE,BMW,5 Series,Petrol,Automatic,Franchise dealer,0,6574,90,1,False,72,48330
CAR-04438,2024-12-27,DE,Audi,A3,Petrol,Automatic,Private,3,40878,203,2,True,46,24000
CAR-00227,2024-12-28,DE,Mercedes-Benz,EQE,Hybrid,Automatic,Independent dealer,2,56427,141,1,True,19,44070
CAR-00935,2024-12-28,DE,BMW,3 Series,Petrol,Automatic,Franchise dealer,2,50664,82,2,False,8,25170
CAR-00584,2024-12-28,DE,Skoda,Karoq,Diesel,Automatic,Independent dealer,6,103561,103,2,True,66,8030
CAR-00080,2024-12-28,DE,Volkswagen,Golf,Petrol,Automatic,Franchise dealer,2,33690,151,1,True,10,20940
CAR-02077,2024-12-28,DE,BMW,5 Series,Electric,Automatic,Private,6,81984,145,2,True,23,16190
CAR-03558,2024-12-28,AT,Volkswagen,Tiguan,Petrol,Automatic,Independent dealer,5,96715,139,3,True,85,13040
CAR-04029,2024-12-29,DE,Skoda,Superb,Hybrid,Automatic,Franchise dealer,1,31753,163,1,True,45,44940
CAR-02648,2024-12-29,DE,Volkswagen,ID.3,Electric,Automatic,Private,10,180132,161,3,True,7,5930
CAR-03072,2024-12-29,AT,Volkswagen,Tiguan,Electric,Automatic,Private,4,79484,169,1,True,11,18080
CAR-02973,2024-12-29,DE,Skoda,Superb,Petrol,Automatic,Franchise dealer,3,36342,145,1,True,24,23150
CAR-03402,2024-12-29,DE,Mercedes-Benz,C-Class,Petrol,Automatic,Independent dealer,2,41754,143,1,True,13,34370
CAR-01570,2024-12-30,DE,Audi,A3,Hybrid,Manual,Independent dealer,2,53364,115,1,True,79,21410
CAR-02609,2024-12-30,DE,Audi,Q5,Diesel,Automatic,Franchise dealer,3,75746,161,2,True,40,26320
CAR-02711,2024-12-30,DE,Audi,Q3,Hybrid,Manual,Franchise dealer,4,56347,70,2,True,83,21290
CAR-04131,2024-12-30,DE,Volkswagen,ID.4,Electric,Automatic,Franchise dealer,9,121465,134,4,True,81,7040
CAR-02670,2024-12-30,DE,Volkswagen,ID.4,Petrol,Automatic,Franchise dealer,2,41177,181,2,True,15,34930
CAR-00093,2024-12-31,DE,Audi,A4,Diesel,Automatic,Franchise dealer,2,43051,170,1,False,49,22670
CAR-01430,2024-12-31,DE,Skoda,Karoq,Diesel,Automatic,Independent dealer,2,20840,139,2,True,42,23020
CAR-03176,2024-12-31,AT,Skoda,Enyaq,Diesel,Manual,Independent dealer,4,59507,111,2,True,43,19280
CAR-01166,2025-01-01,DE,Volkswagen,ID.4,Diesel,Automatic,Independent dealer,8,95428,152,5,True,33,8430
CAR-00041,2025-01-01,DE,Volkswagen,ID.4,Petrol,Manual,Franchise dealer,7,97502,243,3,True,50,12350
CAR-01405,2025-01-02,NL,Audi,A3,Diesel,Manual,Franchise dealer,6,64147,107,3,True,12,9730
CAR-04772,2025-01-02,DE,BMW,X1,Diesel,Automatic,Independent dealer,6,90710,103,1,True,31,9890
CAR-00624,2025-01-02,DE,Skoda,Enyaq,Diesel,Automatic,Franchise dealer,1,22802,150,1,True,14,38200
CAR-03167,2025-01-02,DE,BMW,3 Series,Petrol,Automatic,Independent dealer,2,47188,86,1,True,6,26270
CAR-01697,2025-01-02,DE,Volkswagen,Golf,Diesel,Manual,Franchise dealer,4,76856,178,2,True,33,12270
CAR-04891,2025-01-02,DE,Audi,Q5,Electric,Automatic,Independent dealer,4,68027,191,2,True,43,28870
CAR-04451,2025-01-03,DE,Skoda,Octavia,Diesel,Automatic,Private,5,76163,71,2,True,43,7890
CAR-01437,2025-01-03,DE,Mercedes-Benz,A-Class,Petrol,Manual,Independent dealer,5,108098,73,3,True,67,8540
CAR-00627,2025-01-03,DE,BMW,X3,Diesel,Automatic,Franchise dealer,11,183264,196,4,True,105,5760
CAR-00216,2025-01-03,DE,BMW,X1,Hybrid,Automatic,Franchise dealer,3,88196,110,3,True,101,20790
CAR-00370,2025-01-03,DE,Volkswagen,Golf,Petrol,Automatic,Franchise dealer,2,44269,200,2,True,27,21720
CAR-00388,2025-01-03,DE,BMW,3 Series,Petrol,Manual,Franchise dealer,10,160064,165,4,True,58,5780
CAR-03770,2025-01-03,DE,Skoda,Kodiaq,Petrol,Manual,Private,2,47252,112,1,True,34,26220
CAR-00861,2025-01-04,DE,Volkswagen,Passat,Hybrid,Automatic,Independent dealer,1,24781,70,1,True,61,35360
CAR-01314,2025-01-04,DE,BMW,X3,Diesel,Automatic,Independent dealer,3,50055,124,2,True,40,25760
CAR-02314,2025-01-04,DE,Audi,Q3,Diesel,Automatic,Independent dealer,9,201652,240,4,True,18,5270
CAR-03666,2025-01-04,DE,BMW,X3,Petrol,Automatic,Independent dealer,11,126941,162,4,True,20,6060
CAR-01284,2025-01-04,DE,Skoda,Kodiaq,Petrol,Manual,Franchise dealer,1,34392,166,1,False,36,33390
CAR-00780,2025-01-05,NL,Audi,A4,Petrol,Manual,Franchise dealer,12,240532,95,5,True,19,5540
CAR-01439,2025-01-05,NL,Skoda,Octavia,Diesel,Automatic,Independent dealer,1,33607,156,1,True,21,31090
CAR-04562,2025-01-05,DE,Audi,A3,Petrol,Manual,Independent dealer,1,26837,146,1,True,41,30770
CAR-00840,2025-01-05,AT,BMW,i4,Hybrid,Automatic,Independent dealer,0,19180,104,1,True,72,62970
CAR-00235,2025-01-05,DE,Volkswagen,ID.3,Diesel,Automatic,Private,3,55414,189,2,True,32,19720
CAR-02605,2025-01-05,DE,BMW,X1,Petrol,Automatic,Independent dealer,4,73909,70,1,True,58,16490
CAR-02148,2025-01-06,DE,Volkswagen,Golf,Petrol,Automatic,Franchise dealer,9,121473,149,3,True,9,4920
CAR-04445,2025-01-06,DE,Mercedes-Benz,E-Class,Diesel,Manual,Independent dealer,8,94914,127,4,True,10,10190
CAR-01777,2025-01-06,DE,Mercedes-Benz,EQE,Diesel,Automatic,Independent dealer,4,88632,107,3,True,72,22730
CAR-04473,2025-01-06,DE,BMW,5 Series,Diesel,Automatic,Independent dealer,0,7550,152,1,True,67,71820
CAR-02310,2025-01-06,DE,Skoda,Superb,Petrol,Automatic,Private,6,93871,196,1,True,16,13110
CAR-00330,2025-01-06,DE,Volkswagen,Passat,Hybrid,Manual,Franchise dealer,4,74284,167,1,True,3,18470
CAR-02550,2025-01-06,DE,Mercedes-Benz,C-Class,Hybrid,Automatic,Franchise dealer,1,33103,135,1,False,60,39240
CAR-00019,2025-01-06,DE,Volkswagen,Tiguan,Petrol,Manual,Independent dealer,4,62274,121,2,True,14,17780
CAR-04741,2025-01-07,DE,Audi,A4,Petrol,Manual,Private,8,119099,123,3,True,20,5600
CAR-03616,2025-01-07,DE,Audi,Q5,Electric,Automatic,Independent dealer,5,84680,141,4,True,47,21160
CAR-04984,2025-01-07,DE,Audi,A4,Diesel,Automatic,Private,3,80900,90,2,True,38,16080
CAR-02702,2025-01-07,AT,Audi,Q5,Electric,Manual,Independent dealer,8,167861,204,4,False,28,7270
CAR-03220,2025-01-07,DE,Audi,Q3,Electric,Automatic,Private,2,39367,101,1,True,28,27700
CAR-03596,2025-01-07,DE,Skoda,Octavia,Hybrid,Automatic,Franchise dealer,7,139472,146,3,True,52,6300
CAR-01967,2025-01-07,DE,Volkswagen,Passat,Electric,Automatic,Franchise dealer,0,8786,128,1,True,44,52030
CAR-02716,2025-01-08,DE,Mercedes-Benz,A-Class,Hybrid,Automatic,Franchise dealer,3,52563,181,1,False,15,21690
CAR-04885,2025-01-08,DE,Volkswagen,ID.3,Petrol,Manual,Franchise dealer,4,54489,207,2,True,64,19420
CAR-00976,2025-01-08,DE,Mercedes-Benz,GLA,Hybrid,Automatic,Franchise dealer,5,105891,151,2,True,31,17030
CAR-04874,2025-01-08,DE,Mercedes-Benz,E-Class,Electric,Manual,Franchise dealer,3,59329,227,1,True,31,38480
CAR-01647,2025-01-08,DE,Volkswagen,Golf,Petrol,Automatic,Independent dealer,3,60870,149,1,True,29,15650
CAR-02594,2025-01-08,DE,Audi,e-tron,Petrol,Manual,Independent dealer,4,76513,153,2,True,43,30030
CAR-03255,2025-01-08,DE,Volkswagen,Tiguan,Hybrid,Manual,Independent dealer,3,55684,141,3,False,33,20010
CAR-03165,2025-01-08,DE,Volkswagen,ID.3,Diesel,Automatic,Independent dealer,11,139562,127,5,True,31,5110
CAR-01840,2025-01-09,DE,BMW,X1,Diesel,Automatic,Independent dealer,4,102408,189,2,True,7,18120
CAR-04522,2025-01-09,DE,Volkswagen,Tiguan,Hybrid,Automatic,Private,6,110395,149,3,True,121,9890
CAR-02913,2025-01-09,DE,Volkswagen,Tiguan,Petrol,Automatic,Private,8,154606,121,3,True,38,5350
CAR-00796,2025-01-09,DE,BMW,5 Series,Diesel,Automatic,Franchise dealer,2,36310,119,1,False,75,33400
CAR-01929,2025-01-10,DE,Mercedes-Benz,GLA,Diesel,Manual,Independent dealer,4,72246,211,3,True,40,15900
CAR-01382,2025-01-10,DE,Mercedes-Benz,A-Class,Petrol,Automatic,Independent dealer,1,29681,107,1,True,77,26230
CAR-01023,2025-01-10,DE,Mercedes-Benz,E-Class,Petrol,Manual,Franchise dealer,6,104229,70,2,True,59,12620
CAR-02484,2025-01-10,DE,Volkswagen,Tiguan,Electric,Automatic,Independent dealer,13,233575,113,5,True,49,4910
CAR-00733,2025-01-11,DE,Audi,Q3,Petrol,Automatic,Private,11,208005,138,4,True,50,5720
CAR-02475,2025-01-11,DE,BMW,X3,Petrol,Automatic,Independent dealer,12,186099,126,4,True,113,5780
CAR-01889,2025-01-11,DE,Mercedes-Benz,A-Class,Hybrid,Automatic,Franchise dealer,1,11108,134,2,True,77,37800
CAR-00247,2025-01-11,DE,Audi,Q3,Diesel,Automatic,Independent dealer,10,195803,97,4,True,58,5780
CAR-01031,2025-01-12,DE,Volkswagen,ID.4,Petrol,Automatic,Franchise dealer,2,40139,167,2,True,5,35180
CAR-00851,2025-01-12,DE,BMW,X3,Diesel,Manual,Franchise dealer,4,63663,259,2,True,34,32110
CAR-02303,2025-01-12,AT,Mercedes-Benz,GLA,Petrol,Automatic,Independent dealer,7,88193,155,3,False,164,9170
CAR-01557,2025-01-12,DE,Mercedes-Benz,GLA,Electric,Manual,Independent dealer,8,142957,157,4,True,42,6290
CAR-00250,2025-01-13,DE,Volkswagen,Tiguan,Petrol,Automatic,Independent dealer,4,85099,116,3,True,16,15170
CAR-01990,2025-01-13,NL,BMW,3 Series,Hybrid,Automatic,Franchise dealer,5,70527,103,3,True,30,16660
CAR-01029,2025-01-13,DE,Audi,A3,Diesel,Manual,Independent dealer,8,96695,125,4,True,57,6190
CAR-00947,2025-01-13,DE,Skoda,Superb,Hybrid,Manual,Independent dealer,2,33666,149,2,True,83,33720
CAR-04285,2025-01-13,DE,BMW,X3,Petrol,Automatic,Independent dealer,7,147955,110,4,True,53,10430
CAR-01850,2025-01-13,NL,Audi,Q3,Petrol,Manual,Independent dealer,1,25004,180,1,True,79,37540
CAR-03815,2025-01-13,DE,Audi,e-tron,Hybrid,Automatic,Independent dealer,3,50847,79,2,False,17,30450
CAR-02050,2025-01-13,DE,Skoda,Octavia,Diesel,Manual,Independent dealer,3,62614,145,2,True,102,14660
CAR-03468,2025-01-14,DE,Audi,Q3,Diesel,Manual,Private,2,57757,101,2,True,37,22640
CAR-01077,2025-01-14,DE,Mercedes-Benz,C-Class,Electric,Automatic,Independent dealer,2,24291,265,1,True,67,44640
CAR-02854,2025-01-14,DE,Volkswagen,Passat,Electric,Manual,Independent dealer,12,240152,162,5,True,25,5710
CAR-03012,2025-01-14,DE,Volkswagen,ID.4,Diesel,Manual,Franchise dealer,1,31462,273,1,True,92,44600
CAR-03580,2025-01-14,DE,Volkswagen,Passat,Petrol,Manual,Private,8,126365,177,3,True,44,5480
CAR-03597,2025-01-14,DE,Skoda,Karoq,Petrol,Automatic,Independent dealer,3,62072,70,1,False,23,13950
CAR-03793,2025-01-15,DE,BMW,i4,Hybrid,Automatic,Independent dealer,13,82450,207,5,True,43,5970
CAR-03806,2025-01-15,DE,Volkswagen,ID.4,Electric,Automatic,Independent dealer,2,51273,111,1,False,14,24640
CAR-04089,2025-01-15,DE,BMW,i4,Petrol,Automatic,Franchise dealer,2,27366,197,1,True,33,47010
CAR-03684,2025-01-15,DE,BMW,3 Series,Diesel,Automatic,Franchise dealer,3,50637,147,2,True,63,24540
CAR-01127,2025-01-16,DE,Volkswagen,Golf,Petrol,Automatic,Independent dealer,2,36822,136,1,False,10,17790
CAR-02330,2025-01-16,DE,Mercedes-Benz,EQE,Petrol,Manual,Franchise dealer,3,65622,85,2,True,17,30640
CAR-00957,2025-01-16,NL,Mercedes-Benz,E-Class,Diesel,Automatic,Independent dealer,3,56952,135,1,True,58,35000
CAR-01700,2025-01-16,DE,Skoda,Kodiaq,Electric,Automatic,Franchise dealer,1,26685,102,1,True,10,40330
CAR-04711,2025-01-16,DE,Audi,A4,Hybrid,Automatic,Independent dealer,3,69285,171,1,True,20,25070
CAR-03021,2025-01-16,AT,Volkswagen,ID.3,Petrol,Automatic,Private,8,103113,116,3,True,26,5940
CAR-02426,2025-01-17,AT,BMW,X3,Electric,Automatic,Independent dealer,6,108013,123,2,True,16,16430
CAR-03300,2025-01-17,AT,Skoda,Kodiaq,Diesel,Automatic,Franchise dealer,10,99112,121,5,True,25,5600
CAR-01816,2025-01-17,AT,Volkswagen,Tiguan,Hybrid,Manual,Franchise dealer,13,227439,194,5,True,11,5640
CAR-03040,2025-01-17,DE,Audi,A3,Hybrid,Automatic,Franchise dealer,8,187017,182,4,True,79,5500
CAR-00771,2025-01-17,DE,Mercedes-Benz,GLA,Petrol,Manual,Franchise dealer,7,128623,97,2,False,16,6330
CAR-00646,2025-01-17,DE,BMW,5 Series,Petrol,Automatic,Independent dealer,4,66954,162,2,True,35,23470
CAR-01180,2025-01-18,DE,Volkswagen,Tiguan,Diesel,Automatic,Franchise dealer,12,175093,190,5,True,42,5630
CAR-03841,2025-01-18,DE,Volkswagen,ID.3,Diesel,Automatic,Franchise dealer,5,91567,130,2,True,37,12170
CAR-01290,2025-01-18,NL,Mercedes-Benz,EQE,Electric,Automatic,Franchise dealer,13,124473,114,5,True,49,5480
CAR-02140,2025-01-18,DE,Skoda,Superb,Petrol,Automatic,Independent dealer,6,116194,158,2,True,51,10620
CAR-00491,2025-01-18,DE,Volkswagen,ID.3,Petrol,Automatic,Independent dealer,1,7308,99,2,True,16,29720
CAR-02888,2025-01-18,DE,BMW,i4,Hybrid,Automatic,Independent dealer,6,77037,154,3,True,47,18100
CAR-03946,2025-01-19,DE,BMW,i4,Petrol,Automatic,Private,3,60967,175,2,True,20,31110
CAR-02097,2025-01-19,DE,Mercedes-Benz,C-Class,Electric,Automatic,Independent dealer,8,171708,70,2,True,10,5540
CAR-01034,2025-01-19,DE,Audi,Q3,Petrol,Automatic,Franchise dealer,6,125106,138,4,True,6,9220
CAR-03265,2025-01-19,DE,Audi,e-tron,Petrol,Automatic,Franchise dealer,5,75002,145,1,True,49,25270
CAR-04277,2025-01-19,DE,Skoda,Kodiaq,Diesel,Automatic,Independent dealer,4,74516,130,1,True,79,16220
CAR-04680,2025-01-19,DE,Skoda,Octavia,Hybrid,Automatic,Private,7,74365,171,2,True,40,8300
CAR-03977,2025-01-19,DE,BMW,3 Series,Diesel,Manual,Franchise dealer,3,65013,148,2,True,52,18560
CAR-01971,2025-01-19,NL,Skoda,Superb,Petrol,Manual,Franchise dealer,10,176145,159,3,False,23,5850
CAR-00355,2025-01-20,DE,Mercedes-Benz,A-Class,Petrol,Automatic,Independent dealer,1,19022,132,2,True,65,33730
CAR-01019,2025-01-20,DE,Mercedes-Benz,E-Class,Diesel,Automatic,Independent dealer,5,92789,70,3,True,52,16520
CAR-04466,2025-01-20,AT,BMW,X3,Electric,Manual,Franchise dealer,3,17492,197,3,True,19,41250
CAR-04757,2025-01-20,DE,Skoda,Karoq,Diesel,Manual,Private,8,106926,181,3,False,17,4950
CAR-00472,2025-01-20,DE,BMW,X3,Diesel,Manual,Independent dealer,3,60319,260,2,True,58,30550
CAR-00917,2025-01-20,DE,BMW,3 Series,Diesel,Automatic,Franchise dealer,3,58776,126,2,True,40,21360
CAR-04842,2025-01-20,AT,Audi,Q3,Petrol,Automatic,Private,2,62192,190,2,True,38,28750
CAR-04259,2025-01-20,DE,Audi,A4,Petrol,Automatic,Independent dealer,9,216260,167,4,True,15,5240
CAR-04912,2025-01-20,NL,Audi,Q3,Diesel,Manual,Franchise dealer,6,77850,200,2,True,11,12910
CAR-00509,2025-01-20,DE,BMW,X3,Diesel,Manual,Private,3,53391,183,2,True,67,29690
CAR-00243,2025-01-20,DE,Mercedes-Benz,C-Class,Diesel,Automatic,Independent dealer,5,69872,234,4,True,10,18430
CAR-01027,2025-01-20,DE,Audi,A4,Electric,Automatic,Independent dealer,4,51683,137,3,True,16,21280
CAR-01294,2025-01-21,NL,Audi,e-tron,Hybrid,Automatic,Franchise dealer,4,71242,80,2,True,42,30080
CAR-02886,2025-01-21,DE,BMW,i4,Petrol,Manual,Independent dealer,5,77220,70,2,True,76,17230
CAR-04301,2025-01-21,AT,Volkswagen,Tiguan,Petrol,Automatic,Franchise dealer,0,18644,158,1,True,37,51220
CAR-01752,2025-01-22,DE,Skoda,Karoq,Diesel,Automatic,Franchise dealer,10,146055,142,4,True,32,5650
CAR-00413,2025-01-22,NL,Skoda,Octavia,Petrol,Manual,Private,8,132423,217,4,True,85,5400
CAR-02161,2025-01-22,DE,Audi,A3,Diesel,Automatic,Private,6,108862,192,3,True,33,9430
CAR-02680,2025-01-22,DE,Volkswagen,Tiguan,Electric,Automatic,Franchise dealer,8,180041,119,3,True,136,5720
CAR-00489,2025-01-22,DE,Mercedes-Benz,E-Class,Electric,Automatic,Independent dealer,6,97754,160,4,True,84,16220
CAR-00187,2025-01-22,DE,BMW,5 Series,Petrol,Automatic,Independent dealer,7,120412,173,2,True,26,10620
CAR-00339,2025-01-23,DE,Skoda,Superb,Electric,Automatic,Franchise dealer,3,63598,136,2,True,14,21060
CAR-02112,2025-01-23,DE,BMW,i4,Petrol,Automatic,Franchise dealer,2,39020,198,2,True,164,43280
CAR-02942,2025-01-23,DE,Volkswagen,Golf,Diesel,Automatic,Franchise dealer,11,117970,146,5,False,46,5190
CAR-01604,2025-01-23,DE,Audi,Q5,Diesel,Manual,Franchise dealer,2,60942,119,1,True,58,34740
CAR-02235,2025-01-23,DE,Skoda,Octavia,Diesel,Automatic,Private,2,39145,122,2,False,39,16550
CAR-02485,2025-01-24,DE,Audi,A3,Diesel,Automatic,Independent dealer,11,163531,117,3,True,74,5860
CAR-01319,2025-01-24,DE,Skoda,Kodiaq,Electric,Automatic,Franchise dealer,4,63894,101,2,True,62,17960
CAR-02064,2025-01-24,DE,Mercedes-Benz,C-Class,Hybrid,Automatic,Independent dealer,1,28723,184,1,False,1,37680
CAR-02523,2025-01-24,AT,Volkswagen,Golf,Hybrid,Automatic,Independent dealer,3,61492,149,2,True,65,16940
CAR-04155,2025-01-25,DE,BMW,i4,Electric,Automatic,Franchise dealer,2,38590,115,1,True,31,39090
CAR-02868,2025-01-25,AT,Skoda,Karoq,Diesel,Manual,Independent dealer,2,24880,179,1,True,88,24730
CAR-01378,2025-01-25,DE,Volkswagen,Golf,Petrol,Automatic,Independent dealer,4,68831,231,2,True,3,15610
CAR-03360,2025-01-25,DE,Audi,Q3,Petrol,Automatic,Private,7,134633,70,2,True,75,6700
CAR-02252,2025-01-25,DE,Audi,Q3,Petrol,Automatic,Independent dealer,4,79311,181,2,True,10,19400
CAR-01420,2025-01-25,DE,Volkswagen,Tiguan,Diesel,Automatic,Franchise dealer,1,36191,99,2,False,59,28640
CAR-04967,2025-01-26,DE,Audi,Q5,Petrol,Automatic,Private,4,70202,114,3,True,41,21830
CAR-00199,2025-01-26,AT,Audi,e-tron,Diesel,Manual,Franchise dealer,8,129166,223,2,True,36,11380
CAR-01398,2025-01-26,AT,Mercedes-Benz,E-Class,Diesel,Automatic,Private,6,131815,118,2,True,34,13240
CAR-02214,2025-01-27,DE,Skoda,Octavia,Petrol,Automatic,Independent dealer,8,98735,187,2,True,60,7260
CAR-00026,2025-01-27,DE,Mercedes-Benz,EQE,Hybrid,Automatic,Private,6,129447,140,3,True,25,17490
CAR-02881,2025-01-27,DE,BMW,X1,Hybrid,Automatic,Private,6,115800,181,2,True,45,10210
CAR-00904,2025-01-27,DE,Skoda,Karoq,Hybrid,Automatic,Independent dealer,4,75246,176,2,True,47,15260
CAR-01870,2025-01-27,DE,Audi,A4,Hybrid,Automatic,Franchise dealer,8,171061,103,3,True,160,5270
CAR-03392,2025-01-27,AT,Skoda,Kodiaq,Diesel,Automatic,Private,5,129350,214,3,True,75,11990
CAR-02622,2025-01-28,DE,Audi,A4,Diesel,Automatic,Private,5,62031,114,3,True,7,13940
CAR-02506,2025-01-28,DE,Skoda,Superb,Electric,Automatic,Independent dealer,7,93320,73,2,True,26,8910
CAR-00087,2025-01-28,DE,Mercedes-Benz,C-Class,Diesel,Automatic,Independent dealer,2,34206,118,1,True,44,35130
CAR-04430,2025-01-28,DE,Audi,e-tron,Electric,Automatic,Independent dealer,7,112309,205,2,True,27,16250
CAR-02917,2025-01-29,AT,Skoda,Karoq,Diesel,Manual,Franchise dealer,4,70726,153,3,True,105,15820
CAR-03735,2025-01-29,DE,Skoda,Octavia,Diesel,Automatic,Independent dealer,7,151668,190,3,True,26,5890
CAR-03184,2025-01-29,DE,BMW,X1,Petrol,Automatic,Independent dealer,2,39131,70,1,True,52,25440
CAR-00040,2025-01-29,DE,Mercedes-Benz,E-Class,Diesel,Automatic,Franchise dealer,4,71551,166,2,True,84,27280
CAR-04506,2025-01-29,AT,Audi,A4,Diesel,Automatic,Independent dealer,5,43545,166,2,True,19,18540
CAR-03686,2025-01-30,NL,Audi,A3,Petrol,Automatic,Franchise dealer,7,132189,100,3,True,30,5910
CAR-01742,2025-01-30,AT,BMW,X1,Hybrid,Automatic,Independent dealer,13,234944,99,4,True,21,6000
CAR-03109,2025-01-30,DE,Skoda,Octavia,Diesel,Automatic,Independent dealer,8,153159,164,2,True,19,5690
CAR-00338,2025-01-31,NL,BMW,i4,Petrol,Automatic,Independent dealer,3,70851,109,3,True,38,26790
CAR-04681,2025-01-31,AT,BMW,X1,Petrol,Manual,Independent dealer,6,120015,70,2,True,25,8640
CAR-03078,2025-01-31,DE,Volkswagen,ID.4,Petrol,Automatic,Independent dealer,6,132825,163,3,True,5,11210
CAR-04781,2025-01-31,DE,Skoda,Superb,Electric,Automatic,Franchise dealer,1,12295,154,1,True,50,42240
CAR-00960,2025-01-31,DE,Mercedes-Benz,GLA,Electric,Automatic,Independent dealer,3,54650,70,1,True,56,23360
CAR-03826,2025-01-31,DE,Audi,Q3,Petrol,Automatic,Independent dealer,4,81093,150,2,True,20,18360
CAR-03218,2025-01-31,DE,Audi,A4,Diesel,Automatic,Independent dealer,2,27761,151,2,True,36,30100
CAR-01698,2025-02-01,DE,Skoda,Enyaq,Hybrid,Automatic,Franchise dealer,13,226355,143,4,False,49,4970
CAR-04909,2025-02-01,DE,BMW,i4,Petrol,Automatic,Franchise dealer,3,49982,165,2,False,28,26030
CAR-01175,2025-02-01,DE,Volkswagen,Passat,Petrol,Automatic,Franchise dealer,1,28387,126,1,True,69,33840
CAR-04577,2025-02-01,DE,BMW,X1,Hybrid,Automatic,Private,10,172376,139,4,False,48,4990
CAR-02451,2025-02-01,DE,Volkswagen,Golf,Hybrid,Automatic,Private,3,69983,120,2,True,22,14480
CAR-03601,2025-02-01,DE,BMW,X1,Petrol,Manual,Independent dealer,7,73098,70,3,False,42,6520
CAR-01240,2025-02-01,AT,Skoda,Kodiaq,Petrol,Automatic,Independent dealer,2,43025,188,2,True,36,38350
CAR-02570,2025-02-01,DE,BMW,3 Series,Diesel,Automatic,Franchise dealer,9,127833,178,4,True,52,6280
CAR-00196,2025-02-02,DE,Mercedes-Benz,GLA,Hybrid,Manual,Independent dealer,8,160717,182,3,True,45,6390
CAR-03443,2025-02-02,DE,Audi,A4,Petrol,Automatic,Independent dealer,9,125506,223,3,False,48,5390
CAR-04302,2025-02-02,DE,Skoda,Octavia,Petrol,Automatic,Private,8,102170,234,3,True,100,6170
CAR-00043,2025-02-02,DE,Audi,e-tron,Petrol,Automatic,Franchise dealer,11,199006,209,4,True,13,6090
CAR-04528,2025-02-02,DE,Audi,Q5,Petrol,Automatic,Independent dealer,4,76422,163,3,True,5,24110
CAR-03108,2025-02-02,DE,BMW,i4,Petrol,Manual,Private,3,59025,160,2,True,50,30060
CAR-01843,2025-02-03,DE,Skoda,Octavia,Diesel,Automatic,Private,13,254301,140,5,True,82,6300
CAR-02855,2025-02-03,DE,Skoda,Superb,Hybrid,Automatic,Franchise dealer,2,38497,137,2,True,103,34520
CAR-02879,2025-02-03,DE,BMW,X1,Diesel,Automatic,Franchise dealer,2,35023,119,1,True,59,30730
CAR-02414,2025-02-03,AT,Mercedes-Benz,A-Class,Diesel,Automatic,Private,5,89784,185,3,True,31,13160
CAR-00061,2025-02-03,AT,Mercedes-Benz,A-Class,Diesel,Manual,Private,9,203147,141,4,True,18,5660
CAR-01162,2025-02-03,DE,Volkswagen,Tiguan,Petrol,Automatic,Independent dealer,9,137741,214,4,True,12,6130
CAR-03352,2025-02-03,DE,BMW,5 Series,Petrol,Automatic,Private,1,35094,163,1,True,52,51440
CAR-02315,2025-02-03,DE,Audi,A3,Petrol,Automatic,Franchise dealer,2,31507,128,1,True,38,26020
CAR-02690,2025-02-03,DE,Skoda,Enyaq,Petrol,Manual,Independent dealer,13,218025,168,4,True,32,5270
CAR-04404,2025-02-04,DE,Mercedes-Benz,EQE,Hybrid,Automatic,Franchise dealer,5,82587,72,3,True,28,22520
CAR-03790,2025-02-04,AT,Audi,A3,Diesel,Automatic,Private,1,28384,148,2,True,31,26250
CAR-03880,2025-02-04,DE,Volkswagen,Passat,Diesel,Manual,Franchise dealer,4,72452,125,3,True,28,15420
CAR-02919,2025-02-04,DE,Volkswagen,ID.3,Petrol,Automatic,Independent dealer,4,93751,212,3,True,24,15960
CAR-03338,2025-02-04,DE,Audi,e-tron,Petrol,Automatic,Independent dealer,5,119400,124,2,True,30,18680
CAR-02167,2025-02-04,DE,Mercedes-Benz,A-Class,Petrol,Automatic,Private,2,61887,194,1,True,67,24190
CAR-01216,2025-02-05,DE,Audi,Q3,Petrol,Automatic,Franchise dealer,9,174687,186,4,True,17,5050
CAR-00914,2025-02-05,DE,Skoda,Octavia,Diesel,Automatic,Private,5,107525,208,3,True,111,8980
CAR-04851,2025-02-05,DE,Volkswagen,Golf,Petrol,Manual,Franchise dealer,13,153984,115,5,True,44,6040
CAR-02541,2025-02-05,NL,Mercedes-Benz,E-Class,Hybrid,Manual,Franchise dealer,1,28580,152,1,True,36,52310
CAR-03364,2025-02-06,DE,Audi,Q3,Petrol,Manual,Private,9,136992,180,4,True,48,5270
CAR-01051,2025-02-06,AT,BMW,i4,Hybrid,Automatic,Franchise dealer,2,38368,132,1,True,19,42290
CAR-04776,2025-02-06,DE,Mercedes-Benz,E-Class,Diesel,Automatic,Franchise dealer,1,29590,185,1,True,31,64950
CAR-01340,2025-02-06,DE,BMW,i4,Hybrid,Automatic,Independent dealer,2,41081,135,1,True,69,44310
CAR-02579,2025-02-06,DE,Skoda,Enyaq,Hybrid,Automatic,Independent dealer,4,83686,70,2,True,68,18450
CAR-04470,2025-02-06,DE,Skoda,Karoq,Electric,Automatic,Private,4,87148,127,3,True,58,11840
CAR-02701,2025-02-06,DE,Mercedes-Benz,GLA,Electric,Automatic,Franchise dealer,3,56564,149,1,True,66,29730
CAR-04939,2025-02-07,AT,BMW,X1,Hybrid,Automatic,Independent dealer,1,24206,110,1,True,42,37600
CAR-03396,2025-02-07,DE,BMW,X1,Petrol,Automatic,Independent dealer,6,144468,168,3,True,48,9080
CAR-00125,2025-02-07,DE,Mercedes-Benz,C-Class,Diesel,Automatic,Independent dealer,6,71058,70,4,True,30,11720
CAR-00567,2025-02-07,DE,BMW,5 Series,Hybrid,Automatic,Independent dealer,2,55433,114,2,True,13,41760
CAR-02811,2025-02-07,DE,Skoda,Kodiaq,Hybrid,Manual,Independent dealer,2,48805,156,2,True,50,28300
CAR-01662,2025-02-07,NL,Volkswagen,ID.4,Diesel,Automatic,Independent dealer,8,168396,146,4,False,25,5570
CAR-02873,2025-02-08,DE,Audi,Q3,Petrol,Automatic,Independent dealer,10,253633,144,4,True,14,5490
CAR-03183,2025-02-08,AT,BMW,X3,Diesel,Manual,Private,3,60524,210,2,True,53,30560
CAR-03677,2025-02-08,DE,Mercedes-Benz,EQE,Diesel,Manual,Franchise dealer,2,40350,137,2,True,42,41880
CAR-03634,2025-02-08,DE,Mercedes-Benz,E-Class,Electric,Automatic,Franchise dealer,2,60468,164,1,True,37,44480
CAR-02831,2025-02-08,DE,Mercedes-Benz,A-Class,Diesel,Manual,Franchise dealer,3,62465,70,1,True,59,17550
CAR-01153,2025-02-08,DE,BMW,i4,Diesel,Automatic,Independent dealer,3,49715,127,3,True,28,31870
CAR-00451,2025-02-08,AT,Skoda,Karoq,Petrol,Automatic,Independent dealer,2,56087,185,1,True,19,23680
CAR-03878,2025-02-09,AT,BMW,i4,Petrol,Automatic,Franchise dealer,2,28803,147,2,True,11,47880
CAR-04791,2025-02-09,DE,BMW,i4,Diesel,Manual,Independent dealer,4,69743,96,1,True,32,20460
CAR-03374,2025-02-09,NL,Mercedes-Benz,EQE,Electric,Automatic,Franchise dealer,8,100273,143,3,True,59,14150
CAR-03879,2025-02-09,DE,Audi,A4,Diesel,Manual,Independent dealer,5,95310,110,3,True,13,11750
CAR-01986,2025-02-10,DE,Audi,Q3,Petrol,Manual,Franchise dealer,6,105084,99,2,True,10,9680
CAR-04849,2025-02-10,DE,Volkswagen,ID.3,Petrol,Automatic,Franchise dealer,6,89716,193,3,False,21,9840
CAR-04001,2025-02-10,DE,Audi,Q5,Electric,Automatic,Independent dealer,1,38601,151,1,True,51,53810
CAR-00701,2025-02-10,DE,Audi,e-tron,Petrol,Automatic,Independent dealer,9,145435,195,4,True,57,9070
CAR-03638,2025-02-10,DE,Volkswagen,Golf,Electric,Automatic,Franchise dealer,4,67534,170,1,True,51,15570
CAR-03539,2025-02-10,AT,Audi,A4,Electric,Manual,Independent dealer,4,81661,190,2,True,27,19680
CAR-02463,2025-02-10,DE,Mercedes-Benz,E-Class,Diesel,Automatic,Private,3,59799,146,1,True,67,30410
CAR-00428,2025-02-11,DE,BMW,5 Series,Hybrid,Manual,Franchise dealer,5,40488,151,3,True,1,25590
CAR-02630,2025-02-11,DE,BMW,3 Series,Petrol,Manual,Franchise dealer,2,59901,87,1,True,2,22610
CAR-03741,2025-02-11,DE,BMW,X3,Electric,Automatic,Franchise dealer,3,50030,114,1,True,26,32120
CAR-04945,2025-02-11,DE,Volkswagen,Passat,Petrol,Automatic,Franchise dealer,1,32051,156,2,True,65,40610
CAR-02307,2025-02-11,DE,Mercedes-Benz,C-Class,Electric,Automatic,Independent dealer,2,64688,169,1,True,59,36210
CAR-00234,2025-02-11,DE,Skoda,Enyaq,Electric,Automatic,Franchise dealer,1,29139,157,1,True,94,45110
CAR-04518,2025-02-11,DE,Volkswagen,Passat,Electric,Automatic,Franchise dealer,5,86594,132,2,True,85,15390
CAR-00689,2025-02-12,NL,Mercedes-Benz,C-Class,Hybrid,Automatic,Independent dealer,4,72272,107,2,True,92,22000
CAR-03269,2025-02-12,AT,BMW,X3,Diesel,Automatic,Independent dealer,10,165969,183,4,True,36,5240
CAR-01100,2025-02-12,AT,BMW,i4,Diesel,Manual,Private,6,90509,130,3,True,55,14450
CAR-02151,2025-02-12,DE,BMW,X1,Petrol,Automatic,Franchise dealer,1,31745,135,1,False,21,31550
CAR-01589,2025-02-12,DE,BMW,X3,Diesel,Automatic,Independent dealer,5,77941,70,3,True,80,15040
CAR-00671,2025-02-13,DE,Mercedes-Benz,GLA,Electric,Automatic,Franchise dealer,6,105507,128,2,True,56,11140
CAR-03939,2025-02-13,DE,BMW,X1,Diesel,Manual,Independent dealer,3,87081,131,1,True,33,16560
CAR-02337,2025-02-13,DE,Audi,A4,Hybrid,Manual,Independent dealer,2,36739,230,1,False,25,25680
CAR-00321,2025-02-13,NL,Mercedes-Benz,EQE,Electric,Automatic,Independent dealer,11,251572,86,5,True,37,6170
CAR-04507,2025-02-13,AT,BMW,X3,Electric,Automatic,Franchise dealer,7,145778,139,2,True,75,11010
CAR-03254,2025-02-13,DE,BMW,X1,Petrol,Automatic,Independent dealer,7,103395,147,3,True,88,10790
CAR-02474,2025-02-14,DE,Audi,e-tron,Petrol,Automatic,Franchise dealer,5,52110,131,4,True,67,21290
CAR-00248,2025-02-14,DE,Audi,Q5,Diesel,Automatic,Franchise dealer,8,146562,146,4,True,50,9210
CAR-01510,2025-02-14,DE,BMW,5 Series,Diesel,Automatic,Independent dealer,8,131288,122,3,True,27,8390
CAR-01254,2025-02-14,NL,BMW,X3,Hybrid,Manual,Franchise dealer,4,79717,116,2,True,33,20210
CAR-02091,2025-02-14,DE,Skoda,Superb,Hybrid,Automatic,Franchise dealer,3,56203,190,1,False,34,20750
CAR-01915,2025-02-15,AT,BMW,3 Series,Diesel,Manual,Independent dealer,4,74121,100,3,False,15,11410
CAR-03389,2025-02-15,AT,Audi,Q3,Petrol,Manual,Franchise dealer,3,66241,125,1,True,118,23490
CAR-02049,2025-02-15,DE,Audi,e-tron,Petrol,Automatic,Franchise dealer,1,36721,124,1,True,59,49080
CAR-03200,2025-02-15,DE,Volkswagen,Tiguan,Electric,Automatic,Independent dealer,3,38828,148,1,True,80,25760
CAR-02584,2025-02-15,DE,BMW,i4,Diesel,Automatic,Franchise dealer,4,89068,166,2,True,74,23830
CAR-03990,2025-02-15,DE,Skoda,Octavia,Electric,Manual,Franchise dealer,3,54551,221,1,True,10,23790
CAR-03801,2025-02-15,DE,BMW,5 Series,Diesel,Automatic,Independent dealer,2,39906,137,2,True,42,36820
CAR-03599,2025-02-15,DE,Mercedes-Benz,A-Class,Diesel,Automatic,Independent dealer,6,133816,156,3,True,47,8390
CAR-02639,2025-02-16,DE,BMW,X3,Petrol,Automatic,Private,5,93489,186,2,True,28,20420
CAR-00168,2025-02-16,DE,Audi,e-tron,Diesel,Automatic,Independent dealer,3,64654,138,1,True,30,32980
CAR-01003,2025-02-16,DE,BMW,X1,Petrol,Manual,Franchise dealer,5,104367,106,2,True,37,12820
CAR-01099,2025-02-16,DE,BMW,X1,Electric,Automatic,Independent dealer,11,186593,129,4,True,67,5140
CAR-00596,2025-02-17,DE,Volkswagen,Passat,Electric,Manual,Independent dealer,1,17095,143,2,True,42,40440
CAR-02813,2025-02-17,DE,BMW,i4,Petrol,Manual,Independent dealer,4,53867,192,2,True,12,26960
CAR-01083,2025-02-17,NL,Volkswagen,Tiguan,Diesel,Automatic,Franchise dealer,2,31247,103,2,True,22,29970
CAR-04323,2025-02-17,DE,BMW,X1,Hybrid,Automatic,Independent dealer,2,37820,106,1,True,28,32780
CAR-01691,2025-02-17,DE,Skoda,Enyaq,Diesel,Manual,Franchise dealer,2,54425,124,2,True,28,31420
CAR-00875,2025-02-18,AT,Skoda,Superb,Petrol,Automatic,Private,3,73931,92,2,True,11,17310
CAR-01307,2025-02-18,DE,Volkswagen,Passat,Petrol,Automatic,Independent dealer,0,11985,142,1,True,69,49600
CAR-04813,2025-02-18,DE,Skoda,Enyaq,Electric,Manual,Independent dealer,9,152637,72,3,True,17,5140
CAR-00218,2025-02-19,DE,Skoda,Kodiaq,Petrol,Automatic,Franchise dealer,1,14502,171,2,True,69,43290
CAR-03669,2025-02-19,DE,Mercedes-Benz,E-Class,Diesel,Automatic,Independent dealer,2,29507,210,1,True,5,49980
CAR-02739,2025-02-19,DE,Mercedes-Benz,GLA,Hybrid,Automatic,Independent dealer,3,54869,198,2,True,14,27430
CAR-04085,2025-02-19,DE,Skoda,Octavia,Diesel,Automatic,Independent dealer,6,71202,173,2,True,49,9610
CAR-00047,2025-02-19,DE,Audi,Q5,Petrol,Automatic,Independent dealer,5,88184,170,2,True,33,16820
CAR-01376,2025-02-19,DE,Volkswagen,ID.4,Diesel,Automatic,Private,4,64118,145,2,True,39,18570
CAR-00666,2025-02-19,DE,Volkswagen,Tiguan,Petrol,Automatic,Franchise dealer,6,114167,114,4,True,20,10220
CAR-01231,2025-02-20,DE,Mercedes-Benz,C-Class,Petrol,Automatic,Franchise dealer,1,33330,128,1,True,99,43480
CAR-03022,2025-02-20,DE,Mercedes-Benz,A-Class,Diesel,Automatic,Franchise dealer,9,132837,135,4,True,15,5060
CAR-04782,2025-02-20,DE,Skoda,Superb,Petrol,Automatic,Franchise dealer,4,65495,152,2,True,23,18900
CAR-04072,2025-02-21,DE,Audi,A3,Diesel,Automatic,Independent dealer,7,91729,151,3,True,69,7770
CAR-03557,2025-02-21,AT,Skoda,Superb,Electric,Automatic,Independent dealer,5,88695,77,1,False,38,13090
CAR-02740,2025-02-21,DE,BMW,X1,Petrol,Automatic,Independent dealer,3,53721,208,2,True,40,23130
CAR-04139,2025-02-21,NL,Volkswagen,ID.3,Petrol,Automatic,Independent dealer,2,42564,183,1,True,35,28680
CAR-03998,2025-02-21,DE,Audi,Q3,Petrol,Automatic,Franchise dealer,1,18053,117,1,True,30,37200
CAR-03776,2025-02-21,AT,Volkswagen,ID.3,Hybrid,Automatic,Private,2,43627,120,1,True,53,26250
CAR-02270,2025-02-22,DE,Volkswagen,ID.4,Hybrid,Automatic,Independent dealer,6,136606,126,3,True,4,10580
CAR-01814,2025-02-22,DE,Volkswagen,Golf,Hybrid,Automatic,Franchise dealer,7,109255,71,3,True,32,5830
CAR-02193,2025-02-22,DE,BMW,3 Series,Diesel,Manual,Franchise dealer,4,61460,108,2,True,47,17740
CAR-04563,2025-02-23,DE,Volkswagen,Golf,Hybrid,Automatic,Independent dealer,6,78865,70,2,True,20,6690
CAR-04582,2025-02-23,DE,Volkswagen,Passat,Petrol,Automatic,Independent dealer,2,48967,167,1,True,24,29790
CAR-04505,2025-02-23,DE,Audi,e-tron,Petrol,Automatic,Independent dealer,5,64401,159,2,True,27,24350
CAR-04633,2025-02-23,DE,Audi,e-tron,Electric,Automatic,Franchise dealer,4,63641,156,1,True,16,35780
CAR-01451,2025-02-24,DE,Volkswagen,ID.4,Electric,Automatic,Independent dealer,4,74736,149,2,True,72,19790
CAR-03246,2025-02-24,DE,Audi,A3,Electric,Automatic,Private,2,33530,129,1,True,129,24790
CAR-00919,2025-02-24,DE,Mercedes-Benz,A-Class,Petrol,Automatic,Independent dealer,3,77261,99,1,True,100,18650
CAR-04671,2025-02-24,DE,Audi,e-tron,Electric,Automatic,Franchise dealer,9,174031,142,4,True,17,8980
CAR-01811,2025-02-24,DE,Mercedes-Benz,EQE,Petrol,Automatic,Franchise dealer,4,77262,161,1,True,46,35870
CAR-00890,2025-02-24,AT,Audi,Q3,Electric,Automatic,Private,5,102229,89,2,False,10,10360
CAR-03572,2025-02-24,DE,Audi,A3,Petrol,Automatic,Private,11,96648,175,4,True,26,5630
CAR-04936,2025-02-24,DE,Audi,e-tron,Petrol,Automatic,Independent dealer,4,80845,159,2,True,29,25740
CAR-04615,2025-02-25,DE,Audi,Q5,Petrol,Automatic,Independent dealer,12,229661,82,5,True,28,5720
CAR-01202,2025-02-25,DE,Volkswagen,Tiguan,Diesel,Automatic,Private,5,130855,200,3,True,22,10890
CAR-01797,2025-02-25,DE,Audi,Q3,Diesel,Automatic,Private,7,122465,76,3,True,38,6420
CAR-02658,2025-02-26,DE,BMW,3 Series,Petrol,Manual,Independent dealer,4,71341,70,3,True,57,12570
CAR-00456,2025-02-26,NL,Skoda,Superb,Diesel,Automatic,Independent dealer,5,89035,199,4,True,94,14820
CAR-00095,2025-02-26,DE,Volkswagen,ID.4,Electric,Automatic,Franchise dealer,2,42082,144,1,True,53,34660
CAR-01213,2025-02-26,DE,Audi,A3,Diesel,Manual,Franchise dealer,1,40169,158,1,True,6,30660
CAR-01733,2025-02-26,DE,Audi,e-tron,Diesel,Manual,Franchise dealer,3,80455,141,1,True,83,29500
CAR-00573,2025-02-26,DE,Volkswagen,ID.3,Hybrid,Automatic,Franchise dealer,5,84933,175,2,False,45,12030
CAR-02192,2025-02-26,DE,Volkswagen,Tiguan,Diesel,Automatic,Private,1,30425,185,2,True,52,32610
CAR-02909,2025-02-26,DE,Mercedes-Benz,GLA,Electric,Automatic,Franchise dealer,3,72506,133,2,True,71,23010
CAR-02905,2025-02-27,NL,Volkswagen,Tiguan,Diesel,Automatic,Franchise dealer,7,78566,138,2,True,4,9910
CAR-01637,2025-02-27,DE,Skoda,Superb,Diesel,Automatic,Franchise dealer,6,84046,116,3,True,57,11160
CAR-03146,2025-02-27,DE,Volkswagen,Passat,Petrol,Automatic,Private,4,69244,175,1,True,16,19440
CAR-00862,2025-02-28,DE,Volkswagen,Golf,Diesel,Automatic,Private,2,38706,78,2,True,34,17630
CAR-01252,2025-02-28,NL,BMW,5 Series,Petrol,Automatic,Independent dealer,7,129315,116,3,True,22,10720
CAR-04609,2025-02-28,DE,Skoda,Karoq,Diesel,Automatic,Franchise dealer,3,52499,167,3,True,100,20130
CAR-01188,2025-02-28,DE,BMW,i4,Hybrid,Manual,Franchise dealer,7,131373,123,2,True,34,12480
CAR-04317,2025-02-28,DE,Volkswagen,Golf,Petrol,Automatic,Private,3,46683,188,2,False,68,13630
CAR-03617,2025-02-28,DE,BMW,X1,Diesel,Automatic,Franchise dealer,4,71598,142,2,True,26,17340
CAR-03732,2025-03-01,DE,Mercedes-Benz,C-Class,Diesel,Manual,Franchise dealer,1,31581,168,1,True,45,46390
CAR-02815,2025-03-01,DE,Mercedes-Benz,C-Class,Electric,Automatic,Franchise dealer,5,117505,124,2,True,27,15310
CAR-02369,2025-03-01,DE,Mercedes-Benz,A-Class,Diesel,Manual,Franchise dealer,13,182063,214,5,False,12,5850
CAR-01446,2025-03-01,DE,Skoda,Kodiaq,Electric,Automatic,Independent dealer,4,62172,157,3,True,44,20520
CAR-02841,2025-03-01,DE,Mercedes-Benz,C-Class,Petrol,Automatic,Franchise dealer,4,78191,144,2,True,8,22160
CAR-00626,2025-03-01,DE,Volkswagen,Passat,Electric,Automatic,Franchise dealer,1,42715,100,1,True,58,30240
CAR-01706,2025-03-01,DE,BMW,i4,Electric,Automatic,Independent dealer,6,104505,231,3,True,30,18440
CAR-04434,2025-03-01,DE,Mercedes-Benz,EQE,Diesel,Automatic,Independent dealer,2,41640,101,1,False,60,38370
CAR-03252,2025-03-01,DE,Audi,e-tron,Petrol,Automatic,Independent dealer,0,22384,167,1,True,62,69890
CAR-02596,2025-03-02,DE,BMW,X3,Diesel,Automatic,Franchise dealer,2,42781,83,2,True,109,31560
CAR-03611,2025-03-02,DE,Audi,Q5,Petrol,Automatic,Private,6,90876,171,2,True,50,15550
CAR-04855,2025-03-02,DE,Skoda,Octavia,Hybrid,Automatic,Independent dealer,5,71295,106,2,False,13,8290
CAR-04657,2025-03-02,DE,BMW,5 Series,Diesel,Automatic,Independent dealer,2,33423,240,2,False,20,43160
CAR-03860,2025-03-02,DE,Mercedes-Benz,GLA,Petrol,Automatic,Independent dealer,6,115552,97,2,True,49,9260
CAR-01531,2025-03-02,DE,BMW,X1,Petrol,Automatic,Private,3,56621,171,2,True,31,18870
CAR-01123,2025-03-02,AT,BMW,5 Series,Diesel,Manual,Independent dealer,1,24131,192,2,True,25,50850
CAR-02516,2025-03-03,DE,BMW,i4,Petrol,Automatic,Franchise dealer,6,144092,132,3,True,112,13660
CAR-03058,2025-03-03,DE,BMW,5 Series,Hybrid,Automatic,Independent dealer,9,164941,83,5,True,69,6010
CAR-04516,2025-03-03,AT,Mercedes-Benz,EQE,Petrol,Automatic,Independent dealer,10,129314,97,4,True,22,7760
CAR-02220,2025-03-03,DE,Audi,Q5,Petrol,Manual,Private,8,146573,136,3,True,42,7960
CAR-00358,2025-03-03,DE,Mercedes-Benz,EQE,Petrol,Automatic,Independent dealer,5,64414,166,2,True,113,27180
CAR-01063,2025-03-04,AT,Volkswagen,ID.4,Diesel,Manual,Independent dealer,11,186742,140,5,True,54,5570
CAR-03038,2025-03-04,DE,BMW,5 Series,Hybrid,Automatic,Independent dealer,2,46234,148,1,True,29,41340
CAR-04035,2025-03-04,DE,Audi,A3,Electric,Automatic,Independent dealer,7,115741,136,3,True,38,7190
CAR-00657,2025-03-04,DE,Audi,Q3,Petrol,Automatic,Franchise dealer,7,142202,138,3,True,72,8250
CAR-03016,2025-03-04,DE,Skoda,Kodiaq,Petrol,Automatic,Private,5,118981,155,3,True,89,13240
CAR-04871,2025-03-04,DE,Audi,Q3,Petrol,Automatic,Franchise dealer,5,91897,149,3,True,34,15200
CAR-01956,2025-03-04,DE,Mercedes-Benz,EQE,Hybrid,Automatic,Independent dealer,1,20556,168,1,False,24,67510
CAR-02990,2025-03-04,DE,Volkswagen,Golf,Diesel,Manual,Franchise dealer,6,100336,145,3,False,30,5430
CAR-02175,2025-03-04,DE,Mercedes-Benz,C-Class,Petrol,Automatic,Private,5,81027,88,2,True,64,15100
CAR-04049,2025-03-05,DE,Volkswagen,Golf,Hybrid,Automatic,Franchise dealer,7,131068,172,3,True,13,7150
CAR-00217,2025-03-05,DE,BMW,X1,Diesel,Automatic,Independent dealer,5,101506,128,2,True,8,11360
CAR-01550,2025-03-05,DE,BMW,5 Series,Diesel,Automatic,Franchise dealer,6,169442,144,3,True,18,10250
CAR-04386,2025-03-05,DE,Audi,A3,Petrol,Manual,Independent dealer,9,118975,185,3,True,36,5410
CAR-00772,2025-03-05,DE,Mercedes-Benz,GLA,Hybrid,Automatic,Independent dealer,3,70845,91,2,True,35,21910
CAR-02411,2025-03-05,DE,Skoda,Kodiaq,Diesel,Automatic,Franchise dealer,9,191840,146,4,True,17,5800
CAR-01606,2025-03-05,DE,Skoda,Kodiaq,Diesel,Automatic,Independent dealer,5,102248,136,2,True,55,12330
CAR-04606,2025-03-06,DE,Skoda,Enyaq,Electric,Automatic,Private,0,11826,84,1,True,14,46500
CAR-00787,2025-03-06,DE,Audi,Q3,Petrol,Automatic,Independent dealer,2,38422,186,1,True,52,33230
CAR-04371,2025-03-06,DE,BMW,X1,Diesel,Automatic,Independent dealer,3,70540,134,2,False,9,15990
CAR-03757,2025-03-07,DE,Audi,Q5,Electric,Automatic,Independent dealer,7,92332,101,4,True,39,12210
CAR-04079,2025-03-07,DE,Mercedes-Benz,EQE,Hybrid,Automatic,Private,7,99048,194,3,True,63,17290
CAR-04759,2025-03-07,DE,Skoda,Superb,Petrol,Automatic,Independent dealer,2,37892,127,1,True,112,30350
CAR-03473,2025-03-07,DE,Audi,A3,Hybrid,Automatic,Independent dealer,4,89022,229,2,True,54,17050
CAR-02282,2025-03-08,DE,Audi,Q5,Electric,Automatic,Franchise dealer,8,101088,121,3,True,23,11300
CAR-04053,2025-03-08,DE,Mercedes-Benz,E-Class,Electric,Automatic,Franchise dealer,10,156516,166,3,True,63,7430
CAR-04238,2025-03-09,AT,Mercedes-Benz,C-Class,Hybrid,Manual,Franchise dealer,1,35427,90,2,True,49,39540
CAR-04733,2025-03-09,DE,Audi,A3,Hybrid,Automatic,Franchise dealer,3,58394,128,1,True,11,24560
CAR-02076,2025-03-09,DE,Skoda,Kodiaq,Petrol,Automatic,Independent dealer,5,61269,169,3,True,15,17340
CAR-01353,2025-03-09,DE,Audi,A3,Hybrid,Automatic,Independent dealer,3,67430,128,1,True,63,18070
CAR-02698,2025-03-09,DE,Audi,Q5,Electric,Automatic,Independent dealer,4,79757,167,3,False,40,23760
CAR-01949,2025-03-09,NL,Skoda,Enyaq,Petrol,Automatic,Independent dealer,3,54974,134,1,True,88,24280
CAR-03782,2025-03-10,AT,Skoda,Karoq,Hybrid,Automatic,Independent dealer,8,162410,179,4,True,32,6510
CAR-04042,2025-03-10,DE,BMW,X1,Diesel,Automatic,Franchise dealer,2,52180,248,1,True,10,32560
CAR-01740,2025-03-10,AT,Audi,Q5,Petrol,Automatic,Independent dealer,2,47900,135,1,True,34,35760
CAR-04539,2025-03-10,DE,Audi,A4,Diesel,Automatic,Private,2,38035,183,1,True,17,30650
CAR-03981,2025-03-10,DE,Mercedes-Benz,A-Class,Petrol,Manual,Franchise dealer,6,97897,173,4,True,39,9680
CAR-00688,2025-03-10,AT,Volkswagen,ID.4,Hybrid,Automatic,Franchise dealer,1,35183,122,1,True,41,42570
CAR-03974,2025-03-10,DE,BMW,i4,Petrol,Automatic,Franchise dealer,1,38334,182,1,False,40,46910
CAR-04567,2025-03-11,AT,BMW,3 Series,Hybrid,Automatic,Private,5,123554,137,3,True,94,13310
CAR-01682,2025-03-11,DE,Volkswagen,ID.4,Petrol,Automatic,Independent dealer,2,39736,153,2,True,4,38330
CAR-02470,2025-03-11,AT,Mercedes-Benz,A-Class,Diesel,Automatic,Independent dealer,9,159793,89,4,True,34,5030
CAR-03872,2025-03-11,DE,BMW,3 Series,Petrol,Automatic,Independent dealer,2,40334,90,1,True,43,26980
CAR-03240,2025-03-11,AT,Skoda,Karoq,Hybrid,Manual,Private,5,120209,133,2,True,151,9550
CAR-01311,2025-03-11,DE,Skoda,Superb,Petrol,Automatic,Independent dealer,6,89929,152,3,True,50,11850
CAR-00285,2025-03-11,AT,Audi,A4,Petrol,Automatic,Private,2,53034,141,2,True,17,25010
CAR-01751,2025-03-11,DE,BMW,X1,Petrol,Manual,Private,3,78057,189,1,True,17,22420
CAR-02627,2025-03-11,DE,Audi,A3,Petrol,Automatic,Independent dealer,13,288690,114,5,True,47,5920
CAR-02714,2025-03-11,DE,Skoda,Karoq,Petrol,Manual,Independent dealer,7,104785,163,3,False,17,6010
CAR-02901,2025-03-11,DE,Skoda,Superb,Electric,Automatic,Private,8,127826,148,2,False,13,6130
CAR-01050,2025-03-12,DE,Volkswagen,ID.4,Diesel,Automatic,Franchise dealer,2,31815,96,2,True,43,30920
CAR-01939,2025-03-12,DE,BMW,X3,Hybrid,Manual,Independent dealer,2,52620,150,2,True,84,38170
CAR-03505,2025-03-12,DE,Mercedes-Benz,GLA,Petrol,Manual,Franchise dealer,4,48464,165,2,True,17,23590
CAR-03502,2025-03-12,DE,BMW,X1,Petrol,Automatic,Franchise dealer,11,158596,238,3,True,46,5870
CAR-03620,2025-03-12,DE,Volkswagen,ID.3,Diesel,Manual,Independent dealer,5,72938,100,1,True,41,10090
CAR-00453,2025-03-12,DE,BMW,3 Series,Electric,Automatic,Independent dealer,5,78532,257,3,True,6,19010
CAR-01559,2025-03-12,DE,Skoda,Octavia,Petrol,Automatic,Private,6,94260,194,3,True,91,8190
CAR-01877,2025-03-13,DE,Audi,Q5,Diesel,Automatic,Franchise dealer,1,31918,197,2,True,24,51080
CAR-01664,2025-03-13,DE,Skoda,Enyaq,Petrol,Automatic,Independent dealer,2,30586,224,1,True,53,40820
CAR-00813,2025-03-13,DE,Mercedes-Benz,C-Class,Hybrid,Automatic,Independent dealer,7,131513,178,2,False,72,8900
CAR-03463,2025-03-13,DE,Audi,Q3,Diesel,Manual,Franchise dealer,1,29583,117,1,True,23,36090
CAR-00403,2025-03-14,DE,BMW,3 Series,Diesel,Manual,Independent dealer,2,56566,123,1,True,20,23170
CAR-01165,2025-03-14,DE,Skoda,Superb,Electric,Automatic,Franchise dealer,5,73100,164,2,True,60,18140
CAR-00334,2025-03-14,AT,BMW,5 Series,Electric,Manual,Independent dealer,3,51508,152,1,True,28,29460
CAR-00537,2025-03-15,DE,BMW,i4,Hybrid,Manual,Independent dealer,7,140135,150,3,True,31,10960
CAR-02656,2025-03-15,DE,Audi,A4,Electric,Automatic,Independent dealer,3,54116,176,2,False,47,21420
CAR-01767,2025-03-15,DE,BMW,i4,Hybrid,Manual,Independent dealer,1,29723,161,1,True,45,57640
CAR-00053,2025-03-15,DE,Volkswagen,Tiguan,Petrol,Automatic,Private,5,89447,153,2,True,60,15090
CAR-02897,2025-03-15,DE,BMW,X3,Hybrid,Automatic,Independent dealer,5,85959,236,3,True,26,22760
CAR-00291,2025-03-15,DE,BMW,i4,Diesel,Manual,Franchise dealer,1,31561,153,1,True,8,44340
CAR-03027,2025-03-15,DE,Skoda,Kodiaq,Diesel,Automatic,Franchise dealer,9,170876,70,4,True,180,5920
CAR-04460,2025-03-15,DE,Mercedes-Benz,EQE,Electric,Automatic,Franchise dealer,13,145393,134,5,True,49,6030
CAR-03821,2025-03-15,DE,Volkswagen,ID.3,Diesel,Automatic,Independent dealer,5,77939,153,3,True,47,11900
CAR-02496,2025-03-15,DE,Mercedes-Benz,C-Class,Hybrid,Manual,Franchise dealer,2,36172,145,3,True,31,32910
CAR-02911,2025-03-16,AT,BMW,X3,Diesel,Manual,Independent dealer,2,51378,116,1,True,11,30650
CAR-03333,2025-03-16,DE,Audi,e-tron,Electric,Automatic,Independent dealer,5,105991,188,3,False,37,17630
CAR-00528,2025-03-16,DE,Volkswagen,ID.4,Petrol,Automatic,Franchise dealer,4,81968,148,2,False,54,18320
CAR-04321,2025-03-16,AT,Mercedes-Benz,E-Class,Petrol,Automatic,Franchise dealer,1,22185,146,1,True,20,62890
CAR-04982,2025-03-16,DE,Audi,Q3,Petrol,Automatic,Franchise dealer,1,24440,178,1,True,49,43870
CAR-02071,2025-03-16,DE,Mercedes-Benz,EQE,Petrol,Automatic,Independent dealer,3,65666,140,1,True,55,34100
CAR-02755,2025-03-17,DE,Volkswagen,ID.4,Electric,Manual,Independent dealer,5,134391,162,3,True,27,12050
CAR-00075,2025-03-17,AT,Audi,A3,Diesel,Automatic,Franchise dealer,3,72866,161,2,True,96,20210
CAR-01229,2025-03-17,DE,BMW,X3,Hybrid,Automatic,Independent dealer,4,66091,74,2,True,88,24860
CAR-00574,2025-03-17,DE,Skoda,Kodiaq,Hybrid,Manual,Independent dealer,5,91811,74,2,True,59,13570
CAR-03386,2025-03-17,DE,Mercedes-Benz,EQE,Petrol,Manual,Private,5,93062,169,3,True,28,21790
CAR-04927,2025-03-18,DE,Mercedes-Benz,EQE,Petrol,Manual,Independent dealer,3,73138,70,2,False,61,25730
CAR-04220,2025-03-18,NL,BMW,i4,Hybrid,Automatic,Private,10,141361,202,3,False,10,5560
CAR-01463,2025-03-18,DE,Audi,e-tron,Diesel,Automatic,Independent dealer,3,66714,120,3,True,47,30910
CAR-02588,2025-03-18,DE,Mercedes-Benz,GLA,Hybrid,Automatic,Independent dealer,3,92615,139,2,True,44,20430
CAR-04106,2025-03-19,DE,Volkswagen,ID.4,Diesel,Automatic,Independent dealer,6,92453,102,3,True,29,10260
CAR-03750,2025-03-19,DE,BMW,X1,Electric,Automatic,Independent dealer,3,54252,139,1,True,66,20520
CAR-01565,2025-03-19,AT,Mercedes-Benz,E-Class,Diesel,Automatic,Independent dealer,9,130740,120,4,True,31,8420
CAR-00980,2025-03-19,AT,Skoda,Karoq,Hybrid,Automatic,Independent dealer,1,23733,99,2,True,48,28280
CAR-01650,2025-03-20,AT,Audi,Q3,Petrol,Automatic,Independent dealer,7,156248,101,2,True,27,7390
CAR-03574,2025-03-20,DE,Audi,Q5,Diesel,Automatic,Independent dealer,0,8326,175,1,True,151,66700
CAR-04313,2025-03-20,AT,Volkswagen,ID.4,Petrol,Automatic,Private,2,34684,200,2,True,6,35110
CAR-02248,2025-03-20,DE,Audi,e-tron,Diesel,Automatic,Franchise dealer,3,64350,189,1,True,22,41020
CAR-04730,2025-03-20,DE,Audi,A3,Diesel,Automatic,Private,4,61901,152,1,True,46,17180
CAR-02126,2025-03-20,DE,Audi,e-tron,Hybrid,Automatic,Independent dealer,6,82048,178,3,True,18,19640
CAR-00136,2025-03-21,NL,Skoda,Superb,Diesel,Automatic,Independent dealer,9,139574,94,4,True,34,6510
CAR-01808,2025-03-21,DE,Audi,e-tron,Petrol,Automatic,Independent dealer,9,174250,206,4,True,25,8210
CAR-03162,2025-03-21,DE,BMW,i4,Diesel,Automatic,Independent dealer,13,225272,174,4,True,43,5470
CAR-03653,2025-03-21,DE,BMW,3 Series,Petrol,Manual,Independent dealer,3,58521,204,1,True,175,22400
CAR-01066,2025-03-22,AT,Audi,e-tron,Petrol,Automatic,Independent dealer,12,244208,79,5,True,51,5290
CAR-04838,2025-03-22,AT,BMW,5 Series,Hybrid,Manual,Independent dealer,6,103021,187,2,True,39,18530
CAR-03688,2025-03-22,DE,Volkswagen,Passat,Hybrid,Automatic,Franchise dealer,4,66469,154,3,True,108,19790
CAR-04835,2025-03-22,DE,Volkswagen,ID.4,Electric,Manual,Private,13,146373,103,5,True,79,6060
CAR-02105,2025-03-22,DE,Volkswagen,ID.4,Petrol,Automatic,Franchise dealer,12,180502,133,5,True,52,5110
CAR-02904,2025-03-22,DE,Audi,e-tron,Hybrid,Manual,Independent dealer,1,30109,206,1,True,26,65810
CAR-01991,2025-03-23,DE,Volkswagen,Passat,Hybrid,Automatic,Independent dealer,4,53613,117,2,True,14,18250
CAR-00548,2025-03-23,AT,Volkswagen,Tiguan,Petrol,Automatic,Independent dealer,5,124209,105,3,True,78,11060
CAR-03753,2025-03-23,AT,Volkswagen,Golf,Electric,Automatic,Franchise dealer,13,242989,101,5,True,17,5280
CAR-04300,2025-03-24,DE,Mercedes-Benz,C-Class,Petrol,Automatic,Franchise dealer,3,55944,133,2,True,7,27460
CAR-01298,2025-03-24,DE,Volkswagen,Passat,Electric,Automatic,Private,4,32189,168,1,True,18,20950
CAR-04468,2025-03-24,DE,Skoda,Kodiaq,Hybrid,Automatic,Independent dealer,6,124187,105,2,True,51,10550
CAR-02433,2025-03-24,NL,Audi,Q3,Electric,Automatic,Independent dealer,1,13671,146,1,True,23,44830
CAR-01507,2025-03-24,NL,Mercedes-Benz,GLA,Petrol,Automatic,Independent dealer,1,20864,146,1,True,31,42960
CAR-00937,2025-03-24,DE,BMW,X1,Diesel,Automatic,Franchise dealer,12,180807,137,4,True,16,6290
CAR-00808,2025-03-25,DE,Mercedes-Benz,A-Class,Diesel,Automatic,Franchise dealer,11,178222,177,5,True,66,5300
CAR-03349,2025-03-25,DE,Audi,Q5,Petrol,Automatic,Independent dealer,1,20567,148,1,True,22,56120
CAR-00920,2025-03-25,NL,BMW,X3,Petrol,Automatic,Independent dealer,8,105881,119,3,True,6,10380
CAR-01642,2025-03-25,DE,Mercedes-Benz,C-Class,Electric,Automatic,Independent dealer,1,25863,97,2,True,22,38310
CAR-02241,2025-03-25,AT,BMW,3 Series,Hybrid,Automatic,Private,13,252814,203,5,True,29,5620
CAR-04188,2025-03-25,DE,BMW,i4,Petrol,Automatic,Independent dealer,7,99197,114,2,True,14,12150
CAR-02706,2025-03-26,AT,Skoda,Superb,Diesel,Automatic,Franchise dealer,10,202048,146,4,True,16,5430
CAR-04536,2025-03-26,AT,Volkswagen,Passat,Petrol,Manual,Franchise dealer,3,53821,125,1,True,61,22380
CAR-00700,2025-03-26,DE,Audi,Q3,Petrol,Manual,Franchise dealer,8,147663,133,5,False,125,5520
CAR-03361,2025-03-26,DE,Audi,Q5,Petrol,Manual,Private,7,120921,145,3,True,46,9310
CAR-04345,2025-03-27,DE,Skoda,Kodiaq,Diesel,Automatic,Franchise dealer,4,60207,125,1,False,46,15430
CAR-04843,2025-03-27,DE,Mercedes-Benz,A-Class,Electric,Automatic,Independent dealer,1,29737,122,1,True,83,37210
CAR-00230,2025-03-27,DE,BMW,3 Series,Diesel,Automatic,Private,3,50085,130,1,True,13,20780
CAR-00502,2025-03-27,DE,Skoda,Kodiaq,Diesel,Automatic,Independent dealer,7,135275,70,3,True,122,6420
CAR-02710,2025-03-27,DE,Skoda,Enyaq,Electric,Automatic,Private,3,58366,181,2,False,43,25820
CAR-04432,2025-03-27,DE,Volkswagen,ID.4,Petrol,Automatic,Private,11,150191,139,5,True,31,5150
CAR-04189,2025-03-27,DE,Mercedes-Benz,GLA,Petrol,Automatic,Private,5,78776,147,2,True,64,13600
CAR-02380,2025-03-27,DE,Volkswagen,Golf,Electric,Automatic,Franchise dealer,3,53733,169,1,True,10,19560
CAR-02665,2025-03-28,DE,Volkswagen,Tiguan,Diesel,Automatic,Private,5,98737,143,3,True,9,13050
CAR-04482,2025-03-28,DE,Volkswagen,Golf,Hybrid,Automatic,Independent dealer,2,61464,105,1,True,22,18110
CAR-02782,2025-03-28,NL,Volkswagen,Tiguan,Hybrid,Automatic,Independent dealer,5,104620,144,3,True,110,14270
CAR-04881,2025-03-28,DE,Mercedes-Benz,EQE,Electric,Automatic,Independent dealer,1,1500,222,1,False,53,68400
CAR-04862,2025-03-28,AT,Audi,Q3,Petrol,Automatic,Private,2,31708,126,2,True,77,28410
CAR-04556,2025-03-28,NL,Volkswagen,Tiguan,Hybrid,Automatic,Franchise dealer,2,57963,141,1,True,66,27600
CAR-02253,2025-03-28,DE,Mercedes-Benz,C-Class,Petrol,Automatic,Franchise dealer,5,60104,136,3,True,14,17710
CAR-03538,2025-03-28,DE,BMW,5 Series,Diesel,Automatic,Franchise dealer,7,78561,141,3,True,73,12570
CAR-01588,2025-03-28,DE,Audi,e-tron,Electric,Automatic,Private,5,78750,169,3,True,55,25640
CAR-04858,2025-03-29,AT,BMW,i4,Petrol,Automatic,Franchise dealer,5,77440,171,3,False,15,19590
CAR-00551,2025-03-29,DE,BMW,X3,Diesel,Automatic,Franchise dealer,4,69380,183,2,True,42,26100
CAR-01858,2025-03-29,AT,Audi,A4,Hybrid,Automatic,Franchise dealer,8,147718,105,4,True,38,5800
CAR-04572,2025-03-29,DE,BMW,5 Series,Electric,Automatic,Independent dealer,5,78819,157,2,True,21,21810
CAR-04103,2025-03-29,DE,Audi,A4,Petrol,Manual,Independent dealer,9,150760,128,4,True,7,4970
CAR-02820,2025-03-29,DE,Audi,Q3,Petrol,Automatic,Private,4,95646,148,1,True,18,16490
CAR-03863,2025-03-30,DE,Audi,Q5,Diesel,Manual,Franchise dealer,9,128766,171,4,True,20,7170
CAR-01073,2025-03-30,DE,Skoda,Superb,Petrol,Automatic,Franchise dealer,7,128344,124,3,True,14,7210
CAR-03306,2025-03-30,DE,BMW,X1,Petrol,Automatic,Independent dealer,3,48618,150,1,True,94,25490
CAR-03336,2025-03-30,DE,Mercedes-Benz,A-Class,Electric,Automatic,Franchise dealer,3,24369,124,2,True,93,24140
CAR-01058,2025-03-30,DE,Mercedes-Benz,EQE,Diesel,Automatic,Franchise dealer,2,34490,174,1,True,8,54270
CAR-03224,2025-03-30,DE,BMW,X1,Hybrid,Manual,Franchise dealer,2,43782,200,1,True,53,29060
CAR-00539,2025-03-30,DE,Volkswagen,Tiguan,Hybrid,Manual,Independent dealer,5,98416,185,2,True,60,15500
CAR-00866,2025-03-30,NL,Skoda,Superb,Diesel,Automatic,Franchise dealer,7,108271,210,2,True,16,9760
CAR-04904,2025-03-31,DE,Volkswagen,Passat,Petrol,Automatic,Independent dealer,9,197743,145,5,True,26,5580
CAR-00393,2025-03-31,DE,Volkswagen,Tiguan,Electric,Automatic,Independent dealer,2,32866,202,2,True,43,35300
CAR-02001,2025-03-31,DE,Mercedes-Benz,E-Class,Petrol,Automatic,Franchise dealer,1,30259,223,1,True,44,67950
CAR-04423,2025-03-31,DE,Audi,Q5,Petrol,Automatic,Franchise dealer,3,70070,125,1,True,23,29130
CAR-03581,2025-04-01,DE,Volkswagen,Passat,Diesel,Automatic,Private,3,43659,191,1,True,23,22530
CAR-03595,2025-04-01,DE,Skoda,Octavia,Diesel,Automatic,Franchise dealer,2,26750,146,1,True,52,24120
CAR-00520,2025-04-01,DE,Skoda,Enyaq,Hybrid,Automatic,Private,4,66803,129,4,True,25,16480
CAR-03591,2025-04-01,DE,Audi,Q3,Petrol,Automatic,Independent dealer,6,154336,77,3,True,86,7500
CAR-04688,2025-04-02,NL,Skoda,Superb,Electric,Automatic,Franchise dealer,10,129346,134,5,True,22,5050
CAR-03767,2025-04-02,DE,Audi,e-tron,Petrol,Automatic,Independent dealer,1,34263,186,2,True,28,52760
CAR-04812,2025-04-02,DE,Mercedes-Benz,A-Class,Petrol,Automatic,Independent dealer,5,53408,163,2,True,10,14830
CAR-04970,2025-04-02,DE,Volkswagen,Golf,Hybrid,Automatic,Franchise dealer,2,20527,113,2,True,17,22480
CAR-00303,2025-04-03,AT,Mercedes-Benz,A-Class,Petrol,Automatic,Franchise dealer,2,45460,173,1,True,82,28390
CAR-00529,2025-04-03,DE,Audi,A4,Hybrid,Manual,Independent dealer,2,38101,96,2,True,40,24650
CAR-02101,2025-04-03,AT,BMW,X1,Petrol,Manual,Franchise dealer,10,204503,94,5,True,50,5260
CAR-03395,2025-04-03,AT,Skoda,Octavia,Petrol,Automatic,Independent dealer,3,69600,177,3,True,43,18280
CAR-04720,2025-04-03,NL,Mercedes-Benz,E-Class,Electric,Automatic,Independent dealer,5,86428,154,3,True,16,20760
CAR-01730,2025-04-03,DE,Skoda,Karoq,Electric,Automatic,Private,2,25842,159,1,True,14,24240
CAR-00349,2025-04-03,AT,BMW,3 Series,Petrol,Automatic,Franchise dealer,3,36280,137,2,True,16,24630
CAR-04814,2025-04-03,DE,Mercedes-Benz,GLA,Hybrid,Automatic,Franchise dealer,13,255127,125,5,True,14,5450
CAR-04799,2025-04-04,DE,Volkswagen,ID.3,Electric,Automatic,Independent dealer,3,56047,220,1,True,26,26470
CAR-00604,2025-04-04,DE,Skoda,Kodiaq,Diesel,Automatic,Private,5,142852,88,3,True,32,9300
CAR-03955,2025-04-04,DE,Mercedes-Benz,A-Class,Petrol,Automatic,Private,3,47794,153,2,True,48,18640
CAR-02872,2025-04-04,DE,BMW,3 Series,Petrol,Manual,Franchise dealer,2,47819,127,1,True,31,30510
CAR-00804,2025-04-04,DE,BMW,X3,Diesel,Automatic,Franchise dealer,8,94861,170,3,True,6,11610
CAR-01092,2025-04-04,DE,Audi,A3,Petrol,Automatic,Franchise dealer,3,60431,145,1,True,123,22750
CAR-01672,2025-04-04,DE,Volkswagen,ID.4,Diesel,Manual,Franchise dealer,3,47236,137,1,True,8,29140
CAR-01055,2025-04-05,DE,Volkswagen,Golf,Petrol,Manual,Independent dealer,1,19633,151,1,True,117,25850
CAR-03645,2025-04-05,DE,Volkswagen,Tiguan,Diesel,Automatic,Independent dealer,6,110722,202,4,True,12,11730
CAR-01369,2025-04-05,DE,Audi,Q3,Diesel,Automatic,Private,11,95976,70,4,False,16,5160
CAR-01560,2025-04-05,DE,Skoda,Superb,Hybrid,Automatic,Independent dealer,8,202185,201,4,True,66,6760
CAR-01995,2025-04-05,DE,Volkswagen,ID.4,Hybrid,Automatic,Franchise dealer,12,147042,112,4,True,16,5830
CAR-02387,2025-04-05,DE,BMW,X1,Petrol,Automatic,Franchise dealer,4,76285,198,2,True,45,19210
CAR-03134,2025-04-05,DE,Volkswagen,ID.3,Hybrid,Automatic,Independent dealer,4,73619,149,2,True,91,18290
CAR-04112,2025-04-06,NL,Volkswagen,Passat,Hybrid,Manual,Franchise dealer,4,88668,161,2,True,22,16310
CAR-00492,2025-04-06,DE,Volkswagen,Golf,Petrol,Automatic,Independent dealer,3,43352,118,1,True,39,18140
CAR-02268,2025-04-06,DE,Volkswagen,Passat,Electric,Automatic,Franchise dealer,8,81565,169,4,False,100,8940
CAR-03972,2025-04-06,DE,Mercedes-Benz,A-Class,Petrol,Automatic,Independent dealer,3,86661,171,2,True,47,17320
CAR-04973,2025-04-07,DE,Skoda,Superb,Petrol,Automatic,Franchise dealer,6,79756,81,4,True,37,10460
CAR-03144,2025-04-07,DE,Volkswagen,ID.4,Hybrid,Automatic,Independent dealer,7,138854,104,4,False,22,8080
CAR-02728,2025-04-07,AT,Audi,e-tron,Petrol,Automatic,Franchise dealer,5,65286,218,2,False,47,27850
CAR-01087,2025-04-07,DE,Volkswagen,Tiguan,Diesel,Manual,Private,8,181895,162,4,True,91,5650
CAR-03811,2025-04-07,DE,BMW,i4,Electric,Automatic,Franchise dealer,4,30741,132,2,True,51,30970
CAR-00598,2025-04-07,DE,Skoda,Enyaq,Electric,Manual,Private,3,27569,140,2,True,30,27590
CAR-00687,2025-04-07,AT,Skoda,Karoq,Petrol,Automatic,Independent dealer,9,149996,175,4,True,27,5220
CAR-02377,2025-04-08,DE,Volkswagen,ID.3,Diesel,Automatic,Private,3,59127,123,1,True,23,17960
CAR-02958,2025-04-08,AT,Audi,Q3,Electric,Automatic,Private,4,92879,117,1,True,115,16060
CAR-03179,2025-04-08,AT,Mercedes-Benz,E-Class,Hybrid,Manual,Franchise dealer,4,69030,142,2,True,56,26170
CAR-02651,2025-04-08,AT,Mercedes-Benz,A-Class,Hybrid,Automatic,Franchise dealer,13,246938,143,4,True,33,5240
CAR-00004,2025-04-08,DE,BMW,5 Series,Petrol,Manual,Private,7,96472,156,4,True,23,11980
CAR-02847,2025-04-08,DE,BMW,X3,Diesel,Automatic,Private,2,42772,187,2,True,29,35240
CAR-04359,2025-04-08,DE,Volkswagen,Passat,Diesel,Automatic,Independent dealer,5,95436,134,2,True,48,11920
CAR-00271,2025-04-09,DE,BMW,X1,Diesel,Automatic,Franchise dealer,2,33568,142,1,True,32,30080
CAR-00659,2025-04-09,AT,Audi,A4,Petrol,Automatic,Independent dealer,6,116195,155,2,True,18,11230
CAR-01655,2025-04-09,DE,Audi,A4,Petrol,Manual,Independent dealer,4,63286,90,3,True,29,15010
CAR-01497,2025-04-09,NL,Volkswagen,ID.4,Petrol,Automatic,Franchise dealer,3,52172,174,3,True,79,31820
CAR-01250,2025-04-10,DE,BMW,i4,Electric,Automatic,Independent dealer,3,78559,139,1,True,22,29820
CAR-04975,2025-04-10,DE,Audi,A3,Diesel,Automatic,Franchise dealer,1,5563,91,1,False,69,27190
CAR-01286,2025-04-10,AT,Audi,A3,Petrol,Automatic,Independent dealer,5,79130,157,3,True,55,11860
CAR-03369,2025-04-10,DE,Mercedes-Benz,C-Class,Diesel,Manual,Independent dealer,3,56312,96,2,True,84,22330
CAR-02819,2025-04-10,DE,Skoda,Superb,Electric,Automatic,Private,4,87450,208,1,True,112,19460
CAR-01444,2025-04-10,DE,BMW,5 Series,Petrol,Automatic,Private,1,32045,159,1,True,24,47680
CAR-00850,2025-04-10,DE,BMW,3 Series,Petrol,Automatic,Private,5,56557,165,2,True,53,19080
CAR-01493,2025-04-10,DE,Volkswagen,Golf,Petrol,Automatic,Independent dealer,8,123173,208,3,True,30,6120
CAR-03017,2025-04-10,DE,BMW,X1,Diesel,Automatic,Independent dealer,2,55107,93,1,True,43,21300
CAR-02838,2025-04-10,AT,Audi,Q5,Petrol,Automatic,Franchise dealer,5,87692,217,1,True,54,23080
CAR-04544,2025-04-10,DE,Audi,A4,Diesel,Automatic,Private,9,145822,202,4,True,81,6080
CAR-00762,2025-04-11,DE,BMW,i4,Petrol,Automatic,Independent dealer,10,161987,181,4,True,7,5910
CAR-04134,2025-04-11,DE,Mercedes-Benz,E-Class,Petrol,Automatic,Independent dealer,9,193165,176,4,True,29,7660
CAR-02920,2025-04-11,DE,Skoda,Enyaq,Diesel,Manual,Private,8,162845,149,4,True,20,5690
CAR-04521,2025-04-12,DE,Audi,e-tron,Electric,Automatic,Private,5,82568,129,3,True,12,22270
CAR-01158,2025-04-12,NL,Mercedes-Benz,GLA,Diesel,Automatic,Franchise dealer,11,216837,210,4,True,38,5270
CAR-00274,2025-04-12,DE,Volkswagen,Passat,Petrol,Manual,Independent dealer,3,72591,128,2,True,46,18770
CAR-02487,2025-04-12,DE,Volkswagen,ID.3,Hybrid,Automatic,Independent dealer,5,90133,118,4,True,44,13900
CAR-02643,2025-04-12,DE,Skoda,Superb,Petrol,Automatic,Franchise dealer,2,31789,152,1,False,49,26250
CAR-04266,2025-04-12,DE,Mercedes-Benz,EQE,Electric,Automatic,Independent dealer,3,69652,161,2,True,41,35980
CAR-01614,2025-04-12,DE,Volkswagen,ID.3,Diesel,Manual,Independent dealer,1,26199,152,1,True,25,30900
CAR-04356,2025-04-13,DE,Skoda,Enyaq,Petrol,Automatic,Independent dealer,1,24189,111,1,True,59,39240
CAR-01741,2025-04-13,DE,Audi,Q5,Petrol,Automatic,Franchise dealer,3,53384,117,1,True,47,34090
CAR-01643,2025-04-13,NL,BMW,i4,Hybrid,Automatic,Independent dealer,8,165307,198,3,True,54,10810
CAR-04291,2025-04-13,DE,BMW,X3,Hybrid,Manual,Franchise dealer,2,53509,87,2,True,90,36100
CAR-02261,2025-04-13,DE,Skoda,Superb,Hybrid,Manual,Independent dealer,2,40962,159,2,True,51,26360
CAR-01013,2025-04-14,DE,Skoda,Octavia,Diesel,Automatic,Private,3,60154,93,1,True,68,13210
CAR-01114,2025-04-14,DE,Skoda,Karoq,Hybrid,Automatic,Franchise dealer,3,70178,94,1,False,71,14750
CAR-03293,2025-04-14,DE,Mercedes-Benz,A-Class,Electric,Manual,Franchise dealer,4,86040,167,2,True,16,16280
CAR-02687,2025-04-14,DE,Volkswagen,Tiguan,Petrol,Automatic,Independent dealer,4,82227,70,1,True,63,12860
CAR-03970,2025-04-15,DE,Skoda,Enyaq,Diesel,Automatic,Franchise dealer,2,46680,162,2,True,61,28980
CAR-00220,2025-04-15,AT,Audi,A4,Hybrid,Manual,Independent dealer,6,122571,154,3,True,4,9840
CAR-01587,2025-04-15,DE,Mercedes-Benz,A-Class,Diesel,Automatic,Independent dealer,1,15628,152,1,True,133,34360
CAR-02941,2025-04-15,DE,Audi,Q3,Petrol,Automatic,Franchise dealer,7,123176,140,3,True,26,9920
CAR-03464,2025-04-15,DE,Volkswagen,ID.3,Petrol,Manual,Independent dealer,5,68962,171,2,True,17,14020
CAR-03385,2025-04-15,DE,Volkswagen,ID.4,Electric,Manual,Franchise dealer,1,37121,70,1,True,63,36950
CAR-02405,2025-04-15,DE,Audi,Q3,Electric,Automatic,Independent dealer,7,141020,188,2,True,55,9510
CAR-03280,2025-04-16,DE,Volkswagen,ID.3,Diesel,Automatic,Franchise dealer,2,13867,184,1,False,37,29070
CAR-04304,2025-04-16,DE,BMW,3 Series,Petrol,Automatic,Franchise dealer,3,45867,270,3,True,13,27770
CAR-04999,2025-04-16,DE,Volkswagen,Golf,Hybrid,Automatic,Franchise dealer,10,159894,110,5,True,57,5200
CAR-02468,2025-04-16,AT,Mercedes-Benz,E-Class,Diesel,Automatic,Independent dealer,4,100735,213,3,True,49,28780
CAR-00109,2025-04-17,DE,Skoda,Enyaq,Diesel,Automatic,Private,5,126553,93,1,True,72,10620
CAR-02660,2025-04-17,DE,Volkswagen,Tiguan,Hybrid,Manual,Private,2,38448,144,1,True,14,27100
CAR-01610,2025-04-17,DE,Audi,A4,Petrol,Automatic,Independent dealer,3,75199,187,1,True,60,27180
CAR-00015,2025-04-18,DE,Audi,Q5,Hybrid,Automatic,Private,1,20033,87,1,True,73,44020
CAR-03773,2025-04-18,DE,Volkswagen,Tiguan,Electric,Automatic,Independent dealer,7,116125,153,4,False,4,7620
CAR-00956,2025-04-18,AT,Volkswagen,Tiguan,Petrol,Automatic,Independent dealer,7,140325,163,4,True,60,9200
CAR-03587,2025-04-18,DE,Mercedes-Benz,E-Class,Diesel,Manual,Private,4,59743,201,1,True,72,23960
CAR-00179,2025-04-18,DE,Volkswagen,Passat,Diesel,Manual,Franchise dealer,2,46117,110,1,True,19,23840
CAR-03697,2025-04-18,NL,BMW,5 Series,Hybrid,Automatic,Independent dealer,11,204296,177,4,True,35,5410
CAR-04763,2025-04-18,DE,Mercedes-Benz,C-Class,Hybrid,Automatic,Independent dealer,8,88922,119,4,True,32,10700
CAR-01546,2025-04-19,DE,Audi,e-tron,Diesel,Manual,Independent dealer,8,163125,200,3,True,31,10340
CAR-01623,2025-04-19,DE,BMW,3 Series,Electric,Manual,Independent dealer,2,32722,153,1,True,21,31220
CAR-02278,2025-04-19,DE,Skoda,Octavia,Electric,Automatic,Franchise dealer,3,40745,187,2,True,56,22180
CAR-02788,2025-04-19,NL,Skoda,Superb,Electric,Automatic,Independent dealer,2,38650,70,1,True,30,28170
CAR-00597,2025-04-19,NL,Volkswagen,Passat,Petrol,Manual,Franchise dealer,4,64201,149,1,True,64,17250
CAR-04996,2025-04-19,DE,BMW,X1,Hybrid,Automatic,Private,3,51137,126,2,True,10,23000
CAR-01000,2025-04-20,DE,BMW,i4,Petrol,Automatic,Franchise dealer,1,18453,107,2,True,43,50810
CAR-02383,2025-04-20,DE,BMW,3 Series,Petrol,Manual,Private,2,46593,231,2,True,20,27170
CAR-00921,2025-04-20,DE,Volkswagen,ID.3,Hybrid,Manual,Franchise dealer,4,92082,97,2,True,27,14070
CAR-01449,2025-04-21,DE,BMW,i4,Hybrid,Automatic,Franchise dealer,9,188592,70,3,False,28,5630
CAR-04546,2025-04-21,DE,Skoda,Enyaq,Hybrid,Manual,Franchise dealer,3,69800,205,3,True,41,24230
CAR-04002,2025-04-21,DE,Skoda,Octavia,Petrol,Automatic,Independent dealer,2,48698,196,1,True,16,23790
CAR-01626,2025-04-21,DE,Audi,Q3,Electric,Automatic,Franchise dealer,9,146209,77,4,True,87,5210
CAR-01007,2025-04-21,DE,Audi,Q5,Petrol,Automatic,Franchise dealer,3,63163,155,3,True,13,34380
CAR-00979,2025-04-22,DE,BMW,X3,Petrol,Automatic,Independent dealer,5,119235,70,2,True,37,15120
CAR-04876,2025-04-22,DE,Audi,A3,Diesel,Automatic,Independent dealer,8,71042,134,2,True,36,7030
CAR-02535,2025-04-22,DE,Mercedes-Benz,EQE,Petrol,Manual,Independent dealer,6,100276,112,3,True,28,16020
CAR-01315,2025-04-22,DE,Volkswagen,ID.3,Diesel,Automatic,Franchise dealer,9,152474,153,4,True,72,5720
CAR-04294,2025-04-22,DE,Volkswagen,Passat,Diesel,Automatic,Independent dealer,2,38316,70,2,True,35,21010
CAR-03993,2025-04-23,DE,Audi,Q5,Electric,Automatic,Private,9,181804,187,4,False,46,5600
CAR-01067,2025-04-23,DE,Volkswagen,Passat,Diesel,Manual,Independent dealer,1,22562,129,2,True,52,34700
CAR-00408,2025-04-23,DE,BMW,5 Series,Electric,Automatic,Private,8,99841,214,4,True,28,11210
CAR-04279,2025-04-23,DE,Volkswagen,Golf,Hybrid,Automatic,Franchise dealer,6,96531,125,3,False,9,6940
CAR-01654,2025-04-24,DE,Skoda,Kodiaq,Petrol,Automatic,Independent dealer,5,93003,108,3,True,10,14100
CAR-00244,2025-04-24,DE,Volkswagen,Golf,Diesel,Manual,Franchise dealer,2,38119,156,1,False,21,18440
CAR-03957,2025-04-24,DE,Skoda,Kodiaq,Diesel,Automatic,Independent dealer,4,73730,92,1,True,50,16280
CAR-02336,2025-04-24,DE,Skoda,Enyaq,Petrol,Automatic,Franchise dealer,1,24914,133,1,True,46,38430
CAR-02442,2025-04-24,DE,BMW,i4,Petrol,Automatic,Franchise dealer,4,67409,70,1,True,46,20410
CAR-01776,2025-04-25,NL,Volkswagen,ID.3,Petrol,Automatic,Independent dealer,10,105081,90,3,True,91,6270
CAR-02356,2025-04-25,NL,Mercedes-Benz,EQE,Diesel,Automatic,Franchise dealer,4,92185,137,2,True,35,25180
CAR-03712,2025-04-25,DE,Skoda,Kodiaq,Hybrid,Automatic,Franchise dealer,7,138071,117,3,True,53,8630
CAR-04794,2025-04-25,DE,Audi,Q5,Petrol,Automatic,Independent dealer,4,78115,157,2,True,61,22680
CAR-04848,2025-04-25,DE,BMW,3 Series,Petrol,Automatic,Private,13,252656,174,4,True,34,5110
CAR-03049,2025-04-25,DE,Audi,A4,Electric,Automatic,Independent dealer,3,57100,143,1,True,114,24430
CAR-04774,2025-04-25,DE,BMW,X3,Diesel,Automatic,Private,9,179664,143,4,False,58,5480
CAR-04887,2025-04-26,DE,Volkswagen,Golf,Petrol,Automatic,Franchise dealer,6,142387,172,2,True,32,6780
CAR-00915,2025-04-26,DE,Skoda,Kodiaq,Diesel,Automatic,Franchise dealer,12,226332,146,5,True,35,6030
CAR-02061,2025-04-26,DE,Audi,A4,Diesel,Automatic,Independent dealer,9,160110,109,4,True,25,5670
CAR-03091,2025-04-26,NL,Skoda,Enyaq,Electric,Automatic,Franchise dealer,7,80770,199,4,False,57,10330
CAR-04336,2025-04-26,DE,BMW,X1,Petrol,Automatic,Independent dealer,4,81863,132,1,True,17,16810
CAR-01648,2025-04-27,DE,Skoda,Karoq,Petrol,Automatic,Independent dealer,4,27446,211,1,True,29,19110
CAR-02620,2025-04-27,AT,Skoda,Enyaq,Electric,Automatic,Private,5,81103,199,4,True,60,16710
CAR-04420,2025-04-27,DE,Audi,Q3,Electric,Automatic,Private,1,38714,178,1,True,35,38400
CAR-03673,2025-04-27,DE,Audi,A3,Diesel,Manual,Independent dealer,4,79774,202,1,True,29,16840
CAR-04976,2025-04-28,DE,Mercedes-Benz,E-Class,Petrol,Automatic,Franchise dealer,4,56611,116,2,True,53,29840
CAR-03068,2025-04-28,DE,Volkswagen,Tiguan,Hybrid,Manual,Franchise dealer,3,38793,120,1,False,48,21850
CAR-03594,2025-04-28,DE,BMW,i4,Diesel,Automatic,Independent dealer,13,280647,141,5,True,15,5850
CAR-01724,2025-04-28,DE,Mercedes-Benz,C-Class,Diesel,Automatic,Independent dealer,0,8767,70,1,True,44,44440
CAR-04993,2025-04-29,DE,Audi,A4,Petrol,Automatic,Independent dealer,11,216799,113,4,True,39,5790
CAR-03294,2025-04-29,DE,Mercedes-Benz,C-Class,Diesel,Manual,Independent dealer,5,89719,123,1,True,37,12280
CAR-02964,2025-04-29,NL,Audi,e-tron,Diesel,Automatic,Independent dealer,2,46752,73,1,True,46,36280
CAR-04823,2025-04-29,DE,Volkswagen,ID.3,Petrol,Automatic,Independent dealer,3,57620,106,2,True,43,20750
CAR-02209,2025-04-29,NL,BMW,X1,Diesel,Automatic,Franchise dealer,2,43813,102,1,True,52,28630
CAR-03482,2025-04-29,DE,Volkswagen,Golf,Diesel,Automatic,Franchise dealer,7,102809,99,1,True,21,5220
CAR-02540,2025-04-29,DE,Mercedes-Benz,EQE,Petrol,Manual,Franchise dealer,4,78810,98,2,True,34,24890
CAR-03045,2025-04-30,DE,Skoda,Octavia,Diesel,Automatic,Private,9,172363,208,4,True,27,5950
CAR-03848,2025-05-01,DE,Audi,Q3,Electric,Automatic,Private,3,40995,161,1,True,69,23290
CAR-00622,2025-05-01,AT,Skoda,Enyaq,Hybrid,Automatic,Franchise dealer,2,47987,155,2,True,27,34530
CAR-00063,2025-05-01,DE,Volkswagen,ID.4,Diesel,Automatic,Independent dealer,2,42740,128,1,True,29,30400
CAR-02509,2025-05-01,DE,Volkswagen,ID.4,Petrol,Automatic,Independent dealer,3,78398,107,2,True,79,22860
CAR-00570,2025-05-01,DE,Audi,Q5,Electric,Automatic,Independent dealer,7,138853,200,3,True,11,12080
CAR-01404,2025-05-01,DE,BMW,i4,Petrol,Automatic,Franchise dealer,13,173428,151,5,True,32,5880
CAR-02624,2025-05-01,DE,Mercedes-Benz,A-Class,Diesel,Automatic,Independent dealer,7,130338,106,4,True,22,6340
CAR-00739,2025-05-01,DE,Audi,A4,Electric,Manual,Independent dealer,3,72179,156,2,True,42,22130
CAR-01759,2025-05-02,DE,Skoda,Superb,Electric,Manual,Franchise dealer,4,75622,94,1,True,51,15860
CAR-00713,2025-05-02,DE,Skoda,Karoq,Petrol,Manual,Independent dealer,0,12981,179,1,True,42,39290
CAR-04765,2025-05-02,DE,Audi,e-tron,Hybrid,Manual,Independent dealer,3,46102,250,1,True,15,46910
CAR-02511,2025-05-02,DE,Audi,e-tron,Petrol,Automatic,Independent dealer,5,96033,185,2,True,83,26120
CAR-00531,2025-05-02,AT,Volkswagen,Golf,Electric,Manual,Independent dealer,11,141676,70,4,True,17,5570
CAR-03414,2025-05-02,DE,Audi,Q3,Electric,Manual,Franchise dealer,3,45606,197,1,True,10,25240
CAR-00426,2025-05-02,NL,Audi,Q5,Petrol,Manual,Franchise dealer,4,80619,114,3,True,3,23040
CAR-04672,2025-05-03,DE,BMW,3 Series,Electric,Manual,Private,6,120289,108,3,True,25,8600
CAR-03434,2025-05-03,DE,BMW,X1,Electric,Automatic,Franchise dealer,6,116811,140,2,True,15,10020
CAR-00255,2025-05-03,NL,Volkswagen,Passat,Diesel,Automatic,Independent dealer,1,16708,113,1,False,11,31590
CAR-04471,2025-05-03,DE,Audi,Q5,Electric,Automatic,Franchise dealer,3,46880,101,2,True,56,33010
CAR-03592,2025-05-03,AT,Volkswagen,Tiguan,Diesel,Automatic,Franchise dealer,6,63276,102,3,True,77,11030
CAR-00967,2025-05-03,NL,BMW,5 Series,Diesel,Automatic,Franchise dealer,4,70373,115,3,True,43,20400
CAR-01708,2025-05-03,DE,Skoda,Karoq,Electric,Automatic,Independent dealer,1,25308,169,1,True,57,29830
CAR-00983,2025-05-03,DE,Mercedes-Benz,GLA,Hybrid,Automatic,Franchise dealer,6,124412,132,4,True,19,11370
CAR-02959,2025-05-03,DE,Skoda,Superb,Diesel,Automatic,Independent dealer,7,165417,82,4,True,47,6550
CAR-02520,2025-05-03,DE,BMW,3 Series,Petrol,Automatic,Independent dealer,2,40708,171,2,True,32,32110
CAR-03983,2025-05-04,DE,Audi,A4,Diesel,Automatic,Independent dealer,2,13709,79,1,True,154,33310
CAR-04913,2025-05-04,AT,Skoda,Kodiaq,Hybrid,Automatic,Private,3,55541,169,2,True,14,23620
CAR-02602,2025-05-04,DE,Mercedes-Benz,EQE,Hybrid,Manual,Franchise dealer,4,82450,137,3,True,93,28180
CAR-02287,2025-05-04,DE,Volkswagen,ID.3,Diesel,Automatic,Franchise dealer,3,40934,141,3,True,23,19970
CAR-03804,2025-05-04,DE,BMW,X3,Petrol,Manual,Independent dealer,2,50289,110,1,True,46,34740
CAR-00725,2025-05-05,DE,BMW,3 Series,Diesel,Automatic,Private,1,41986,136,1,True,44,34880
CAR-01704,2025-05-05,DE,Mercedes-Benz,A-Class,Petrol,Automatic,Private,4,85487,216,2,True,34,13810
CAR-03656,2025-05-05,DE,BMW,X3,Hybrid,Manual,Franchise dealer,2,47707,137,1,True,92,40690
CAR-00418,2025-05-05,NL,BMW,X3,Hybrid,Automatic,Independent dealer,2,39673,123,2,True,46,42680
CAR-03062,2025-05-05,AT,Audi,Q3,Petrol,Automatic,Independent dealer,10,179171,90,4,True,58,5450
CAR-02729,2025-05-06,DE,Skoda,Enyaq,Petrol,Automatic,Franchise dealer,3,35530,146,3,True,32,29310
CAR-02298,2025-05-06,DE,BMW,i4,Diesel,Manual,Private,7,76826,93,4,True,26,10700
CAR-04290,2025-05-06,DE,BMW,X1,Hybrid,Manual,Franchise dealer,11,192705,149,3,True,49,6150
CAR-04502,2025-05-06,DE,Volkswagen,Tiguan,Hybrid,Automatic,Franchise dealer,8,142310,207,4,True,19,7470
CAR-03820,2025-05-06,AT,Volkswagen,Tiguan,Petrol,Manual,Franchise dealer,1,28756,101,2,True,60,33930
CAR-00990,2025-05-06,DE,Volkswagen,Passat,Petrol,Automatic,Franchise dealer,3,40750,70,2,False,94,18220
CAR-01716,2025-05-07,DE,Audi,Q3,Hybrid,Manual,Franchise dealer,5,124126,132,4,True,20,12490
CAR-02524,2025-05-08,AT,Skoda,Kodiaq,Hybrid,Manual,Franchise dealer,2,34721,177,3,True,25,30510
CAR-03046,2025-05-08,AT,Mercedes-Benz,EQE,Hybrid,Automatic,Franchise dealer,7,84087,123,4,True,37,16710
CAR-00256,2025-05-08,AT,Volkswagen,ID.3,Hybrid,Automatic,Independent dealer,9,140191,162,4,True,46,5560
CAR-04819,2025-05-08,AT,Mercedes-Benz,C-Class,Hybrid,Automatic,Franchise dealer,2,48359,112,1,True,31,36160
CAR-00010,2025-05-08,DE,Audi,Q5,Electric,Automatic,Franchise dealer,10,106047,112,5,False,73,7160
CAR-02237,2025-05-08,DE,Audi,e-tron,Petrol,Manual,Franchise dealer,4,96576,70,2,True,68,23220
CAR-02767,2025-05-08,DE,Volkswagen,ID.3,Electric,Automatic,Independent dealer,13,262498,177,4,True,28,5620
CAR-03563,2025-05-08,DE,BMW,5 Series,Electric,Manual,Franchise dealer,10,214905,191,2,True,21,5360
CAR-04380,2025-05-08,DE,Mercedes-Benz,C-Class,Diesel,Automatic,Independent dealer,9,180952,96,2,True,67,5590
CAR-02724,2025-05-08,DE,BMW,i4,Hybrid,Automatic,Independent dealer,7,90697,140,4,True,47,14910
CAR-00167,2025-05-09,DE,Volkswagen,Golf,Petrol,Automatic,Franchise dealer,4,79173,91,2,True,32,12770
CAR-01866,2025-05-09,DE,Skoda,Karoq,Petrol,Manual,Private,8,114592,140,3,True,138,5310
CAR-02053,2025-05-09,DE,Volkswagen,Golf,Petrol,Automatic,Private,7,107002,128,3,False,77,6310
CAR-03122,2025-05-09,DE,Audi,Q3,Electric,Automatic,Private,6,101367,168,3,True,130,12650
CAR-00670,2025-05-09,DE,BMW,5 Series,Hybrid,Automatic,Franchise dealer,4,92555,127,1,True,40,22730
CAR-03221,2025-05-09,DE,Volkswagen,ID.3,Diesel,Manual,Independent dealer,5,94063,70,2,True,21,8480
CAR-00830,2025-05-10,DE,Volkswagen,Passat,Hybrid,Automatic,Independent dealer,2,30945,119,1,True,64,30920
CAR-01181,2025-05-10,AT,BMW,X1,Petrol,Manual,Private,10,195540,92,4,True,34,5360
CAR-01409,2025-05-10,DE,Volkswagen,Tiguan,Petrol,Automatic,Independent dealer,5,98794,135,4,True,47,11910
CAR-02428,2025-05-11,DE,Volkswagen,ID.4,Hybrid,Automatic,Private,1,18361,70,1,True,81,35030
CAR-04182,2025-05-11,AT,Volkswagen,ID.3,Petrol,Automatic,Private,2,28961,173,1,False,28,24580
CAR-04392,2025-05-11,DE,Mercedes-Benz,GLA,Diesel,Automatic,Franchise dealer,1,16192,155,2,True,69,44500
CAR-00206,2025-05-11,AT,BMW,i4,Petrol,Automatic,Franchise dealer,2,26783,155,2,False,85,39970
CAR-04624,2025-05-11,DE,BMW,3 Series,Petrol,Manual,Franchise dealer,12,184418,169,5,True,18,6200
CAR-02004,2025-05-11,DE,BMW,X1,Diesel,Automatic,Franchise dealer,4,83910,154,2,True,16,16730
CAR-02134,2025-05-11,AT,Mercedes-Benz,GLA,Petrol,Automatic,Private,1,24389,128,2,False,26,29500
CAR-04564,2025-05-11,DE,BMW,X3,Hybrid,Manual,Private,12,176366,166,5,True,38,5320
CAR-03509,2025-05-11,DE,Audi,Q3,Diesel,Automatic,Franchise dealer,13,236639,125,4,True,15,5110
CAR-04090,2025-05-11,DE,BMW,i4,Petrol,Automatic,Independent dealer,4,66065,145,2,True,36,30270
CAR-04110,2025-05-11,DE,Audi,A3,Hybrid,Automatic,Independent dealer,1,21757,147,1,True,71,41560
CAR-00329,2025-05-11,DE,Audi,Q5,Petrol,Automatic,Franchise dealer,5,102405,212,2,False,35,17530
CAR-00885,2025-05-12,DE,Audi,e-tron,Petrol,Automatic,Independent dealer,3,58020,145,3,True,28,39130
CAR-00812,2025-05-12,DE,Skoda,Karoq,Diesel,Automatic,Independent dealer,8,98435,132,3,True,34,5780
CAR-01335,2025-05-12,DE,Skoda,Enyaq,Petrol,Automatic,Franchise dealer,1,28264,84,2,True,46,41260
CAR-00222,2025-05-13,DE,Volkswagen,Tiguan,Petrol,Manual,Independent dealer,1,28995,143,1,True,88,30880
CAR-01037,2025-05-13,DE,Audi,A3,Petrol,Automatic,Franchise dealer,1,35551,117,1,True,44,31050
CAR-02184,2025-05-13,DE,Mercedes-Benz,A-Class,Petrol,Automatic,Independent dealer,2,54059,89,1,True,23,24280
CAR-00190,2025-05-13,NL,Skoda,Octavia,Diesel,Automatic,Franchise dealer,6,98093,108,2,True,9,8730
CAR-01471,2025-05-13,DE,BMW,i4,Hybrid,Manual,Franchise dealer,3,42970,86,1,True,46,29690
CAR-02914,2025-05-13,DE,Mercedes-Benz,A-Class,Petrol,Automatic,Franchise dealer,4,29901,100,3,False,16,15150
CAR-00833,2025-05-13,DE,Volkswagen,Golf,Diesel,Automatic,Private,3,77192,165,1,True,10,13320
CAR-01271,2025-05-13,DE,Audi,Q5,Diesel,Automatic,Independent dealer,3,73506,135,2,True,32,26710
CAR-01285,2025-05-13,DE,Skoda,Kodiaq,Electric,Automatic,Independent dealer,3,40777,150,1,True,39,26620
CAR-01545,2025-05-14,DE,Audi,A4,Diesel,Automatic,Franchise dealer,8,163728,93,2,True,14,6040
CAR-01684,2025-05-14,DE,BMW,X3,Diesel,Automatic,Independent dealer,9,98931,178,4,True,48,8360
CAR-01406,2025-05-14,DE,Skoda,Enyaq,Diesel,Manual,Franchise dealer,8,152149,109,3,True,12,6430
CAR-04801,2025-05-15,DE,BMW,X1,Petrol,Manual,Independent dealer,8,150984,150,3,True,28,6130
CAR-03131,2025-05-15,DE,Skoda,Kodiaq,Hybrid,Automatic,Independent dealer,9,105389,164,3,True,15,7490
CAR-00253,2025-05-16,DE,Audi,Q3,Hybrid,Automatic,Independent dealer,13,251708,124,5,True,49,5390
CAR-02780,2025-05-16,DE,BMW,X1,Petrol,Manual,Independent dealer,3,43362,133,1,True,11,21920
CAR-01461,2025-05-16,DE,Mercedes-Benz,C-Class,Hybrid,Automatic,Independent dealer,6,109423,154,3,True,34,14220
CAR-01168,2025-05-16,DE,Volkswagen,ID.3,Hybrid,Automatic,Franchise dealer,1,26317,129,1,True,45,36250
CAR-00874,2025-05-16,DE,Volkswagen,Tiguan,Electric,Automatic,Franchise dealer,2,46117,169,2,True,20,33960
CAR-02689,2025-05-17,DE,Mercedes-Benz,C-Class,Petrol,Automatic,Independent dealer,13,184062,213,5,True,25,5840
CAR-04221,2025-05-17,DE,BMW,i4,Diesel,Automatic,Franchise dealer,8,161428,178,4,True,44,9270
CAR-00397,2025-05-17,DE,Audi,Q5,Diesel,Automatic,Independent dealer,8,126026,118,4,True,6,8640
CAR-01680,2025-05-17,NL,Volkswagen,Passat,Petrol,Manual,Franchise dealer,6,69985,93,3,True,59,9590
CAR-01813,2025-05-17,DE,Audi,Q5,Electric,Manual,Independent dealer,11,219006,145,5,True,39,5410
CAR-04775,2025-05-17,DE,BMW,3 Series,Hybrid,Automatic,Franchise dealer,13,181238,98,4,True,14,5340
CAR-03895,2025-05-17,DE,Volkswagen,ID.3,Diesel,Automatic,Independent dealer,2,58527,121,1,True,7,25130
CAR-02979,2025-05-18,DE,Skoda,Enyaq,Diesel,Automatic,Independent dealer,5,60735,165,2,True,6,17450
CAR-02233,2025-05-18,DE,Skoda,Superb,Petrol,Automatic,Independent dealer,4,70255,163,3,True,40,18260
CAR-03439,2025-05-18,DE,Mercedes-Benz,E-Class,Diesel,Automatic,Independent dealer,4,57843,115,2,True,51,27700
CAR-02133,2025-05-18,DE,Skoda,Karoq,Hybrid,Automatic,Franchise dealer,2,48276,157,2,True,33,25200
CAR-00324,2025-05-18,NL,Volkswagen,Tiguan,Petrol,Automatic,Private,4,43978,102,2,True,16,15820
CAR-02803,2025-05-18,DE,Mercedes-Benz,C-Class,Electric,Automatic,Independent dealer,7,153357,187,3,True,33,10260
CAR-00475,2025-05-19,DE,Audi,A3,Hybrid,Automatic,Independent dealer,9,204682,186,4,True,12,5460
CAR-01893,2025-05-19,DE,BMW,3 Series,Petrol,Manual,Franchise dealer,5,80024,100,2,True,50,14730
CAR-00755,2025-05-19,DE,Audi,Q5,Electric,Manual,Private,1,39323,196,1,True,23,52330
CAR-02576,2025-05-20,DE,Volkswagen,Passat,Petrol,Automatic,Franchise dealer,5,86795,112,1,True,12,14520
CAR-04005,2025-05-20,NL,BMW,X1,Diesel,Manual,Independent dealer,3,65290,153,3,True,12,20440
CAR-04575,2025-05-20,DE,BMW,3 Series,Diesel,Automatic,Independent dealer,4,112661,129,3,True,20,14790
CAR-04254,2025-05-20,DE,Volkswagen,ID.4,Petrol,Automatic,Independent dealer,8,106393,70,3,True,30,7130
CAR-00411,2025-05-20,DE,Volkswagen,Golf,Petrol,Automatic,Franchise dealer,6,116264,131,3,True,97,8370
CAR-02188,2025-05-20,DE,Audi,A3,Diesel,Manual,Independent dealer,7,47686,171,4,True,44,10910
CAR-02296,2025-05-21,DE,Volkswagen,ID.3,Diesel,Automatic,Franchise dealer,4,65260,101,1,False,20,13110
CAR-04673,2025-05-21,DE,Audi,Q5,Hybrid,Automatic,Franchise dealer,13,177928,180,3,True,37,5460
CAR-01599,2025-05-21,NL,Audi,A4,Petrol,Manual,Private,5,75818,130,2,True,19,11510
CAR-01330,2025-05-21,DE,Volkswagen,ID.4,Hybrid,Automatic,Independent dealer,5,91814,133,4,True,38,14670
CAR-01189,2025-05-21,NL,Volkswagen,Tiguan,Petrol,Automatic,Independent dealer,4,80113,70,2,True,37,17260
CAR-02718,2025-05-21,AT,BMW,i4,Petrol,Manual,Independent dealer,6,75880,167,2,True,24,18810
CAR-01387,2025-05-22,DE,Audi,e-tron,Electric,Automatic,Independent dealer,2,38234,144,2,True,37,52590
CAR-02401,2025-05-22,AT,Volkswagen,Tiguan,Petrol,Automatic,Independent dealer,2,34773,135,1,False,5,24060
CAR-00853,2025-05-23,DE,Skoda,Enyaq,Diesel,Automatic,Private,7,85766,184,4,True,38,11190
CAR-00237,2025-05-23,AT,Volkswagen,Golf,Hybrid,Automatic,Independent dealer,2,59087,110,1,True,39,23850
CAR-02017,2025-05-23,AT,BMW,X3,Petrol,Manual,Private,4,71321,87,2,True,9,19420
CAR-00948,2025-05-23,DE,Skoda,Enyaq,Diesel,Manual,Independent dealer,2,50828,107,2,True,17,21220
CAR-01167,2025-05-23,AT,Mercedes-Benz,GLA,Diesel,Automatic,Franchise dealer,8,111428,163,3,False,14,7330
CAR-00837,2025-05-23,DE,Skoda,Octavia,Diesel,Manual,Franchise dealer,4,84834,128,3,True,30,9490
CAR-04399,2025-05-23,DE,Volkswagen,ID.3,Diesel,Automatic,Independent dealer,1,19530,169,1,False,77,31300
CAR-00066,2025-05-24,AT,Mercedes-Benz,GLA,Hybrid,Automatic,Franchise dealer,4,69968,81,2,True,12,18320
CAR-03082,2025-05-24,DE,Volkswagen,Golf,Electric,Automatic,Independent dealer,3,58827,186,3,True,36,16720
CAR-00306,2025-05-24,DE,Audi,Q5,Hybrid,Automatic,Private,7,129779,198,3,True,51,11450
CAR-01303,2025-05-24,NL,Audi,Q3,Petrol,Automatic,Independent dealer,0,13749,121,1,True,56,37120
CAR-00317,2025-05-24,DE,Volkswagen,Tiguan,Diesel,Automatic,Independent dealer,1,25576,116,1,True,19,34690
CAR-03603,2025-05-24,DE,Audi,Q5,Hybrid,Manual,Private,3,80733,188,2,True,11,26120
CAR-00615,2025-05-24,NL,Volkswagen,Passat,Diesel,Automatic,Private,10,190228,126,4,True,78,5730
CAR-03334,2025-05-24,AT,Audi,e-tron,Diesel,Manual,Independent dealer,5,74343,156,4,True,14,19650
CAR-03722,2025-05-25,DE,Skoda,Enyaq,Electric,Automatic,Private,2,29200,196,1,True,69,39920
CAR-03641,2025-05-25,DE,BMW,X3,Diesel,Automatic,Franchise dealer,8,96974,173,4,True,17,10980
CAR-00083,2025-05-26,DE,BMW,3 Series,Petrol,Automatic,Independent dealer,3,77960,182,1,True,16,19840
CAR-04587,2025-05-26,DE,Skoda,Octavia,Petrol,Automatic,Independent dealer,3,48344,219,3,True,27,18880
CAR-03357,2025-05-26,DE,Mercedes-Benz,A-Class,Diesel,Automatic,Franchise dealer,3,34735,120,2,True,61,20950
CAR-00718,2025-05-26,DE,Volkswagen,Passat,Petrol,Automatic,Private,2,42916,70,2,False,35,18070
CAR-00741,2025-05-26,DE,BMW,3 Series,Electric,Automatic,Independent dealer,3,44227,163,2,True,28,25760
CAR-03822,2025-05-26,DE,Mercedes-Benz,C-Class,Diesel,Automatic,Independent dealer,9,189901,134,4,True,10,5580
CAR-00071,2025-05-27,DE,Audi,A3,Diesel,Manual,Independent dealer,4,72475,103,3,True,22,12400
CAR-04883,2025-05-27,DE,Audi,e-tron,Diesel,Automatic,Independent dealer,2,66736,119,2,True,44,35630
CAR-02213,2025-05-27,DE,Mercedes-Benz,EQE,Petrol,Automatic,Franchise dealer,1,25269,154,1,True,34,60880
CAR-04978,2025-05-27,DE,Volkswagen,Golf,Electric,Automatic,Franchise dealer,4,66089,142,2,True,50,15870
CAR-04394,2025-05-27,AT,Audi,Q3,Petrol,Manual,Independent dealer,8,122492,166,2,True,24,8290
CAR-02611,2025-05-27,DE,Volkswagen,Golf,Petrol,Automatic,Independent dealer,13,310600,151,5,True,29,5860
CAR-03370,2025-05-28,NL,Skoda,Superb,Diesel,Automatic,Franchise dealer,1,31916,115,1,True,56,37790
CAR-04448,2025-05-28,NL,Mercedes-Benz,E-Class,Hybrid,Manual,Franchise dealer,13,182504,232,5,True,32,5470
CAR-02652,2025-05-28,DE,Volkswagen,ID.4,Petrol,Automatic,Franchise dealer,3,56948,88,1,True,97,20380
CAR-04725,2025-05-28,DE,Audi,e-tron,Electric,Automatic,Private,7,112124,103,2,True,16,12940
CAR-02274,2025-05-28,DE,Skoda,Kodiaq,Petrol,Manual,Franchise dealer,4,88057,181,2,True,55,19740
CAR-04211,2025-05-29,DE,Audi,A3,Petrol,Automatic,Franchise dealer,13,160269,105,5,True,34,6030
CAR-03155,2025-05-29,DE,Audi,Q5,Electric,Automatic,Franchise dealer,4,67942,114,2,True,52,27330
CAR-02191,2025-05-29,DE,Mercedes-Benz,C-Class,Petrol,Manual,Private,3,80641,86,2,True,28,18100
CAR-00127,2025-05-29,DE,BMW,3 Series,Diesel,Automatic,Independent dealer,6,129440,180,3,True,33,10770
CAR-03915,2025-05-29,DE,Audi,Q3,Hybrid,Automatic,Franchise dealer,6,106327,163,2,True,8,11540
CAR-02503,2025-05-30,DE,Volkswagen,Passat,Petrol,Automatic,Independent dealer,9,145323,93,4,True,24,4910
CAR-04941,2025-05-30,DE,BMW,3 Series,Petrol,Automatic,Franchise dealer,2,48734,131,3,True,32,24150
CAR-02125,2025-05-30,DE,Audi,A3,Diesel,Automatic,Independent dealer,4,94399,92,3,False,87,10230
CAR-02035,2025-05-30,NL,Volkswagen,ID.4,Diesel,Automatic,Franchise dealer,5,88000,170,2,True,171,17860
CAR-04171,2025-05-30,DE,Volkswagen,ID.3,Petrol,Automatic,Independent dealer,1,35364,135,1,True,54,29830
CAR-02302,2025-05-30,DE,Mercedes-Benz,C-Class,Diesel,Automatic,Independent dealer,5,99060,166,3,True,57,13690
CAR-00900,2025-05-30,AT,Mercedes-Benz,A-Class,Hybrid,Manual,Franchise dealer,4,65451,111,1,True,29,18100
CAR-03100,2025-05-31,DE,Skoda,Superb,Hybrid,Automatic,Franchise dealer,7,109456,134,3,True,51,8750
CAR-01459,2025-05-31,DE,Audi,A4,Electric,Manual,Franchise dealer,13,262703,78,5,True,39,5490
CAR-00405,2025-05-31,AT,Skoda,Octavia,Diesel,Automatic,Franchise dealer,6,105465,70,4,True,108,6720
CAR-02104,2025-05-31,DE,Volkswagen,Golf,Petrol,Manual,Franchise dealer,2,31035,186,1,True,61,23730
CAR-02418,2025-05-31,NL,BMW,3 Series,Electric,Automatic,Franchise dealer,4,95780,204,2,True,69,19710
CAR-04355,2025-05-31,DE,Volkswagen,ID.4,Electric,Automatic,Independent dealer,5,104912,191,5,True,35,14260
CAR-02929,2025-06-01,AT,Volkswagen,Tiguan,Diesel,Automatic,Franchise dealer,3,51609,139,2,True,31,22670
CAR-00894,2025-06-01,DE,Volkswagen,Tiguan,Hybrid,Automatic,Independent dealer,1,27075,180,2,True,56,38600
CAR-03298,2025-06-01,DE,Mercedes-Benz,A-Class,Petrol,Manual,Franchise dealer,4,81638,104,3,True,16,14520
CAR-00731,2025-06-01,DE,BMW,i4,Petrol,Automatic,Private,6,115838,143,3,True,66,13120
CAR-02174,2025-06-01,DE,Audi,A3,Hybrid,Automatic,Franchise dealer,4,59679,158,3,True,35,15600
CAR-00709,2025-06-01,DE,Mercedes-Benz,EQE,Petrol,Manual,Franchise dealer,4,71019,123,1,True,16,29970
CAR-01159,2025-06-01,AT,Volkswagen,ID.3,Petrol,Automatic,Private,5,106294,148,1,True,56,12510
CAR-00810,2025-06-01,DE,BMW,5 Series,Electric,Manual,Independent dealer,3,50248,145,1,True,52,37070
CAR-02348,2025-06-01,DE,BMW,X3,Petrol,Automatic,Franchise dealer,3,71758,148,2,True,74,31390
CAR-00195,2025-06-01,DE,BMW,X3,Electric,Automatic,Independent dealer,2,41250,193,2,True,25,43820
CAR-03412,2025-06-01,DE,Mercedes-Benz,E-Class,Hybrid,Automatic,Independent dealer,8,154195,174,3,True,38,12140
CAR-03650,2025-06-02,DE,Audi,A4,Petrol,Automatic,Franchise dealer,5,84177,89,2,True,30,12720
CAR-00802,2025-06-02,DE,Skoda,Superb,Petrol,Manual,Franchise dealer,1,22849,96,1,False,19,24480
CAR-03190,2025-06-02,DE,BMW,X3,Petrol,Automatic,Franchise dealer,7,127478,166,2,True,18,12040
CAR-03980,2025-06-02,DE,BMW,i4,Petrol,Automatic,Independent dealer,4,59173,117,2,True,113,24650
CAR-03116,2025-06-02,DE,BMW,X1,Diesel,Automatic,Private,5,89817,149,2,False,12,11160
CAR-03066,2025-06-02,DE,Audi,Q5,Electric,Automatic,Private,4,73489,138,2,True,44,25330
CAR-01415,2025-06-02,DE,Volkswagen,ID.4,Petrol,Automatic,Franchise dealer,3,84342,142,1,True,28,24090
CAR-02008,2025-06-02,DE,BMW,X1,Petrol,Automatic,Franchise dealer,4,60175,194,1,True,37,19630
CAR-01900,2025-06-03,DE,Mercedes-Benz,EQE,Hybrid,Automatic,Private,5,49308,98,3,True,16,25780
CAR-00126,2025-06-03,DE,Audi,Q3,Diesel,Manual,Independent dealer,6,60354,136,2,False,19,9030
CAR-04070,2025-06-03,DE,Audi,Q3,Diesel,Manual,Franchise dealer,10,159067,147,5,True,20,6080
CAR-01762,2025-06-04,DE,BMW,5 Series,Petrol,Automatic,Franchise dealer,5,72911,175,4,True,11,22500
CAR-03551,2025-06-04,DE,Mercedes-Benz,C-Class,Petrol,Automatic,Independent dealer,13,198318,218,5,True,21,5390
CAR-03751,2025-06-04,DE,Mercedes-Benz,E-Class,Diesel,Automatic,Franchise dealer,2,40159,121,1,True,62,42660
CAR-02952,2025-06-04,DE,BMW,i4,Diesel,Automatic,Independent dealer,5,96456,148,2,True,28,20620
CAR-03429,2025-06-04,DE,Volkswagen,ID.3,Diesel,Automatic,Private,7,126106,201,4,False,69,7080
CAR-04703,2025-06-05,DE,Audi,A3,Electric,Automatic,Independent dealer,13,213610,162,5,True,20,6010
CAR-00131,2025-06-05,DE,Skoda,Karoq,Petrol,Automatic,Independent dealer,8,116946,137,4,True,61,5420
CAR-02500,2025-06-05,DE,BMW,3 Series,Petrol,Manual,Franchise dealer,6,102941,146,3,True,80,11630
CAR-00903,2025-06-05,DE,Mercedes-Benz,E-Class,Hybrid,Automatic,Independent dealer,6,107756,167,3,True,11,15990
CAR-03674,2025-06-05,DE,Volkswagen,Passat,Petrol,Manual,Franchise dealer,10,159501,123,4,True,22,5410
CAR-01782,2025-06-06,DE,Audi,e-tron,Petrol,Automatic,Independent dealer,7,110403,133,4,True,27,13750
CAR-01940,2025-06-06,AT,Audi,A4,Diesel,Automatic,Private,12,225145,70,4,True,54,5730
CAR-02684,2025-06-06,DE,Audi,A3,Diesel,Automatic,Independent dealer,2,37984,210,2,True,1,30460
CAR-01905,2025-06-06,DE,Mercedes-Benz,E-Class,Petrol,Automatic,Private,3,40892,134,4,True,58,35100
CAR-00143,2025-06-06,DE,Mercedes-Benz,C-Class,Diesel,Automatic,Independent dealer,7,113841,164,3,True,48,8830
CAR-01736,2025-06-06,DE,Skoda,Octavia,Diesel,Automatic,Franchise dealer,5,100919,132,2,True,9,9570
CAR-02860,2025-06-07,AT,Audi,e-tron,Hybrid,Manual,Private,2,38879,159,1,True,47,48530
CAR-01075,2025-06-07,NL,Audi,Q5,Petrol,Automatic,Independent dealer,5,106026,193,2,True,61,21480
CAR-01591,2025-06-07,DE,BMW,X3,Petrol,Automatic,Independent dealer,3,38456,93,2,True,28,29390
CAR-01523,2025-06-07,DE,Volkswagen,ID.4,Petrol,Automatic,Independent dealer,1,33517,128,1,True,25,40960
CAR-04435,2025-06-07,DE,Mercedes-Benz,GLA,Electric,Automatic,Independent dealer,4,81174,103,2,True,13,18550
CAR-03302,2025-06-07,DE,Audi,Q3,Electric,Automatic,Independent dealer,7,99557,177,3,True,8,11270
CAR-00554,2025-06-07,DE,BMW,i4,Petrol,Automatic,Independent dealer,2,47053,162,1,True,28,41880
CAR-03452,2025-06-08,DE,BMW,5 Series,Petrol,Automatic,Independent dealer,6,102532,179,2,True,23,16430
CAR-00176,2025-06-08,AT,Mercedes-Benz,GLA,Diesel,Automatic,Independent dealer,9,124109,255,3,True,20,6390
CAR-04027,2025-06-08,DE,Volkswagen,ID.3,Hybrid,Automatic,Independent dealer,3,57811,139,1,False,99,19070
CAR-01807,2025-06-08,AT,Mercedes-Benz,GLA,Diesel,Automatic,Franchise dealer,3,42988,166,1,True,37,24530
CAR-00905,2025-06-08,AT,Volkswagen,ID.3,Petrol,Automatic,Franchise dealer,4,101222,221,2,True,18,18810
CAR-02863,2025-06-08,DE,BMW,X1,Petrol,Manual,Independent dealer,3,43337,127,2,True,38,22420
CAR-01912,2025-06-09,DE,Skoda,Enyaq,Petrol,Automatic,Franchise dealer,2,34888,167,2,False,12,34020
CAR-03343,2025-06-09,NL,BMW,5 Series,Electric,Automatic,Franchise dealer,4,72752,147,2,True,37,25250
CAR-00478,2025-06-09,DE,Volkswagen,ID.3,Petrol,Automatic,Independent dealer,5,99510,135,2,True,33,12450
CAR-03458,2025-06-09,DE,BMW,3 Series,Petrol,Automatic,Independent dealer,3,17557,138,1,True,29,28040
CAR-01490,2025-06-09,NL,BMW,X1,Hybrid,Automatic,Private,6,140550,170,2,True,9,7960
CAR-02186,2025-06-09,DE,Volkswagen,Golf,Electric,Automatic,Private,3,59091,245,2,True,35,18090
CAR-04191,2025-06-09,DE,Volkswagen,Passat,Petrol,Automatic,Independent dealer,2,50975,207,2,True,20,31170
CAR-00204,2025-06-09,AT,BMW,X3,Diesel,Automatic,Independent dealer,4,88219,96,3,True,54,20660
CAR-00133,2025-06-09,DE,Audi,Q5,Electric,Automatic,Independent dealer,3,57898,193,3,True,77,36780
CAR-04391,2025-06-10,NL,Volkswagen,ID.4,Diesel,Automatic,Private,3,60386,104,2,True,49,20660
CAR-02158,2025-06-10,DE,Audi,A3,Petrol,Automatic,Independent dealer,6,116687,188,4,True,19,10520
CAR-00387,2025-06-10,DE,Skoda,Kodiaq,Petrol,Manual,Franchise dealer,4,67045,116,1,False,73,15290
CAR-01201,2025-06-10,DE,Mercedes-Benz,E-Class,Diesel,Automatic,Franchise dealer,9,158849,70,3,True,32,6990
CAR-03717,2025-06-11,DE,Volkswagen,Passat,Hybrid,Automatic,Private,2,29064,145,2,True,17,30860
CAR-03657,2025-06-11,DE,Audi,Q5,Petrol,Automatic,Private,4,74766,186,2,False,130,20400
CAR-03541,2025-06-11,DE,Mercedes-Benz,C-Class,Hybrid,Automatic,Independent dealer,2,31972,199,2,True,55,38900
CAR-04107,2025-06-11,DE,Volkswagen,Tiguan,Petrol,Automatic,Franchise dealer,5,69424,145,2,True,46,16150
CAR-02300,2025-06-11,DE,Skoda,Kodiaq,Diesel,Automatic,Franchise dealer,2,65141,221,1,True,15,29600
CAR-03779,2025-06-11,DE,Skoda,Kodiaq,Petrol,Automatic,Franchise dealer,1,24666,238,1,True,137,52470
CAR-00773,2025-06-11,DE,Volkswagen,Golf,Petrol,Automatic,Franchise dealer,10,195639,222,4,True,7,5450
CAR-03565,2025-06-11,DE,Volkswagen,ID.3,Diesel,Automatic,Independent dealer,7,89939,163,4,True,27,9220
CAR-03887,2025-06-11,AT,Volkswagen,Tiguan,Hybrid,Automatic,Franchise dealer,0,16014,216,1,True,157,56720
CAR-04972,2025-06-11,DE,Audi,A4,Diesel,Manual,Independent dealer,2,54633,159,1,True,43,23830
CAR-00876,2025-06-12,DE,Audi,A3,Diesel,Automatic,Franchise dealer,2,47321,193,3,True,24,26520
CAR-04463,2025-06-12,DE,Skoda,Superb,Petrol,Automatic,Independent dealer,5,53281,176,3,True,11,16690
CAR-01440,2025-06-12,DE,Audi,Q5,Petrol,Automatic,Franchise dealer,5,98572,79,1,True,6,17360
CAR-02443,2025-06-12,DE,Mercedes-Benz,C-Class,Electric,Manual,Independent dealer,2,37099,159,2,True,50,34060
CAR-00647,2025-06-12,DE,Mercedes-Benz,A-Class,Electric,Automatic,Franchise dealer,8,151945,121,3,True,25,5800
CAR-02997,2025-06-12,DE,BMW,5 Series,Electric,Automatic,Independent dealer,4,101466,150,1,True,31,28690
CAR-00265,2025-06-12,DE,BMW,5 Series,Electric,Automatic,Independent dealer,2,29827,225,1,True,12,45090
CAR-01773,2025-06-12,AT,Skoda,Superb,Petrol,Automatic,Franchise dealer,2,25307,160,2,True,13,37120
CAR-00601,2025-06-13,NL,Volkswagen,Tiguan,Electric,Automatic,Private,4,71216,169,1,False,46,14830
CAR-02737,2025-06-13,DE,Mercedes-Benz,E-Class,Diesel,Automatic,Franchise dealer,3,51807,117,2,True,67,33180
CAR-00561,2025-06-13,DE,Audi,e-tron,Petrol,Automatic,Independent dealer,10,182139,112,4,True,79,6040
CAR-04117,2025-06-13,DE,Skoda,Karoq,Petrol,Manual,Franchise dealer,13,233688,169,5,False,31,5230
CAR-00404,2025-06-13,DE,Skoda,Enyaq,Hybrid,Manual,Franchise dealer,6,117446,70,3,True,29,10350
CAR-00348,2025-06-13,DE,Mercedes-Benz,GLA,Electric,Manual,Franchise dealer,1,24775,119,2,True,61,37220
CAR-02677,2025-06-13,DE,Volkswagen,Golf,Electric,Automatic,Franchise dealer,5,96499,129,2,True,25,10190
CAR-04351,2025-06-15,AT,BMW,3 Series,Petrol,Automatic,Private,2,48415,147,1,True,47,31640
CAR-03678,2025-06-15,DE,Audi,e-tron,Diesel,Automatic,Independent dealer,4,67333,70,2,False,67,20330
CAR-00137,2025-06-15,DE,Mercedes-Benz,C-Class,Hybrid,Automatic,Independent dealer,3,44387,173,2,False,53,25420
CAR-03956,2025-06-15,DE,Skoda,Kodiaq,Electric,Automatic,Franchise dealer,5,77247,70,4,True,27,14480
CAR-02999,2025-06-16,AT,BMW,X1,Petrol,Automatic,Franchise dealer,3,65863,78,1,False,40,18030
CAR-00185,2025-06-16,NL,Volkswagen,Passat,Electric,Automatic,Franchise dealer,2,47452,193,1,True,74,32250
CAR-03833,2025-06-16,NL,Mercedes-Benz,C-Class,Petrol,Automatic,Independent dealer,13,248438,125,5,True,35,5320
CAR-03947,2025-06-16,AT,BMW,i4,Petrol,Automatic,Independent dealer,5,85036,187,3,True,101,21320
CAR-01725,2025-06-16,DE,BMW,X3,Electric,Automatic,Private,12,246508,158,5,True,53,5570
CAR-04590,2025-06-17,DE,Audi,Q5,Petrol,Automatic,Private,3,46768,126,3,True,24,30370
CAR-01783,2025-06-17,DE,BMW,X1,Diesel,Automatic,Independent dealer,4,89777,198,2,True,81,16860
CAR-01042,2025-06-17,DE,Volkswagen,Passat,Petrol,Automatic,Franchise dealer,8,203305,262,3,True,54,5860
CAR-03682,2025-06-17,DE,Mercedes-Benz,E-Class,Diesel,Automatic,Independent dealer,1,28701,138,1,True,29,52360
CAR-01357,2025-06-17,DE,Mercedes-Benz,GLA,Petrol,Automatic,Franchise dealer,1,17911,163,1,True,89,43270
CAR-01834,2025-06-17,AT,BMW,i4,Petrol,Automatic,Independent dealer,2,25566,125,1,True,35,42350
CAR-03259,2025-06-18,DE,BMW,X3,Electric,Automatic,Franchise dealer,6,118840,149,3,True,60,17480
CAR-02766,2025-06-18,NL,Mercedes-Benz,E-Class,Diesel,Manual,Private,13,201407,144,5,True,12,5720
CAR-04205,2025-06-19,DE,Volkswagen,Tiguan,Diesel,Automatic,Private,7,160366,112,3,True,10,6120
CAR-03934,2025-06-19,DE,Mercedes-Benz,EQE,Diesel,Automatic,Franchise dealer,1,22408,164,1,False,42,52740
CAR-04950,2025-06-19,NL,Audi,Q3,Petrol,Manual,Franchise dealer,6,97769,201,2,False,54,10780
CAR-03425,2025-06-19,DE,Mercedes-Benz,C-Class,Diesel,Automatic,Independent dealer,2,45780,118,2,True,39,26680
CAR-00927,2025-06-19,DE,Skoda,Kodiaq,Petrol,Automatic,Private,11,152247,171,3,True,37,5870
CAR-00743,2025-06-20,DE,BMW,i4,Diesel,Manual,Independent dealer,13,253794,70,4,False,52,5550
CAR-02577,2025-06-20,DE,Skoda,Superb,Diesel,Automatic,Private,3,70127,128,2,True,30,16820
CAR-04889,2025-06-20,AT,Skoda,Octavia,Diesel,Manual,Franchise dealer,4,101045,92,3,True,17,9630
CAR-02294,2025-06-20,DE,Audi,Q5,Electric,Manual,Independent dealer,5,110309,132,3,True,22,18840
CAR-03018,2025-06-20,DE,Audi,e-tron,Electric,Automatic,Franchise dealer,7,114788,131,3,True,23,12220
CAR-04485,2025-06-20,DE,Audi,Q5,Petrol,Manual,Franchise dealer,4,58190,144,3,True,60,20440
CAR-03327,2025-06-21,AT,Volkswagen,ID.4,Petrol,Manual,Independent dealer,9,90486,108,4,True,22,7210
CAR-02364,2025-06-21,DE,Volkswagen,Passat,Hybrid,Automatic,Independent dealer,3,70273,102,4,True,56,17930
CAR-02789,2025-06-21,DE,Audi,Q5,Petrol,Manual,Franchise dealer,2,28592,177,2,True,73,47030
CAR-02634,2025-06-21,AT,Mercedes-Benz,C-Class,Petrol,Automatic,Independent dealer,13,255196,137,5,True,44,5640
CAR-01131,2025-06-21,DE,Mercedes-Benz,C-Class,Diesel,Automatic,Independent dealer,1,25397,155,1,True,61,40460
CAR-03549,2025-06-21,AT,Skoda,Karoq,Diesel,Automatic,Independent dealer,10,181945,142,4,True,63,5710
CAR-03731,2025-06-21,NL,Skoda,Superb,Diesel,Automatic,Franchise dealer,2,47473,162,1,True,87,27910
CAR-04621,2025-06-22,DE,Skoda,Superb,Diesel,Automatic,Franchise dealer,4,100383,149,1,False,77,13840
CAR-01389,2025-06-22,AT,BMW,X3,Hybrid,Automatic,Franchise dealer,3,52743,143,2,True,16,31220
CAR-03571,2025-06-23,DE,BMW,X1,Petrol,Automatic,Private,6,79647,94,3,True,33,8940
CAR-02618,2025-06-23,DE,Volkswagen,Golf,Diesel,Manual,Franchise dealer,4,65898,146,2,True,45,11660
CAR-01509,2025-06-23,DE,Volkswagen,Golf,Petrol,Automatic,Independent dealer,0,15362,176,1,True,35,40580
CAR-01687,2025-06-23,DE,Mercedes-Benz,E-Class,Petrol,Automatic,Franchise dealer,5,74570,150,3,True,129,23640
CAR-00488,2025-06-23,AT,Mercedes-Benz,EQE,Diesel,Automatic,Independent dealer,8,106548,165,3,True,21,12490
CAR-00425,2025-06-23,DE,Volkswagen,ID.4,Diesel,Automatic,Franchise dealer,2,15798,133,2,True,36,34190
CAR-04770,2025-06-23,DE,Volkswagen,Passat,Petrol,Automatic,Franchise dealer,2,57825,162,2,True,37,26340
CAR-04120,2025-06-23,DE,Skoda,Karoq,Hybrid,Automatic,Franchise dealer,10,166262,135,5,True,76,5610
CAR-04533,2025-06-23,DE,Mercedes-Benz,C-Class,Petrol,Automatic,Franchise dealer,3,25355,173,1,True,9,31290
CAR-03258,2025-06-24,DE,Mercedes-Benz,C-Class,Petrol,Automatic,Independent dealer,5,66908,194,1,True,53,18830
CAR-04409,2025-06-24,NL,BMW,X3,Petrol,Automatic,Franchise dealer,6,93148,170,3,True,79,18870
CAR-02153,2025-06-24,DE,Volkswagen,ID.3,Electric,Automatic,Independent dealer,5,103100,134,2,True,30,11690
CAR-01928,2025-06-24,DE,BMW,i4,Hybrid,Automatic,Franchise dealer,3,73934,148,1,True,26,34970
CAR-01761,2025-06-24,DE,BMW,5 Series,Diesel,Automatic,Independent dealer,5,65524,208,4,True,66,23510
CAR-01757,2025-06-24,DE,Skoda,Kodiaq,Petrol,Automatic,Independent dealer,4,83933,191,3,False,26,15620
CAR-01515,2025-06-24,DE,Audi,Q3,Diesel,Automatic,Private,5,118970,152,3,True,56,12590
CAR-01021,2025-06-25,DE,Volkswagen,Golf,Petrol,Automatic,Franchise dealer,4,66653,136,2,True,83,12740
CAR-00895,2025-06-25,NL,Skoda,Superb,Diesel,Automatic,Franchise dealer,5,83719,92,1,True,21,15270
CAR-04520,2025-06-25,DE,BMW,X3,Electric,Automatic,Franchise dealer,6,130100,149,2,True,32,14000
CAR-02054,2025-06-25,DE,Audi,Q5,Hybrid,Automatic,Private,6,84656,181,3,True,45,17280
CAR-02753,2025-06-25,AT,BMW,5 Series,Diesel,Automatic,Independent dealer,3,59315,182,1,True,37,33110
CAR-01539,2025-06-25,DE,Mercedes-Benz,GLA,Petrol,Automatic,Independent dealer,0,16449,145,1,True,50,47410
CAR-03916,2025-06-25,AT,Mercedes-Benz,A-Class,Hybrid,Automatic,Independent dealer,1,21424,130,1,True,89,33410
CAR-04204,2025-06-26,DE,Volkswagen,ID.4,Petrol,Automatic,Independent dealer,6,112225,166,2,True,30,13970
CAR-03102,2025-06-26,DE,Skoda,Superb,Hybrid,Automatic,Franchise dealer,1,25204,115,1,True,8,43490
CAR-04031,2025-06-26,DE,Audi,e-tron,Petrol,Manual,Private,1,24202,125,1,True,34,46380
CAR-00786,2025-06-27,NL,Volkswagen,Golf,Diesel,Automatic,Independent dealer,9,122268,126,4,True,39,5830
CAR-02448,2025-06-27,DE,Mercedes-Benz,E-Class,Petrol,Automatic,Franchise dealer,2,33032,116,1,True,29,47160
CAR-00930,2025-06-27,DE,Audi,A4,Hybrid,Automatic,Franchise dealer,7,85205,157,3,True,17,11290
CAR-03840,2025-06-27,AT,Volkswagen,ID.3,Diesel,Automatic,Independent dealer,6,41093,138,2,True,25,14730
CAR-00042,2025-06-28,DE,Volkswagen,Passat,Diesel,Manual,Independent dealer,4,63512,104,2,True,58,15440
CAR-01827,2025-06-28,NL,Mercedes-Benz,C-Class,Petrol,Automatic,Franchise dealer,12,162551,105,3,True,12,5270
CAR-04907,2025-06-28,DE,BMW,X3,Hybrid,Automatic,Franchise dealer,6,101429,156,3,True,15,16910
CAR-00431,2025-06-28,DE,Volkswagen,Tiguan,Hybrid,Manual,Independent dealer,6,94548,136,2,True,50,10680
CAR-04639,2025-06-28,DE,Audi,A4,Petrol,Manual,Franchise dealer,3,80562,196,1,True,30,22010
CAR-02201,2025-06-28,DE,Skoda,Karoq,Petrol,Manual,Independent dealer,3,54237,193,3,True,67,18150
CAR-02156,2025-06-28,NL,BMW,i4,Electric,Manual,Franchise dealer,5,64504,141,1,True,49,21890
CAR-02640,2025-06-28,DE,Volkswagen,ID.4,Petrol,Automatic,Independent dealer,2,54073,201,2,True,23,29000
CAR-00062,2025-06-28,DE,Mercedes-Benz,EQE,Diesel,Manual,Franchise dealer,3,25420,84,3,True,29,33390
CAR-04740,2025-06-29,DE,BMW,X1,Diesel,Automatic,Franchise dealer,5,96512,77,2,True,1,9890
CAR-01435,2025-06-29,DE,Skoda,Enyaq,Electric,Manual,Franchise dealer,4,72370,88,2,True,63,17680
CAR-03276,2025-06-29,NL,Mercedes-Benz,C-Class,Diesel,Manual,Franchise dealer,3,57540,99,1,True,36,22340
CAR-00950,2025-06-29,DE,Mercedes-Benz,A-Class,Petrol,Automatic,Independent dealer,3,52786,171,2,False,45,17820
CAR-02895,2025-06-29,DE,BMW,X1,Electric,Automatic,Franchise dealer,6,123690,171,2,True,53,12030
CAR-04836,2025-06-30,DE,BMW,X3,Hybrid,Manual,Franchise dealer,8,132511,199,4,False,36,8970
CAR-03350,2025-06-30,DE,BMW,3 Series,Petrol,Manual,Independent dealer,6,64778,118,3,False,52,8970
CAR-03968,2025-06-30,DE,Mercedes-Benz,EQE,Petrol,Manual,Independent dealer,6,130147,197,3,True,36,16520
CAR-04724,2025-07-01,DE,BMW,X3,Hybrid,Automatic,Private,2,52395,159,2,True,32,38290
CAR-01624,2025-07-01,DE,Audi,Q5,Petrol,Automatic,Independent dealer,3,50905,197,2,True,99,31610
CAR-02456,2025-07-01,DE,Volkswagen,Passat,Diesel,Automatic,Private,9,182528,166,3,True,52,5960
CAR-00793,2025-07-01,AT,BMW,5 Series,Hybrid,Automatic,Independent dealer,6,110508,120,3,True,20,14990
CAR-03876,2025-07-01,DE,BMW,X3,Electric,Manual,Franchise dealer,2,37875,96,1,True,20,38440
CAR-03959,2025-07-02,DE,Audi,Q5,Diesel,Automatic,Independent dealer,7,148028,188,3,True,38,10450
CAR-03432,2025-07-02,DE,Skoda,Kodiaq,Petrol,Automatic,Franchise dealer,2,15562,183,1,True,71,34190
CAR-00440,2025-07-02,DE,Skoda,Karoq,Diesel,Automatic,Private,2,43586,130,1,True,129,17780
CAR-03132,2025-07-02,DE,BMW,X3,Petrol,Manual,Franchise dealer,2,28629,194,1,True,124,48090
CAR-04067,2025-07-02,DE,Volkswagen,Golf,Electric,Automatic,Franchise dealer,1,31522,181,2,True,64,24860
CAR-01552,2025-07-02,DE,Audi,Q5,Hybrid,Automatic,Independent dealer,4,79340,184,1,True,37,22430
CAR-00675,2025-07-02,DE,Audi,Q5,Diesel,Automatic,Franchise dealer,4,61791,141,2,True,61,27990
CAR-04402,2025-07-02,DE,BMW,5 Series,Hybrid,Manual,Independent dealer,7,143043,151,2,True,8,10450
CAR-02187,2025-07-02,DE,Mercedes-Benz,GLA,Petrol,Manual,Franchise dealer,11,182309,106,5,True,43,5490
CAR-04299,2025-07-02,DE,Volkswagen,ID.3,Electric,Automatic,Franchise dealer,9,191510,180,3,True,52,6090
CAR-02910,2025-07-02,DE,Volkswagen,ID.4,Petrol,Manual,Independent dealer,4,84128,200,1,True,55,20720
CAR-02086,2025-07-03,DE,Audi,e-tron,Electric,Manual,Private,4,31694,117,2,True,38,26130
CAR-03444,2025-07-03,AT,Skoda,Superb,Hybrid,Automatic,Independent dealer,3,37832,120,2,True,32,25460
CAR-04508,2025-07-03,DE,Volkswagen,ID.3,Petrol,Automatic,Independent dealer,3,52994,143,2,True,11,20880
CAR-03843,2025-07-03,NL,Volkswagen,ID.3,Hybrid,Manual,Private,3,56796,147,1,True,41,18000
CAR-02764,2025-07-03,AT,BMW,5 Series,Petrol,Automatic,Independent dealer,2,36245,142,1,True,30,34310
CAR-04281,2025-07-03,DE,Audi,Q3,Petrol,Automatic,Franchise dealer,6,146351,179,2,True,20,10420
CAR-01269,2025-07-03,DE,Mercedes-Benz,A-Class,Petrol,Automatic,Franchise dealer,11,133415,125,5,True,67,5750
CAR-03428,2025-07-03,DE,Skoda,Octavia,Diesel,Manual,Private,4,86942,167,2,True,12,10640
CAR-02667,2025-07-04,DE,BMW,X1,Diesel,Automatic,Franchise dealer,10,130659,134,5,True,44,5580
CAR-00058,2025-07-04,DE,BMW,X1,Electric,Automatic,Independent dealer,7,144855,146,3,True,37,8450
CAR-02745,2025-07-04,DE,Volkswagen,ID.4,Diesel,Automatic,Independent dealer,7,101983,102,3,True,94,9850
CAR-04330,2025-07-04,DE,BMW,3 Series,Diesel,Manual,Independent dealer,1,29874,131,1,True,4,33770
CAR-03031,2025-07-05,NL,BMW,X1,Petrol,Automatic,Independent dealer,3,43424,133,2,False,84,18600
CAR-02131,2025-07-05,DE,Volkswagen,ID.4,Petrol,Automatic,Independent dealer,8,86230,153,3,True,32,8710
CAR-03925,2025-07-05,DE,Mercedes-Benz,E-Class,Diesel,Automatic,Franchise dealer,1,20322,79,2,True,17,53520
CAR-02778,2025-07-05,DE,Audi,A4,Electric,Manual,Franchise dealer,10,213147,112,4,True,39,5390
CAR-02531,2025-07-05,DE,Volkswagen,ID.4,Petrol,Manual,Franchise dealer,2,41494,216,1,True,89,35170
CAR-02173,2025-07-05,DE,BMW,X1,Petrol,Automatic,Franchise dealer,3,55548,223,1,True,38,28340
CAR-02194,2025-07-05,DE,Mercedes-Benz,A-Class,Petrol,Manual,Independent dealer,3,75051,198,1,True,30,17220
CAR-00642,2025-07-05,DE,BMW,X3,Electric,Automatic,Independent dealer,13,238740,102,5,True,29,4970
CAR-03853,2025-07-05,DE,Audi,A4,Diesel,Automatic,Independent dealer,4,55173,127,1,True,104,19590
CAR-01781,2025-07-05,DE,Volkswagen,ID.4,Petrol,Manual,Independent dealer,2,41832,188,1,True,123,30750
CAR-01632,2025-07-05,NL,Volkswagen,Passat,Petrol,Automatic,Independent dealer,4,56996,129,1,True,33,18100
CAR-01919,2025-07-06,DE,Skoda,Superb,Diesel,Automatic,Franchise dealer,4,62977,143,2,True,32,18360
CAR-01859,2025-07-06,AT,Audi,A3,Petrol,Automatic,Franchise dealer,12,196164,126,4,True,43,5710
CAR-02221,2025-07-06,DE,Mercedes-Benz,A-Class,Hybrid,Automatic,Independent dealer,3,54394,155,2,False,42,18740
CAR-02262,2025-07-06,DE,Mercedes-Benz,C-Class,Petrol,Automatic,Private,2,29199,147,2,True,7,31990
CAR-00924,2025-07-07,DE,BMW,3 Series,Petrol,Automatic,Franchise dealer,9,136193,71,4,True,32,5690
CAR-02882,2025-07-07,DE,Mercedes-Benz,GLA,Hybrid,Automatic,Independent dealer,8,104195,204,5,True,30,9790
CAR-03192,2025-07-07,DE,Mercedes-Benz,GLA,Petrol,Automatic,Private,9,117261,84,4,True,38,5610
CAR-02704,2025-07-08,DE,Volkswagen,Golf,Petrol,Automatic,Franchise dealer,12,169220,113,5,True,23,5810
CAR-01755,2025-07-08,DE,Mercedes-Benz,A-Class,Petrol,Automatic,Franchise dealer,5,88681,216,2,True,26,14110
CAR-02965,2025-07-08,DE,Mercedes-Benz,EQE,Hybrid,Automatic,Independent dealer,3,48246,176,1,True,74,45260
CAR-01831,2025-07-09,AT,Skoda,Karoq,Diesel,Manual,Private,6,132577,155,3,True,3,7060
CAR-00020,2025-07-09,DE,Volkswagen,Passat,Petrol,Automatic,Private,2,45202,205,2,True,99,29870
CAR-03888,2025-07-09,NL,Skoda,Enyaq,Hybrid,Automatic,Independent dealer,5,73891,99,2,True,88,15940
CAR-00668,2025-07-10,DE,Audi,Q3,Electric,Automatic,Franchise dealer,5,113233,170,3,True,71,14370
CAR-01955,2025-07-10,DE,Skoda,Superb,Petrol,Automatic,Independent dealer,0,17836,148,1,True,40,43510
CAR-04515,2025-07-10,NL,Audi,e-tron,Diesel,Automatic,Franchise dealer,5,115198,210,2,True,35,20510
CAR-00439,2025-07-10,DE,Volkswagen,Golf,Diesel,Automatic,Independent dealer,9,120802,79,4,True,59,5710
CAR-01035,2025-07-11,DE,Volkswagen,Golf,Petrol,Automatic,Independent dealer,1,19017,264,1,True,89,34180
CAR-01407,2025-07-11,DE,BMW,X3,Diesel,Manual,Private,7,148173,112,2,True,96,9610
CAR-01371,2025-07-11,DE,Skoda,Octavia,Electric,Automatic,Franchise dealer,3,63310,194,2,True,66,16710
CAR-03659,2025-07-11,NL,BMW,X3,Hybrid,Automatic,Private,10,135916,175,4,True,53,6220
CAR-01049,2025-07-12,DE,Audi,A4,Hybrid,Manual,Franchise dealer,2,27569,132,2,True,59,31050
CAR-03578,2025-07-12,DE,Volkswagen,Passat,Petrol,Automatic,Franchise dealer,1,32375,124,1,False,102,28420
CAR-04655,2025-07-13,DE,Skoda,Karoq,Electric,Manual,Franchise dealer,3,61503,115,3,False,27,13280
CAR-04588,2025-07-14,NL,Volkswagen,Tiguan,Hybrid,Manual,Independent dealer,5,78222,224,2,True,22,18150
CAR-01558,2025-07-14,DE,Volkswagen,ID.4,Electric,Automatic,Independent dealer,8,117022,163,3,True,13,7550
CAR-02218,2025-07-14,DE,Skoda,Enyaq,Diesel,Automatic,Independent dealer,6,117560,115,4,True,84,9610
CAR-04676,2025-07-15,DE,BMW,3 Series,Hybrid,Automatic,Independent dealer,9,99494,182,4,True,31,7840
CAR-04900,2025-07-15,DE,Mercedes-Benz,E-Class,Electric,Manual,Private,5,62964,105,2,True,37,20420
CAR-03639,2025-07-15,DE,Mercedes-Benz,EQE,Diesel,Automatic,Independent dealer,3,39751,182,2,True,12,42910
CAR-01334,2025-07-15,DE,Skoda,Karoq,Petrol,Automatic,Independent dealer,10,191623,86,4,True,50,5140
CAR-01214,2025-07-15,DE,Audi,Q3,Electric,Manual,Franchise dealer,0,9742,172,1,True,72,50300
CAR-02694,2025-07-16,DE,Skoda,Karoq,Diesel,Automatic,Private,2,29085,193,3,True,42,26410
CAR-03886,2025-07-16,DE,Skoda,Superb,Diesel,Automatic,Franchise dealer,7,115610,177,3,True,13,7180
CAR-04101,2025-07-16,DE,Volkswagen,ID.4,Petrol,Automatic,Independent dealer,6,101163,101,3,True,62,11330
CAR-00469,2025-07-16,DE,Mercedes-Benz,GLA,Diesel,Automatic,Franchise dealer,4,85169,168,2,False,56,14980
CAR-02046,2025-07-16,NL,Mercedes-Benz,GLA,Electric,Automatic,Franchise dealer,5,91518,143,2,True,22,14950
CAR-00395,2025-07-17,DE,Mercedes-Benz,C-Class,Diesel,Automatic,Independent dealer,2,28698,118,2,False,10,24740
CAR-03125,2025-07-17,DE,BMW,3 Series,Electric,Automatic,Independent dealer,3,39491,152,2,True,32,26440
CAR-03114,2025-07-17,DE,Mercedes-Benz,GLA,Diesel,Automatic,Franchise dealer,4,82925,160,2,True,51,18270
CAR-02170,2025-07-17,AT,Audi,Q5,Petrol,Automatic,Private,3,56191,172,2,True,21,31230
CAR-03331,2025-07-17,DE,Audi,Q5,Hybrid,Automatic,Independent dealer,4,86944,181,1,False,26,22040
CAR-04464,2025-07-18,DE,BMW,X3,Petrol,Automatic,Independent dealer,1,13748,110,1,True,23,45730
CAR-02150,2025-07-18,NL,Volkswagen,Golf,Hybrid,Manual,Franchise dealer,3,44326,193,2,True,16,18220
CAR-04068,2025-07-18,NL,Skoda,Karoq,Diesel,Automatic,Independent dealer,4,90672,172,1,False,77,11750
CAR-04012,2025-07-18,DE,Skoda,Enyaq,Petrol,Manual,Franchise dealer,2,16973,89,1,True,37,25490
CAR-00781,2025-07-18,NL,Skoda,Karoq,Petrol,Automatic,Independent dealer,3,55021,199,2,True,52,18770
CAR-03729,2025-07-18,NL,Volkswagen,Tiguan,Hybrid,Automatic,Independent dealer,2,22006,138,1,True,70,36780
CAR-01097,2025-07-18,AT,Volkswagen,ID.3,Petrol,Automatic,Independent dealer,1,21543,104,1,True,45,36000
CAR-02273,2025-07-19,DE,Volkswagen,ID.4,Petrol,Manual,Franchise dealer,3,76229,118,1,True,46,20580
CAR-04846,2025-07-19,DE,BMW,X3,Diesel,Automatic,Private,2,24801,199,1,False,6,35880
CAR-02760,2025-07-19,NL,Volkswagen,Tiguan,Petrol,Manual,Franchise dealer,4,71491,201,2,True,39,18940
CAR-03600,2025-07-19,DE,Audi,Q3,Hybrid,Automatic,Private,6,120489,171,3,True,87,11050
CAR-01344,2025-07-20,DE,Skoda,Kodiaq,Hybrid,Manual,Franchise dealer,3,59643,144,2,True,10,25560
CAR-03478,2025-07-20,DE,Skoda,Superb,Hybrid,Manual,Franchise dealer,5,72912,159,2,True,20,14750
CAR-03089,2025-07-20,DE,Skoda,Superb,Electric,Automatic,Private,1,32206,70,1,True,35,29590
CAR-02094,2025-07-20,DE,Skoda,Karoq,Petrol,Automatic,Franchise dealer,5,55493,98,2,True,92,13210
CAR-03506,2025-07-20,NL,Mercedes-Benz,E-Class,Diesel,Manual,Independent dealer,3,13858,176,2,True,10,34900
CAR-02420,2025-07-21,DE,BMW,X1,Petrol,Automatic,Independent dealer,2,37821,125,2,True,58,27430
CAR-04232,2025-07-21,AT,Volkswagen,Tiguan,Hybrid,Manual,Franchise dealer,2,46130,116,2,True,30,27060
CAR-01246,2025-07-21,DE,Volkswagen,Golf,Hybrid,Automatic,Independent dealer,4,98713,155,1,True,34,12270
CAR-03289,2025-07-21,DE,Mercedes-Benz,GLA,Electric,Automatic,Franchise dealer,2,63868,152,1,True,5,26780
CAR-01887,2025-07-21,DE,BMW,i4,Electric,Automatic,Private,2,44907,148,1,True,30,40280
CAR-02321,2025-07-21,DE,BMW,X3,Electric,Automatic,Franchise dealer,4,115376,70,1,True,138,18320
CAR-01071,2025-07-22,DE,Volkswagen,ID.3,Hybrid,Automatic,Independent dealer,3,52221,136,3,False,37,16750
CAR-03153,2025-07-22,DE,BMW,X1,Diesel,Manual,Franchise dealer,4,92733,204,3,True,62,17220
CAR-03126,2025-07-22,AT,Mercedes-Benz,E-Class,Petrol,Automatic,Independent dealer,2,40694,110,1,True,29,43370
CAR-02279,2025-07-22,NL,Volkswagen,Tiguan,Diesel,Automatic,Private,8,138897,106,4,True,29,6040
CAR-00621,2025-07-22,DE,Mercedes-Benz,E-Class,Petrol,Automatic,Franchise dealer,4,80872,120,3,True,26,27830
CAR-04949,2025-07-22,DE,Volkswagen,Passat,Hybrid,Automatic,Franchise dealer,3,54183,205,2,True,20,27750
CAR-00763,2025-07-22,DE,BMW,X3,Petrol,Automatic,Franchise dealer,6,116748,140,1,True,39,12690
CAR-04586,2025-07-22,DE,Mercedes-Benz,GLA,Diesel,Automatic,Private,9,183862,198,4,True,40,5590
CAR-03363,2025-07-22,DE,Mercedes-Benz,EQE,Petrol,Automatic,Independent dealer,2,58483,70,1,True,11,41380
CAR-04844,2025-07-23,AT,Audi,A3,Petrol,Automatic,Franchise dealer,1,40875,157,1,True,25,34180
CAR-04829,2025-07-23,DE,Skoda,Kodiaq,Petrol,Automatic,Franchise dealer,5,99508,159,2,True,21,14050
CAR-03628,2025-07-23,DE,Volkswagen,ID.3,Hybrid,Automatic,Franchise dealer,4,93213,124,2,True,7,18380
CAR-04818,2025-07-24,DE,Mercedes-Benz,E-Class,Diesel,Manual,Independent dealer,1,19626,157,1,True,46,51740
CAR-04627,2025-07-24,DE,Audi,Q5,Petrol,Automatic,Independent dealer,3,43488,143,1,True,24,37030
CAR-02599,2025-07-24,DE,Skoda,Enyaq,Electric,Automatic,Independent dealer,5,88813,173,2,False,20,11860
CAR-03203,2025-07-24,DE,Volkswagen,Golf,Hybrid,Automatic,Independent dealer,9,144683,227,4,True,58,5620
CAR-00312,2025-07-24,DE,Audi,Q3,Electric,Automatic,Independent dealer,11,230211,167,4,True,44,5550
CAR-04297,2025-07-25,DE,Mercedes-Benz,GLA,Petrol,Automatic,Independent dealer,13,211885,76,4,False,45,5350
CAR-03520,2025-07-25,DE,Mercedes-Benz,EQE,Hybrid,Automatic,Independent dealer,4,93418,133,2,True,83,32260
CAR-01713,2025-07-25,DE,Skoda,Karoq,Petrol,Automatic,Franchise dealer,1,14503,143,2,True,180,29990
CAR-00613,2025-07-26,DE,Skoda,Enyaq,Hybrid,Automatic,Independent dealer,5,73262,182,3,True,68,19400
CAR-04262,2025-07-26,DE,Audi,Q3,Petrol,Automatic,Franchise dealer,5,66277,169,3,True,81,16860
CAR-02538,2025-07-26,DE,BMW,3 Series,Hybrid,Automatic,Franchise dealer,4,97431,143,1,True,22,17770
CAR-00585,2025-07-26,DE,Volkswagen,ID.4,Electric,Automatic,Independent dealer,3,53403,213,2,True,21,29210
CAR-02363,2025-07-26,DE,Skoda,Karoq,Electric,Automatic,Independent dealer,4,65260,178,2,True,38,17930
CAR-04160,2025-07-26,DE,Mercedes-Benz,GLA,Petrol,Automatic,Franchise dealer,7,130375,88,3,True,36,8180
CAR-01239,2025-07-26,DE,BMW,3 Series,Petrol,Automatic,Independent dealer,4,52820,153,2,False,180,17170
CAR-02040,2025-07-27,DE,Audi,Q3,Electric,Manual,Private,3,24639,158,2,False,180,20280
CAR-03010,2025-07-27,DE,Audi,A3,Petrol,Automatic,Independent dealer,8,161626,164,3,True,35,5380
CAR-00398,2025-07-27,DE,Mercedes-Benz,C-Class,Diesel,Automatic,Independent dealer,2,37414,182,1,True,62,33880
CAR-04206,2025-07-27,DE,BMW,i4,Electric,Automatic,Franchise dealer,1,39787,173,1,True,32,66660
CAR-01651,2025-07-27,DE,Audi,A3,Diesel,Automatic,Independent dealer,5,81164,131,2,True,16,11880
CAR-02601,2025-07-27,DE,Volkswagen,Passat,Diesel,Automatic,Franchise dealer,5,75169,145,3,True,150,11730
CAR-02896,2025-07-27,AT,Skoda,Octavia,Electric,Automatic,Franchise dealer,7,160191,193,2,True,44,6400
CAR-00985,2025-07-28,DE,Skoda,Superb,Electric,Manual,Independent dealer,4,82297,114,3,True,33,17150
CAR-04436,2025-07-28,AT,Volkswagen,ID.4,Petrol,Automatic,Franchise dealer,1,33731,143,2,True,24,39360
CAR-02195,2025-07-28,DE,Volkswagen,Tiguan,Petrol,Automatic,Franchise dealer,13,262690,123,5,True,87,5420
CAR-04789,2025-07-28,DE,Volkswagen,ID.4,Hybrid,Automatic,Franchise dealer,4,77449,157,2,True,31,20130
CAR-03279,2025-07-28,DE,BMW,5 Series,Petrol,Automatic,Independent dealer,4,78674,184,1,True,32,30940
CAR-02114,2025-07-28,DE,BMW,X3,Petrol,Automatic,Franchise dealer,3,71335,175,1,True,25,35870
CAR-03679,2025-07-28,DE,BMW,i4,Diesel,Automatic,Franchise dealer,7,111817,151,4,True,38,10930
CAR-04196,2025-07-29,NL,BMW,3 Series,Diesel,Automatic,Independent dealer,3,94612,114,2,True,29,17590
CAR-00527,2025-07-29,DE,Skoda,Enyaq,Diesel,Automatic,Franchise dealer,13,226362,150,5,True,84,5740
CAR-00572,2025-07-29,NL,Mercedes-Benz,A-Class,Diesel,Automatic,Private,4,81829,100,2,True,71,13540
CAR-01804,2025-07-29,NL,Volkswagen,ID.3,Hybrid,Manual,Independent dealer,8,97931,203,4,True,19,7880
CAR-01592,2025-07-29,DE,Skoda,Kodiaq,Diesel,Automatic,Franchise dealer,4,81391,154,3,True,37,18710
CAR-04181,2025-07-29,DE,BMW,X1,Hybrid,Automatic,Franchise dealer,3,63821,116,2,True,39,25250
CAR-01084,2025-07-29,DE,Skoda,Octavia,Diesel,Automatic,Independent dealer,12,86951,140,5,False,46,6090
CAR-03785,2025-07-30,DE,Skoda,Octavia,Petrol,Automatic,Independent dealer,2,46511,133,1,True,38,20370
CAR-03273,2025-07-30,DE,Volkswagen,Golf,Electric,Automatic,Franchise dealer,5,105969,148,2,True,43,10310
CAR-02422,2025-07-30,DE,Volkswagen,Tiguan,Hybrid,Automatic,Franchise dealer,1,28888,143,1,True,11,46810
CAR-00726,2025-07-30,DE,Audi,Q5,Petrol,Automatic,Franchise dealer,1,31302,130,1,True,49,60290
CAR-00852,2025-07-30,DE,Skoda,Enyaq,Diesel,Automatic,Independent dealer,10,215272,149,5,True,31,5930
CAR-00587,2025-07-31,DE,Audi,Q5,Diesel,Automatic,Franchise dealer,10,236016,153,4,True,114,5730
CAR-03251,2025-07-31,DE,Mercedes-Benz,EQE,Diesel,Automatic,Private,11,147726,86,4,True,46,6120
CAR-01521,2025-07-31,AT,Mercedes-Benz,A-Class,Hybrid,Manual,Franchise dealer,13,219624,195,5,True,28,5830
CAR-02903,2025-07-31,AT,Skoda,Superb,Petrol,Manual,Private,4,66430,107,2,True,72,14320
CAR-04762,2025-07-31,DE,Skoda,Kodiaq,Diesel,Automatic,Independent dealer,5,103041,156,2,True,24,12390
CAR-01862,2025-07-31,DE,Skoda,Kodiaq,Petrol,Manual,Franchise dealer,4,69172,111,2,False,28,13030
CAR-04286,2025-07-31,DE,Skoda,Karoq,Electric,Automatic,Independent dealer,4,100797,150,3,True,6,12530
CAR-01321,2025-07-31,NL,Mercedes-Benz,E-Class,Hybrid,Automatic,Independent dealer,2,37949,206,1,True,13,62400
CAR-04099,2025-08-01,DE,Skoda,Superb,Electric,Manual,Private,7,94212,181,3,True,98,9180
CAR-04284,2025-08-01,NL,Skoda,Superb,Diesel,Automatic,Franchise dealer,9,114821,92,3,False,55,5400
CAR-01194,2025-08-01,DE,Skoda,Octavia,Electric,Automatic,Franchise dealer,9,130971,120,3,True,32,6170
CAR-01332,2025-08-01,DE,Mercedes-Benz,EQE,Diesel,Automatic,Independent dealer,1,21225,193,1,True,31,65760
CAR-00039,2025-08-02,AT,Volkswagen,Tiguan,Petrol,Automatic,Independent dealer,5,87722,132,2,True,34,13100
CAR-03758,2025-08-02,NL,Skoda,Enyaq,Petrol,Automatic,Franchise dealer,7,90636,128,1,True,27,10220
CAR-03211,2025-08-02,DE,Volkswagen,Golf,Diesel,Automatic,Franchise dealer,4,77552,156,2,True,26,13800
CAR-03311,2025-08-02,DE,Skoda,Superb,Diesel,Manual,Franchise dealer,2,34132,174,1,True,73,28890
CAR-01193,2025-08-02,DE,Skoda,Enyaq,Petrol,Automatic,Independent dealer,1,27146,199,1,True,13,41150
CAR-03636,2025-08-02,DE,Volkswagen,Golf,Petrol,Automatic,Private,1,20688,70,1,True,47,22110
CAR-01178,2025-08-02,DE,BMW,i4,Petrol,Manual,Franchise dealer,5,86022,118,2,True,34,18140
CAR-01988,2025-08-02,DE,Skoda,Enyaq,Electric,Automatic,Franchise dealer,8,135720,70,2,False,34,5310
CAR-01416,2025-08-03,AT,Mercedes-Benz,GLA,Diesel,Manual,Franchise dealer,4,86879,163,2,True,9,18100
CAR-02182,2025-08-03,DE,Volkswagen,Golf,Petrol,Manual,Independent dealer,6,115199,164,3,True,64,5780
CAR-03496,2025-08-03,DE,Volkswagen,ID.3,Petrol,Automatic,Independent dealer,6,99188,98,3,True,59,9050
CAR-03047,2025-08-03,DE,Volkswagen,Passat,Electric,Automatic,Franchise dealer,3,60691,158,1,True,43,19420
CAR-04860,2025-08-03,AT,Mercedes-Benz,EQE,Diesel,Manual,Franchise dealer,3,77330,76,1,True,89,28940
CAR-00129,2025-08-03,DE,Mercedes-Benz,EQE,Petrol,Automatic,Private,4,89671,123,2,True,103,26010
CAR-01640,2025-08-04,DE,Volkswagen,Tiguan,Diesel,Manual,Franchise dealer,3,39859,201,2,True,46,21710
CAR-02657,2025-08-04,AT,Mercedes-Benz,E-Class,Petrol,Automatic,Franchise dealer,3,60146,114,1,True,39,33200
CAR-03635,2025-08-04,AT,BMW,3 Series,Petrol,Automatic,Independent dealer,6,140391,88,2,True,47,7070
CAR-02691,2025-08-04,DE,Audi,Q5,Diesel,Manual,Independent dealer,1,39584,132,1,True,18,37300
CAR-02439,2025-08-04,DE,Volkswagen,Tiguan,Electric,Automatic,Independent dealer,2,35594,130,2,True,76,29630
CAR-00736,2025-08-04,DE,BMW,3 Series,Hybrid,Automatic,Franchise dealer,9,211072,138,4,True,81,5930
CAR-02726,2025-08-04,AT,Volkswagen,Tiguan,Diesel,Automatic,Franchise dealer,1,31577,149,1,False,34,29990
CAR-04640,2025-08-05,DE,BMW,5 Series,Petrol,Automatic,Franchise dealer,4,47194,70,2,True,66,21810
CAR-02018,2025-08-05,DE,Volkswagen,Golf,Hybrid,Automatic,Independent dealer,1,30548,186,1,True,59,30040
CAR-01936,2025-08-05,NL,Mercedes-Benz,C-Class,Petrol,Automatic,Private,7,124316,125,3,True,90,7260
CAR-01145,2025-08-05,DE,Audi,Q3,Electric,Manual,Private,5,106791,127,3,True,28,10890
CAR-02370,2025-08-05,DE,Mercedes-Benz,A-Class,Petrol,Automatic,Franchise dealer,0,12063,137,1,True,37,39800
CAR-00649,2025-08-05,DE,BMW,3 Series,Diesel,Automatic,Franchise dealer,2,42270,121,1,True,36,25390
CAR-03726,2025-08-05,DE,Skoda,Octavia,Petrol,Manual,Franchise dealer,11,167149,207,4,True,43,5830
CAR-02342,2025-08-06,DE,Volkswagen,Passat,Petrol,Automatic,Franchise dealer,1,8513,192,1,True,30,42890
CAR-04616,2025-08-06,DE,BMW,X3,Hybrid,Automatic,Private,6,122195,105,2,True,34,12710
CAR-00655,2025-08-06,DE,Audi,e-tron,Petrol,Automatic,Franchise dealer,5,87963,100,2,True,21,24320
CAR-04288,2025-08-06,DE,Skoda,Kodiaq,Petrol,Automatic,Independent dealer,4,57654,111,2,True,56,17910
CAR-03918,2025-08-06,DE,Volkswagen,Passat,Hybrid,Automatic,Independent dealer,7,90082,127,2,True,59,9230
CAR-00471,2025-08-06,DE,Mercedes-Benz,GLA,Diesel,Automatic,Franchise dealer,10,142121,125,5,True,14,5260
CAR-04602,2025-08-06,DE,Skoda,Kodiaq,Diesel,Automatic,Franchise dealer,13,200519,167,5,True,41,5770
CAR-04407,2025-08-07,NL,Audi,e-tron,Diesel,Automatic,Franchise dealer,4,74536,215,1,True,30,32600
CAR-01625,2025-08-07,DE,Volkswagen,ID.3,Electric,Manual,Franchise dealer,1,21036,103,1,True,24,31460
CAR-00946,2025-08-07,DE,Volkswagen,ID.3,Electric,Automatic,Independent dealer,4,67737,156,1,True,53,18510
CAR-02746,2025-08-08,NL,BMW,5 Series,Electric,Automatic,Independent dealer,5,112649,124,2,True,62,17220
CAR-02440,2025-08-08,DE,Skoda,Karoq,Diesel,Automatic,Franchise dealer,4,65191,164,2,True,38,15870
CAR-04363,2025-08-08,DE,Skoda,Karoq,Diesel,Manual,Franchise dealer,9,73794,143,3,True,17,5790
CAR-03844,2025-08-08,DE,Skoda,Karoq,Hybrid,Manual,Independent dealer,4,54741,187,3,False,37,13460
CAR-01810,2025-08-08,DE,Audi,A4,Hybrid,Automatic,Independent dealer,4,78663,137,2,True,23,19490
CAR-00233,2025-08-08,DE,Mercedes-Benz,GLA,Electric,Automatic,Independent dealer,3,74931,127,3,True,26,18600
CAR-04227,2025-08-08,DE,BMW,X1,Electric,Manual,Franchise dealer,5,83568,95,3,True,18,14550
CAR-04003,2025-08-08,DE,Audi,e-tron,Electric,Automatic,Independent dealer,2,44599,156,1,True,42,50800
CAR-01197,2025-08-08,DE,Volkswagen,Tiguan,Electric,Automatic,Independent dealer,4,51794,96,2,True,13,20330
CAR-03846,2025-08-09,DE,Volkswagen,Tiguan,Electric,Automatic,Franchise dealer,5,57088,146,2,True,25,16630
CAR-04918,2025-08-09,AT,Skoda,Superb,Hybrid,Automatic,Independent dealer,5,65729,148,3,True,48,15470
CAR-00922,2025-08-09,DE,Volkswagen,ID.3,Electric,Automatic,Franchise dealer,3,46647,159,2,True,28,25800
CAR-00246,2025-08-10,DE,Volkswagen,Passat,Petrol,Automatic,Independent dealer,2,42402,138,2,True,4,26050
CAR-03456,2025-08-10,DE,Skoda,Octavia,Diesel,Automatic,Franchise dealer,2,59166,135,2,False,17,16840
CAR-01652,2025-08-10,NL,Audi,Q3,Petrol,Automatic,Private,2,49596,139,1,True,61,27810
CAR-02578,2025-08-10,DE,BMW,5 Series,Diesel,Automatic,Franchise dealer,1,25485,190,1,False,5,46060
CAR-03524,2025-08-10,DE,Mercedes-Benz,E-Class,Electric,Automatic,Franchise dealer,6,89605,156,2,True,78,19830
CAR-04454,2025-08-10,DE,Mercedes-Benz,C-Class,Electric,Automatic,Independent dealer,6,88428,171,2,True,120,12840
CAR-04715,2025-08-10,DE,BMW,3 Series,Diesel,Automatic,Independent dealer,12,159388,123,5,True,51,5340
CAR-01803,2025-08-10,DE,Volkswagen,Golf,Diesel,Manual,Private,5,114833,195,4,True,62,8180
CAR-00307,2025-08-10,NL,Volkswagen,Passat,Petrol,Automatic,Private,6,117152,186,2,True,44,10530
CAR-02996,2025-08-10,NL,Volkswagen,Golf,Diesel,Automatic,Franchise dealer,5,84483,168,2,True,13,9550
CAR-01074,2025-08-11,DE,Skoda,Superb,Hybrid,Automatic,Independent dealer,3,36469,190,2,True,96,27100
CAR-00121,2025-08-11,DE,Volkswagen,Golf,Diesel,Automatic,Franchise dealer,3,67744,224,2,True,58,16250
CAR-04560,2025-08-11,DE,Skoda,Octavia,Diesel,Automatic,Independent dealer,6,89847,123,3,True,43,7340
CAR-02937,2025-08-11,DE,BMW,i4,Diesel,Manual,Franchise dealer,4,74661,140,2,True,36,22020
CAR-00396,2025-08-11,DE,Volkswagen,ID.3,Diesel,Automatic,Private,7,130076,163,2,True,55,7120
CAR-03800,2025-08-11,AT,BMW,X1,Diesel,Automatic,Franchise dealer,1,30399,150,1,True,69,36050
CAR-00074,2025-08-11,AT,BMW,X3,Petrol,Automatic,Franchise dealer,1,37840,142,1,True,68,49170
CAR-01611,2025-08-11,DE,Volkswagen,ID.3,Diesel,Manual,Independent dealer,2,41286,112,2,True,17,22980
CAR-04523,2025-08-12,AT,Skoda,Enyaq,Petrol,Manual,Private,3,52942,136,1,True,23,25380
CAR-04847,2025-08-12,DE,Volkswagen,Tiguan,Hybrid,Manual,Independent dealer,3,39902,99,2,False,46,17130
CAR-00835,2025-08-13,DE,Mercedes-Benz,EQE,Petrol,Automatic,Franchise dealer,1,9661,119,1,True,55,73900
CAR-04827,2025-08-13,DE,Audi,Q3,Diesel,Automatic,Franchise dealer,5,90821,112,2,True,51,13760
CAR-02490,2025-08-13,AT,Skoda,Karoq,Petrol,Automatic,Independent dealer,2,28799,150,1,True,34,22380
CAR-00422,2025-08-13,DE,BMW,i4,Hybrid,Automatic,Franchise dealer,2,37816,126,1,True,22,42760
CAR-00534,2025-08-13,NL,BMW,i4,Petrol,Automatic,Franchise dealer,2,26616,89,1,True,51,40160
CAR-04604,2025-08-13,DE,Volkswagen,Golf,Petrol,Manual,Independent dealer,7,146828,165,3,True,60,5770
CAR-04578,2025-08-14,DE,Mercedes-Benz,EQE,Hybrid,Manual,Franchise dealer,4,74776,184,2,True,86,30740
CAR-01627,2025-08-14,DE,BMW,X3,Petrol,Automatic,Independent dealer,2,50581,204,1,True,55,35620
CAR-04622,2025-08-14,NL,Volkswagen,Tiguan,Electric,Manual,Franchise dealer,6,75798,143,3,True,27,11300
CAR-02374,2025-08-14,AT,Audi,A3,Hybrid,Manual,Independent dealer,2,44712,163,2,True,56,25540
CAR-01393,2025-08-14,DE,BMW,3 Series,Electric,Automatic,Private,1,31184,89,1,True,55,33230
CAR-00189,2025-08-15,DE,Audi,e-tron,Petrol,Automatic,Independent dealer,9,131175,129,4,True,27,8260
CAR-00369,2025-08-15,DE,Skoda,Octavia,Hybrid,Automatic,Independent dealer,6,132440,173,3,True,7,6850
CAR-01301,2025-08-15,DE,Mercedes-Benz,EQE,Diesel,Automatic,Independent dealer,1,1500,128,1,True,89,72790
CAR-00564,2025-08-15,DE,Volkswagen,ID.4,Petrol,Automatic,Franchise dealer,2,30096,135,2,True,33,31660
CAR-04366,2025-08-16,DE,Mercedes-Benz,C-Class,Diesel,Automatic,Franchise dealer,4,53643,180,1,False,44,18810
CAR-02499,2025-08-16,DE,Mercedes-Benz,C-Class,Hybrid,Automatic,Independent dealer,5,115332,108,2,False,14,12400
CAR-00590,2025-08-16,AT,Skoda,Enyaq,Hybrid,Automatic,Franchise dealer,2,48970,125,1,True,23,33660
CAR-03740,2025-08-17,DE,BMW,X1,Petrol,Automatic,Independent dealer,9,137177,102,4,True,81,5950
CAR-04780,2025-08-17,DE,Audi,e-tron,Electric,Automatic,Franchise dealer,3,75629,123,3,True,49,33620
CAR-03909,2025-08-17,DE,Volkswagen,ID.3,Diesel,Automatic,Franchise dealer,5,82319,189,3,False,23,12280
CAR-02543,2025-08-17,DE,Audi,A4,Petrol,Manual,Franchise dealer,5,84146,186,2,True,53,14390
CAR-01630,2025-08-17,NL,Mercedes-Benz,GLA,Diesel,Automatic,Private,8,137470,181,4,True,101,6530
CAR-00653,2025-08-17,DE,Audi,Q5,Electric,Automatic,Private,2,51604,144,1,True,49,42560
CAR-02604,2025-08-17,DE,BMW,i4,Petrol,Automatic,Independent dealer,5,116998,163,3,True,32,20710
CAR-01460,2025-08-17,DE,Volkswagen,Golf,Petrol,Automatic,Franchise dealer,2,44995,173,3,True,61,19970
CAR-02095,2025-08-17,DE,Audi,A3,Petrol,Automatic,Franchise dealer,4,54092,206,3,False,84,15450
CAR-02392,2025-08-17,DE,Audi,Q3,Petrol,Automatic,Franchise dealer,3,51071,94,1,True,32,23390
CAR-04524,2025-08-18,DE,Volkswagen,ID.4,Petrol,Automatic,Franchise dealer,1,29011,212,1,True,21,38680
CAR-01747,2025-08-18,DE,Mercedes-Benz,A-Class,Diesel,Automatic,Franchise dealer,3,22887,116,1,True,43,17980
CAR-02763,2025-08-18,DE,Audi,e-tron,Electric,Manual,Franchise dealer,2,30518,149,1,True,55,48420
CAR-02992,2025-08-18,DE,Audi,Q5,Petrol,Automatic,Private,5,98585,137,3,True,82,18020
CAR-04750,2025-08-18,DE,BMW,X3,Hybrid,Automatic,Independent dealer,6,104361,141,1,True,56,17100
CAR-04151,2025-08-18,NL,Mercedes-Benz,E-Class,Diesel,Automatic,Franchise dealer,1,42353,102,1,True,71,47160
CAR-00608,2025-08-18,AT,Volkswagen,Golf,Petrol,Automatic,Independent dealer,7,131015,155,3,True,55,6300
CAR-01144,2025-08-19,DE,Audi,Q5,Petrol,Automatic,Independent dealer,8,134185,133,4,True,95,8060
CAR-02994,2025-08-19,DE,Mercedes-Benz,C-Class,Petrol,Automatic,Franchise dealer,1,20118,126,1,True,104,39640
CAR-01257,2025-08-19,NL,Volkswagen,Golf,Hybrid,Manual,Private,3,65132,115,2,True,40,11530
CAR-03845,2025-08-19,DE,Mercedes-Benz,E-Class,Petrol,Manual,Private,2,38542,199,1,False,17,33930
CAR-03055,2025-08-19,AT,Mercedes-Benz,A-Class,Petrol,Automatic,Independent dealer,5,72834,204,2,True,30,16200
CAR-01906,2025-08-19,DE,Mercedes-Benz,EQE,Hybrid,Automatic,Franchise dealer,8,169763,102,3,True,82,10170
CAR-01220,2025-08-20,DE,BMW,X3,Petrol,Automatic,Independent dealer,1,26470,174,1,True,74,53690
CAR-00484,2025-08-20,DE,BMW,3 Series,Hybrid,Automatic,Franchise dealer,3,53235,124,2,True,110,22020
CAR-04923,2025-08-20,DE,Skoda,Karoq,Hybrid,Automatic,Franchise dealer,2,38612,163,1,True,26,27270
CAR-02977,2025-08-20,DE,Volkswagen,Golf,Diesel,Manual,Independent dealer,4,72200,152,2,True,80,12080
CAR-02084,2025-08-20,DE,Volkswagen,ID.3,Electric,Automatic,Franchise dealer,11,172223,104,4,True,65,5890
CAR-01102,2025-08-20,DE,Volkswagen,ID.4,Petrol,Automatic,Franchise dealer,2,28654,155,2,True,36,35700
CAR-03655,2025-08-21,DE,BMW,i4,Petrol,Automatic,Franchise dealer,2,37852,186,1,True,20,47140
CAR-03858,2025-08-21,NL,Volkswagen,Golf,Electric,Automatic,Franchise dealer,5,81362,193,2,True,53,10460
CAR-00516,2025-08-22,AT,Audi,e-tron,Hybrid,Automatic,Independent dealer,12,237130,216,5,True,71,5060
CAR-00177,2025-08-22,AT,Skoda,Enyaq,Petrol,Automatic,Franchise dealer,3,52978,155,1,True,69,24900
CAR-02954,2025-08-22,DE,Mercedes-Benz,C-Class,Petrol,Automatic,Franchise dealer,3,37849,192,2,True,34,25630
CAR-02360,2025-08-22,DE,Volkswagen,Golf,Diesel,Manual,Private,11,113598,208,4,True,14,6040
CAR-03275,2025-08-23,DE,Volkswagen,ID.3,Hybrid,Automatic,Franchise dealer,7,57583,128,5,True,36,10350
CAR-01619,2025-08-23,DE,BMW,X3,Diesel,Automatic,Private,4,59710,120,1,True,23,22330
CAR-03604,2025-08-23,DE,Skoda,Superb,Petrol,Automatic,Private,4,56014,94,3,True,29,16290
CAR-02145,2025-08-23,DE,Skoda,Octavia,Diesel,Automatic,Franchise dealer,5,66608,180,2,True,49,10850
CAR-02118,2025-08-23,DE,BMW,3 Series,Petrol,Automatic,Private,6,98213,186,2,True,8,10190
CAR-03652,2025-08-23,DE,Audi,Q5,Electric,Automatic,Franchise dealer,5,94160,168,3,True,51,20190
CAR-03788,2025-08-24,DE,Audi,A4,Petrol,Automatic,Independent dealer,5,108082,163,1,True,12,14400
CAR-00644,2025-08-24,AT,Volkswagen,ID.4,Petrol,Manual,Independent dealer,4,55206,161,1,True,73,22360
CAR-00769,2025-08-24,DE,Volkswagen,Passat,Diesel,Manual,Franchise dealer,2,49551,125,1,True,35,24050
CAR-00877,2025-08-24,DE,Audi,e-tron,Electric,Automatic,Franchise dealer,3,64130,100,1,True,18,30380
CAR-04421,2025-08-24,DE,BMW,X1,Petrol,Automatic,Independent dealer,2,60333,162,1,False,30,21730
CAR-01719,2025-08-25,DE,Volkswagen,Passat,Petrol,Manual,Private,8,122408,190,5,True,14,5970
CAR-00941,2025-08-25,DE,Volkswagen,ID.3,Electric,Automatic,Private,2,34532,179,2,True,50,26330
CAR-01792,2025-08-25,DE,BMW,5 Series,Electric,Automatic,Private,5,74172,182,2,True,61,22380
CAR-00090,2025-08-26,DE,BMW,3 Series,Petrol,Automatic,Franchise dealer,8,131021,184,3,True,61,7170
CAR-04751,2025-08-26,DE,Mercedes-Benz,A-Class,Diesel,Automatic,Independent dealer,6,124915,70,3,False,45,5740
CAR-02862,2025-08-26,DE,Audi,Q3,Diesel,Automatic,Private,5,44984,136,1,True,42,14940
CAR-03069,2025-08-26,DE,Mercedes-Benz,E-Class,Petrol,Automatic,Independent dealer,9,105265,105,3,True,34,9030
CAR-02416,2025-08-26,AT,Audi,e-tron,Petrol,Automatic,Independent dealer,3,46597,156,2,True,63,38620
CAR-03214,2025-08-26,DE,BMW,3 Series,Hybrid,Automatic,Independent dealer,7,126149,141,3,True,30,9020
CAR-04016,2025-08-26,AT,Audi,A4,Hybrid,Automatic,Franchise dealer,3,60013,145,2,True,64,25590
CAR-01918,2025-08-26,DE,Mercedes-Benz,C-Class,Petrol,Manual,Franchise dealer,1,35018,125,1,True,35,38810
CAR-00848,2025-08-26,DE,BMW,i4,Diesel,Automatic,Independent dealer,9,107978,184,4,True,66,8220
CAR-02986,2025-08-26,DE,BMW,X1,Electric,Automatic,Independent dealer,13,197160,189,4,True,33,5820
CAR-03827,2025-08-27,DE,Audi,Q5,Electric,Manual,Franchise dealer,7,78540,167,3,True,25,15480
CAR-01658,2025-08-27,DE,Audi,Q3,Diesel,Manual,Private,7,151918,166,3,False,4,5310
CAR-02329,2025-08-27,DE,Mercedes-Benz,EQE,Electric,Automatic,Private,7,77655,187,3,True,14,17010
CAR-03317,2025-08-27,DE,BMW,X3,Hybrid,Automatic,Franchise dealer,11,215151,108,4,True,33,5760
CAR-03388,2025-08-27,DE,Mercedes-Benz,C-Class,Diesel,Manual,Private,6,106880,94,2,True,23,7860
CAR-02891,2025-08-27,NL,Skoda,Octavia,Diesel,Automatic,Private,10,189358,148,4,True,95,5380
CAR-00443,2025-08-27,DE,BMW,X1,Diesel,Manual,Independent dealer,6,63441,95,3,True,72,10370
CAR-02254,2025-08-28,AT,Skoda,Enyaq,Diesel,Automatic,Franchise dealer,3,57197,70,2,True,14,21470
CAR-02299,2025-08-28,DE,Volkswagen,ID.3,Petrol,Automatic,Franchise dealer,3,88358,152,2,True,15,19430
CAR-00683,2025-08-28,DE,Mercedes-Benz,A-Class,Petrol,Manual,Franchise dealer,2,40144,178,2,True,27,23980
CAR-00444,2025-08-28,DE,Audi,e-tron,Diesel,Automatic,Private,1,27014,162,1,True,24,53960
CAR-02362,2025-08-28,DE,Mercedes-Benz,EQE,Petrol,Manual,Independent dealer,4,48531,162,2,True,13,28860
CAR-04815,2025-08-29,DE,BMW,X1,Petrol,Automatic,Independent dealer,4,81582,70,2,True,48,14270
CAR-03455,2025-08-29,DE,Volkswagen,Passat,Diesel,Automatic,Independent dealer,10,255560,223,4,True,47,5540
CAR-00856,2025-08-29,DE,Volkswagen,ID.3,Diesel,Automatic,Private,6,144738,155,3,True,17,7560
CAR-00785,2025-08-29,DE,Audi,e-tron,Petrol,Manual,Independent dealer,9,121069,108,3,True,23,7260
CAR-04761,2025-08-29,DE,Mercedes-Benz,C-Class,Petrol,Automatic,Franchise dealer,4,55740,193,1,True,123,30370
CAR-03375,2025-08-30,DE,Mercedes-Benz,EQE,Diesel,Automatic,Private,3,67858,117,1,False,20,24900
CAR-01820,2025-08-30,NL,Skoda,Kodiaq,Hybrid,Automatic,Independent dealer,4,60445,151,2,True,8,21420
CAR-00869,2025-08-30,DE,BMW,X3,Hybrid,Automatic,Independent dealer,7,154444,128,2,True,97,11120
CAR-03975,2025-08-31,DE,BMW,3 Series,Diesel,Manual,Franchise dealer,4,78018,195,3,True,58,14490
CAR-00210,2025-08-31,DE,Volkswagen,Passat,Diesel,Automatic,Independent dealer,6,109813,120,5,True,62,8980
CAR-04246,2025-08-31,DE,Skoda,Karoq,Petrol,Automatic,Private,1,30169,194,2,False,13,26050
CAR-04922,2025-08-31,DE,Audi,A3,Diesel,Manual,Independent dealer,5,83602,208,3,True,62,11440
CAR-00692,2025-09-01,DE,Audi,Q5,Diesel,Manual,Independent dealer,3,61150,125,2,True,44,25150
CAR-03605,2025-09-02,DE,BMW,X1,Electric,Automatic,Private,13,235418,144,5,True,32,5620
CAR-03234,2025-09-02,DE,BMW,3 Series,Petrol,Automatic,Franchise dealer,2,57751,168,3,True,93,30660
CAR-01358,2025-09-02,DE,Volkswagen,Passat,Electric,Automatic,Franchise dealer,8,142811,125,4,True,15,6570
CAR-00926,2025-09-02,AT,BMW,X3,Hybrid,Automatic,Franchise dealer,3,66339,222,1,True,18,45430
CAR-00067,2025-09-03,DE,Audi,Q3,Diesel,Automatic,Independent dealer,2,15595,182,2,True,31,30450
CAR-02612,2025-09-03,DE,Mercedes-Benz,A-Class,Hybrid,Automatic,Franchise dealer,8,113621,101,3,True,25,6740
CAR-02871,2025-09-03,DE,Mercedes-Benz,C-Class,Petrol,Automatic,Franchise dealer,3,45431,117,3,True,33,23950
CAR-01367,2025-09-03,DE,BMW,X1,Petrol,Automatic,Franchise dealer,5,115933,114,2,True,53,12100
CAR-01366,2025-09-03,DE,BMW,X3,Electric,Automatic,Private,13,273310,188,5,True,25,5610
CAR-02527,2025-09-03,DE,Skoda,Kodiaq,Hybrid,Automatic,Private,5,89594,174,2,True,58,15590
CAR-00609,2025-09-03,DE,Mercedes-Benz,A-Class,Petrol,Automatic,Independent dealer,3,60122,163,3,True,80,21370
CAR-04055,2025-09-03,NL,Volkswagen,Passat,Hybrid,Automatic,Private,12,171599,150,4,True,50,5250
CAR-02786,2025-09-04,DE,Volkswagen,Golf,Diesel,Automatic,Private,11,198881,144,3,True,37,5820
CAR-03676,2025-09-04,DE,Audi,A4,Diesel,Automatic,Franchise dealer,13,201963,107,5,False,14,5920
CAR-00052,2025-09-04,DE,Volkswagen,ID.3,Petrol,Automatic,Franchise dealer,4,64582,137,2,True,8,16220
CAR-00495,2025-09-04,DE,Mercedes-Benz,C-Class,Electric,Automatic,Independent dealer,3,76295,153,1,True,17,26310
CAR-01868,2025-09-04,DE,Mercedes-Benz,A-Class,Hybrid,Automatic,Independent dealer,11,183855,173,5,True,51,5860
CAR-04788,2025-09-05,DE,BMW,i4,Petrol,Automatic,Independent dealer,3,49560,136,3,True,27,36550
CAR-01633,2025-09-06,DE,Volkswagen,Passat,Diesel,Automatic,Independent dealer,8,114991,118,3,True,25,6110
CAR-01347,2025-09-06,DE,Audi,Q3,Diesel,Manual,Private,6,80317,119,3,True,72,9520
CAR-01780,2025-09-06,DE,BMW,3 Series,Electric,Automatic,Franchise dealer,3,24846,114,2,True,31,23470
CAR-00680,2025-09-07,DE,BMW,i4,Hybrid,Automatic,Private,13,309700,134,5,True,28,6090
CAR-03025,2025-09-07,DE,BMW,3 Series,Diesel,Automatic,Independent dealer,5,56893,107,3,True,30,13590
CAR-03112,2025-09-07,DE,Volkswagen,Tiguan,Diesel,Manual,Independent dealer,3,39932,128,2,True,39,21090
CAR-03772,2025-09-07,DE,Volkswagen,ID.4,Petrol,Manual,Franchise dealer,4,69329,155,3,True,21,19030
CAR-02512,2025-09-07,DE,BMW,i4,Hybrid,Automatic,Franchise dealer,5,93635,143,2,True,48,21470
CAR-04370,2025-09-07,DE,Audi,A3,Hybrid,Manual,Independent dealer,7,102154,145,3,True,22,7420
CAR-01942,2025-09-07,AT,Audi,A4,Hybrid,Automatic,Franchise dealer,3,36425,181,2,False,65,25070
CAR-00295,2025-09-08,DE,Skoda,Karoq,Diesel,Automatic,Independent dealer,4,80194,162,2,True,91,13970
CAR-01327,2025-09-08,DE,Mercedes-Benz,A-Class,Petrol,Automatic,Private,2,36615,102,2,True,18,20750
CAR-01255,2025-09-08,DE,Skoda,Kodiaq,Electric,Automatic,Independent dealer,3,62366,70,3,True,47,19860
CAR-01769,2025-09-08,DE,Volkswagen,Tiguan,Hybrid,Automatic,Independent dealer,3,68695,171,2,True,33,24390
CAR-04429,2025-09-08,DE,BMW,i4,Diesel,Automatic,Private,4,64360,195,3,True,13,24040
CAR-00182,2025-09-08,DE,Mercedes-Benz,A-Class,Petrol,Automatic,Independent dealer,1,47563,168,1,True,47,29590
CAR-03903,2025-09-09,DE,Mercedes-Benz,EQE,Petrol,Automatic,Franchise dealer,3,46866,168,3,True,31,40280
CAR-00086,2025-09-09,DE,Volkswagen,Tiguan,Diesel,Manual,Franchise dealer,1,24842,104,1,True,40,28080
CAR-04841,2025-09-09,DE,Mercedes-Benz,A-Class,Electric,Automatic,Franchise dealer,2,41434,195,1,True,18,28190
CAR-04011,2025-09-09,DE,BMW,X1,Hybrid,Automatic,Independent dealer,2,62137,129,1,True,79,25200
CAR-02272,2025-09-10,DE,Volkswagen,Passat,Hybrid,Automatic,Independent dealer,7,136025,179,2,True,14,8210
CAR-01434,2025-09-10,DE,BMW,5 Series,Petrol,Automatic,Franchise dealer,11,124585,204,4,True,29,5900
CAR-04145,2025-09-10,DE,Audi,A4,Diesel,Automatic,Franchise dealer,7,166324,187,2,True,57,7890
CAR-02816,2025-09-10,DE,Audi,Q3,Hybrid,Automatic,Franchise dealer,5,98523,143,2,True,35,15670
CAR-01421,2025-09-10,DE,Mercedes-Benz,GLA,Petrol,Automatic,Independent dealer,4,62974,98,2,True,20,16440
CAR-00706,2025-09-10,DE,Volkswagen,ID.3,Petrol,Automatic,Private,2,40668,254,1,True,61,32660
CAR-04553,2025-09-11,DE,Volkswagen,Passat,Electric,Automatic,Franchise dealer,3,65392,70,1,True,25,21080
CAR-02075,2025-09-11,DE,Mercedes-Benz,C-Class,Diesel,Automatic,Franchise dealer,7,115002,191,4,True,26,10870
CAR-01653,2025-09-11,AT,BMW,X3,Petrol,Manual,Private,5,88225,256,1,True,20,23840
CAR-04059,2025-09-12,DE,Volkswagen,ID.4,Petrol,Automatic,Independent dealer,1,29139,158,1,True,40,37590
CAR-03778,2025-09-12,DE,Volkswagen,Tiguan,Petrol,Manual,Franchise dealer,3,53390,145,3,True,48,19760
CAR-04098,2025-09-12,DE,Volkswagen,Tiguan,Hybrid,Automatic,Franchise dealer,2,51195,188,1,True,82,37860
CAR-04748,2025-09-12,DE,Skoda,Superb,Electric,Automatic,Independent dealer,1,31476,130,1,True,4,37410
CAR-02135,2025-09-12,AT,Mercedes-Benz,C-Class,Hybrid,Automatic,Franchise dealer,4,74837,81,2,True,59,19310
CAR-02659,2025-09-12,AT,Audi,A4,Hybrid,Automatic,Private,4,67616,74,2,True,37,15960
CAR-01739,2025-09-12,DE,Volkswagen,Golf,Hybrid,Automatic,Independent dealer,2,40604,199,3,True,17,21250
CAR-02641,2025-09-13,NL,Volkswagen,Passat,Electric,Automatic,Independent dealer,4,74865,107,3,True,25,15500
CAR-03920,2025-09-13,DE,BMW,5 Series,Petrol,Manual,Independent dealer,0,10450,196,1,True,31,54000
CAR-00508,2025-09-13,DE,Mercedes-Benz,E-Class,Petrol,Manual,Independent dealer,4,78677,154,1,True,70,25390
CAR-03223,2025-09-13,DE,Volkswagen,Passat,Petrol,Automatic,Independent dealer,3,49590,70,3,True,15,16860
CAR-01156,2025-09-13,DE,BMW,5 Series,Diesel,Manual,Franchise dealer,8,122687,164,2,True,46,8240
CAR-01333,2025-09-13,DE,Skoda,Superb,Electric,Automatic,Franchise dealer,7,117661,109,1,True,16,8180
CAR-03348,2025-09-13,DE,Volkswagen,ID.3,Electric,Manual,Franchise dealer,2,44236,136,2,True,23,26450
CAR-04594,2025-09-13,AT,BMW,3 Series,Diesel,Manual,Franchise dealer,2,36830,195,2,True,66,31470
CAR-04749,2025-09-14,NL,BMW,X1,Hybrid,Automatic,Franchise dealer,1,33152,70,2,True,14,32210
CAR-02771,2025-09-14,AT,Volkswagen,ID.4,Petrol,Automatic,Franchise dealer,2,34424,165,1,False,12,27860
CAR-00371,2025-09-14,DE,Audi,e-tron,Diesel,Automatic,Private,2,31470,83,2,False,15,31280
CAR-01458,2025-09-14,NL,Skoda,Superb,Electric,Manual,Franchise dealer,5,77734,86,2,True,61,12960
CAR-02205,2025-09-14,DE,Mercedes-Benz,EQE,Diesel,Automatic,Independent dealer,7,117980,204,3,True,24,14080
CAR-03210,2025-09-14,DE,Audi,A3,Diesel,Automatic,Private,6,67853,91,2,True,46,9730
CAR-02744,2025-09-14,NL,Audi,A4,Diesel,Automatic,Independent dealer,1,30049,132,2,True,39,38840
CAR-02454,2025-09-14,AT,Volkswagen,Golf,Hybrid,Automatic,Franchise dealer,10,191806,151,4,True,13,5570
CAR-02580,2025-09-15,DE,BMW,X1,Electric,Automatic,Franchise dealer,2,33912,158,2,True,117,36140
CAR-04192,2025-09-15,NL,Mercedes-Benz,GLA,Petrol,Manual,Independent dealer,3,79457,147,1,False,57,16150
CAR-02864,2025-09-15,DE,Audi,A4,Hybrid,Automatic,Independent dealer,2,35119,224,1,True,26,43360
CAR-00076,2025-09-15,DE,Audi,Q3,Hybrid,Automatic,Franchise dealer,5,104633,122,2,True,24,12850
CAR-03084,2025-09-15,AT,Volkswagen,Golf,Petrol,Automatic,Private,4,58219,70,1,True,36,11840
CAR-00335,2025-09-15,DE,Volkswagen,ID.3,Diesel,Automatic,Franchise dealer,13,245170,142,5,True,57,5340
CAR-01826,2025-09-15,DE,Mercedes-Benz,E-Class,Diesel,Manual,Independent dealer,2,35036,131,1,True,31,39080
CAR-04491,2025-09-16,DE,Skoda,Enyaq,Hybrid,Manual,Private,11,190654,70,4,False,19,6240
CAR-00252,2025-09-16,AT,Mercedes-Benz,GLA,Electric,Automatic,Franchise dealer,3,60802,157,1,True,20,26030
CAR-02285,2025-09-16,NL,BMW,3 Series,Diesel,Automatic,Franchise dealer,4,71570,126,1,True,21,18190
CAR-02219,2025-09-16,DE,Audi,Q5,Electric,Automatic,Franchise dealer,4,48399,83,2,True,51,26490
CAR-04557,2025-09-17,DE,Volkswagen,ID.3,Hybrid,Manual,Independent dealer,1,28462,138,1,True,12,32850
CAR-00806,2025-09-17,DE,Volkswagen,ID.3,Hybrid,Manual,Independent dealer,1,24649,127,1,False,51,26300
CAR-00089,2025-09-17,DE,Mercedes-Benz,C-Class,Petrol,Automatic,Independent dealer,3,45552,122,2,True,25,23620
CAR-02234,2025-09-17,NL,Volkswagen,ID.3,Hybrid,Automatic,Private,6,111588,120,3,True,50,9310
CAR-01726,2025-09-18,DE,Audi,Q5,Petrol,Manual,Franchise dealer,4,61391,92,2,True,36,21090
CAR-03231,2025-09-18,DE,BMW,3 Series,Electric,Automatic,Franchise dealer,0,7797,179,1,True,131,57450
CAR-00261,2025-09-19,DE,Volkswagen,Passat,Electric,Manual,Independent dealer,5,103790,123,2,True,35,11070
CAR-03814,2025-09-19,DE,Mercedes-Benz,EQE,Hybrid,Automatic,Private,2,60957,144,2,True,55,43490
CAR-02436,2025-09-19,DE,Mercedes-Benz,C-Class,Petrol,Automatic,Private,9,194010,85,4,True,82,5800
CAR-03928,2025-09-19,AT,BMW,X3,Petrol,Automatic,Franchise dealer,4,82264,131,3,True,52,21850
CAR-01146,2025-09-19,AT,Volkswagen,Passat,Diesel,Manual,Franchise dealer,13,178910,92,5,True,43,5830
CAR-00556,2025-09-20,DE,Audi,Q5,Petrol,Automatic,Franchise dealer,7,71624,151,3,True,81,16360
CAR-02106,2025-09-20,AT,Volkswagen,ID.3,Electric,Automatic,Franchise dealer,9,197039,137,3,True,33,5170
CAR-03457,2025-09-20,DE,Skoda,Kodiaq,Diesel,Automatic,Franchise dealer,1,32720,185,1,False,46,31040
CAR-03943,2025-09-20,DE,Volkswagen,Passat,Petrol,Automatic,Franchise dealer,2,61651,165,2,True,71,26380
CAR-02108,2025-09-20,DE,Audi,A4,Petrol,Automatic,Franchise dealer,6,125956,102,1,True,68,9260
CAR-02224,2025-09-20,DE,Skoda,Karoq,Electric,Automatic,Franchise dealer,9,140578,159,3,True,17,5690
CAR-04352,2025-09-21,DE,Volkswagen,Passat,Electric,Automatic,Independent dealer,2,42253,78,2,True,51,25850
CAR-00164,2025-09-21,DE,Mercedes-Benz,E-Class,Petrol,Automatic,Private,10,183826,156,5,True,17,5930
CAR-04264,2025-09-21,DE,Volkswagen,ID.4,Diesel,Manual,Independent dealer,3,50901,172,2,True,56,22290
CAR-04036,2025-09-21,DE,Audi,Q3,Petrol,Automatic,Franchise dealer,2,43462,144,1,False,25,25490
CAR-03266,2025-09-21,DE,BMW,X3,Hybrid,Automatic,Private,3,44463,183,1,True,64,33450
CAR-01793,2025-09-22,DE,Volkswagen,Golf,Diesel,Automatic,Independent dealer,2,46921,89,1,True,73,18680
CAR-02969,2025-09-22,DE,BMW,i4,Electric,Automatic,Independent dealer,5,64094,113,2,True,13,20670
CAR-00519,2025-09-22,DE,Volkswagen,Golf,Diesel,Automatic,Independent dealer,3,44632,169,1,True,91,18420
CAR-03842,2025-09-22,DE,Volkswagen,Golf,Diesel,Automatic,Independent dealer,4,87608,185,2,True,43,12040
CAR-02856,2025-09-22,DE,Volkswagen,Golf,Diesel,Manual,Franchise dealer,2,47538,148,1,False,19,15160
CAR-03622,2025-09-22,DE,Mercedes-Benz,GLA,Diesel,Manual,Franchise dealer,4,71721,123,2,False,22,12540
CAR-01536,2025-09-23,NL,Volkswagen,ID.3,Diesel,Automatic,Private,7,117309,198,3,True,43,7810
CAR-01806,2025-09-23,DE,BMW,X3,Hybrid,Automatic,Franchise dealer,4,94541,155,2,True,45,23710
CAR-02217,2025-09-23,DE,Skoda,Superb,Electric,Automatic,Private,1,23267,199,1,True,36,42380
CAR-00454,2025-09-23,DE,BMW,3 Series,Electric,Automatic,Franchise dealer,4,64523,158,1,True,50,20680
CAR-00385,2025-09-23,DE,Skoda,Octavia,Electric,Automatic,Independent dealer,3,56225,276,2,True,34,20870
CAR-03307,2025-09-23,DE,BMW,X1,Petrol,Manual,Franchise dealer,4,89595,155,3,True,78,16080
CAR-02808,2025-09-23,DE,BMW,3 Series,Electric,Automatic,Franchise dealer,1,12159,182,1,True,39,40250
CAR-00664,2025-09-24,DE,Audi,A4,Diesel,Manual,Franchise dealer,1,25348,181,1,True,27,40370
CAR-01997,2025-09-24,DE,Audi,e-tron,Diesel,Manual,Independent dealer,3,42841,217,1,True,93,38730
CAR-02792,2025-09-24,DE,Volkswagen,Tiguan,Electric,Manual,Franchise dealer,3,53945,218,1,True,9,28110
CAR-03073,2025-09-24,AT,Volkswagen,Golf,Diesel,Manual,Private,5,96162,158,2,True,40,8010
CAR-03401,2025-09-24,AT,Volkswagen,Passat,Hybrid,Automatic,Franchise dealer,7,107643,171,2,True,31,10080
CAR-03780,2025-09-25,DE,BMW,5 Series,Diesel,Automatic,Franchise dealer,5,111753,123,1,True,57,15400
CAR-03693,2025-09-25,AT,Mercedes-Benz,C-Class,Petrol,Automatic,Franchise dealer,3,72054,167,2,True,158,28210
CAR-00225,2025-09-26,DE,Skoda,Kodiaq,Electric,Automatic,Franchise dealer,8,132707,119,4,True,112,6410
CAR-04447,2025-09-26,AT,Mercedes-Benz,A-Class,Petrol,Manual,Independent dealer,8,143787,94,4,True,26,5870
CAR-04326,2025-09-26,AT,BMW,X1,Hybrid,Manual,Franchise dealer,3,67114,168,2,True,51,20760
CAR-01860,2025-09-26,DE,Mercedes-Benz,A-Class,Hybrid,Automatic,Private,7,88787,97,3,True,73,7810
CAR-00494,2025-09-26,DE,Volkswagen,Tiguan,Hybrid,Automatic,Franchise dealer,8,172572,118,4,True,34,6240
CAR-01062,2025-09-26,DE,Audi,Q3,Petrol,Automatic,Franchise dealer,6,99834,70,1,True,41,11160
CAR-04669,2025-09-26,DE,Audi,A4,Diesel,Manual,Franchise dealer,13,215665,178,5,True,24,5560
CAR-03832,2025-09-27,AT,Audi,e-tron,Petrol,Manual,Independent dealer,6,111576,197,3,True,32,16920
CAR-02208,2025-09-27,DE,BMW,X3,Hybrid,Automatic,Franchise dealer,1,27826,132,2,True,83,53270
CAR-04682,2025-09-27,NL,Volkswagen,Tiguan,Diesel,Automatic,Independent dealer,5,96219,114,2,True,42,11070
CAR-04574,2025-09-27,DE,Volkswagen,ID.4,Diesel,Automatic,Franchise dealer,8,125461,115,5,True,11,6930
CAR-00595,2025-09-27,DE,Audi,A4,Diesel,Automatic,Private,8,108779,92,3,True,32,5330
CAR-01786,2025-09-27,AT,Audi,Q3,Electric,Automatic,Independent dealer,1,30450,149,1,False,33,38670
CAR-00400,2025-09-27,DE,Audi,e-tron,Petrol,Automatic,Private,9,137352,257,4,True,97,10100
CAR-02015,2025-09-27,DE,Mercedes-Benz,EQE,Petrol,Automatic,Independent dealer,4,70709,119,2,True,28,30320
CAR-00170,2025-09-27,DE,Audi,A3,Hybrid,Automatic,Independent dealer,5,111726,136,2,True,13,10860
CAR-00045,2025-09-27,DE,Volkswagen,ID.4,Petrol,Manual,Franchise dealer,3,53009,201,1,True,21,29840
CAR-01148,2025-09-28,DE,Mercedes-Benz,EQE,Petrol,Automatic,Private,4,81774,89,4,True,10,21150
CAR-02783,2025-09-28,DE,Audi,Q5,Petrol,Automatic,Independent dealer,4,87011,248,2,True,47,25280
CAR-03913,2025-09-28,DE,Audi,A4,Electric,Automatic,Independent dealer,3,50136,165,1,True,32,27100
CAR-02242,2025-09-28,AT,Audi,Q3,Diesel,Automatic,Private,4,49264,101,2,True,49,15760
CAR-04411,2025-09-28,DE,BMW,X1,Hybrid,Manual,Franchise dealer,3,64604,120,1,True,34,18570
CAR-02408,2025-09-28,DE,Audi,A4,Hybrid,Manual,Franchise dealer,3,41539,177,2,True,46,25920
CAR-01796,2025-09-29,NL,Mercedes-Benz,E-Class,Hybrid,Automatic,Franchise dealer,5,79363,182,3,True,57,25110
CAR-04314,2025-09-29,DE,BMW,i4,Diesel,Manual,Franchise dealer,5,103419,186,2,True,23,15510
CAR-02308,2025-09-29,DE,Mercedes-Benz,EQE,Electric,Manual,Private,2,48537,161,1,True,83,43460
CAR-02696,2025-09-29,DE,Volkswagen,Tiguan,Diesel,Automatic,Independent dealer,1,32755,159,1,True,9,35510
CAR-01207,2025-09-30,AT,Mercedes-Benz,EQE,Petrol,Automatic,Franchise dealer,6,117521,121,3,True,54,15630
CAR-01402,2025-09-30,DE,Skoda,Octavia,Hybrid,Manual,Independent dealer,3,57041,165,1,True,43,17730
CAR-00447,2025-09-30,DE,Volkswagen,Golf,Petrol,Automatic,Franchise dealer,1,22754,145,1,True,63,30980
CAR-00313,2025-09-30,DE,Audi,A4,Diesel,Automatic,Independent dealer,5,102069,165,2,False,54,10120
CAR-02991,2025-09-30,DE,Volkswagen,Golf,Diesel,Automatic,Franchise dealer,1,16421,183,2,False,125,24860
CAR-04410,2025-09-30,DE,Audi,e-tron,Diesel,Automatic,Independent dealer,1,10217,144,2,True,32,64500
CAR-04413,2025-10-01,AT,BMW,X1,Electric,Automatic,Franchise dealer,5,99232,190,3,True,15,15230
CAR-00748,2025-10-01,DE,Volkswagen,Golf,Diesel,Automatic,Private,6,79386,152,2,True,153,7450
CAR-03178,2025-10-02,DE,BMW,5 Series,Petrol,Automatic,Franchise dealer,13,183618,146,5,True,10,5740
CAR-04726,2025-10-02,NL,Volkswagen,Passat,Petrol,Automatic,Franchise dealer,4,60466,135,2,True,15,18770
CAR-03209,2025-10-02,DE,BMW,X3,Petrol,Manual,Independent dealer,6,86635,94,4,True,38,12560
CAR-04547,2025-10-02,DE,Audi,A4,Diesel,Automatic,Independent dealer,5,88460,120,3,False,34,10000
CAR-00278,2025-10-02,DE,Skoda,Superb,Diesel,Manual,Franchise dealer,7,137359,209,4,True,74,7580
CAR-00201,2025-10-02,DE,Skoda,Karoq,Diesel,Automatic,Franchise dealer,11,174793,136,4,True,50,5580
CAR-00766,2025-10-02,DE,BMW,i4,Diesel,Automatic,Independent dealer,8,185266,245,3,True,81,8730
CAR-02373,2025-10-03,DE,Audi,Q5,Petrol,Automatic,Franchise dealer,11,220472,230,5,True,109,6240
CAR-01470,2025-10-03,DE,Skoda,Karoq,Hybrid,Automatic,Private,3,89128,88,1,True,15,13630
CAR-02473,2025-10-03,DE,Mercedes-Benz,E-Class,Diesel,Automatic,Independent dealer,13,218402,107,5,True,33,5350
CAR-04245,2025-10-03,DE,Audi,e-tron,Electric,Automatic,Franchise dealer,4,55879,166,2,True,22,34720
CAR-01169,2025-10-03,DE,BMW,X3,Hybrid,Automatic,Independent dealer,13,221508,189,5,True,36,6020
CAR-03111,2025-10-03,DE,Audi,A4,Electric,Automatic,Franchise dealer,4,69954,93,2,True,42,18950
CAR-04880,2025-10-03,AT,BMW,5 Series,Diesel,Manual,Franchise dealer,3,70756,70,2,True,9,20570
CAR-03039,2025-10-04,DE,Volkswagen,Passat,Diesel,Automatic,Private,4,80057,130,2,True,71,14760
CAR-03077,2025-10-04,AT,Volkswagen,Tiguan,Diesel,Automatic,Independent dealer,5,61169,119,2,True,22,14770
CAR-03730,2025-10-04,NL,Skoda,Superb,Petrol,Automatic,Private,4,83212,195,2,True,78,14740
CAR-04476,2025-10-04,DE,Mercedes-Benz,EQE,Petrol,Automatic,Private,4,56108,105,2,True,71,25210
CAR-00172,2025-10-04,DE,Audi,Q3,Electric,Manual,Franchise dealer,2,42994,117,2,True,34,27480
CAR-04771,2025-10-04,DE,Audi,Q5,Electric,Manual,Independent dealer,7,118497,107,3,True,7,10420
CAR-04687,2025-10-05,DE,Mercedes-Benz,A-Class,Petrol,Automatic,Franchise dealer,3,45415,99,2,True,35,20730
CAR-03241,2025-10-05,AT,Mercedes-Benz,EQE,Electric,Automatic,Private,10,108058,125,5,True,70,8340
CAR-03142,2025-10-05,DE,Skoda,Octavia,Diesel,Automatic,Franchise dealer,3,52574,145,3,True,61,14780
CAR-02013,2025-10-05,DE,Mercedes-Benz,GLA,Hybrid,Automatic,Private,1,27205,211,2,True,59,41080
CAR-04113,2025-10-05,AT,Mercedes-Benz,EQE,Hybrid,Automatic,Independent dealer,2,52544,211,1,True,13,54050
CAR-03514,2025-10-06,AT,Skoda,Superb,Diesel,Automatic,Franchise dealer,2,40493,124,2,True,49,28780
CAR-04768,2025-10-06,DE,BMW,X1,Petrol,Automatic,Independent dealer,5,91942,115,2,True,52,11030
CAR-00208,2025-10-06,DE,BMW,X3,Petrol,Automatic,Independent dealer,6,141884,164,3,True,33,10980
CAR-02166,2025-10-06,DE,Skoda,Kodiaq,Diesel,Automatic,Private,1,26683,156,1,False,7,31920
CAR-03527,2025-10-07,AT,BMW,X3,Diesel,Automatic,Franchise dealer,5,99830,147,2,True,26,18150
CAR-02894,2025-10-07,DE,Skoda,Karoq,Electric,Automatic,Franchise dealer,2,39633,183,1,True,53,30730
CAR-00006,2025-10-07,DE,Volkswagen,ID.3,Petrol,Automatic,Independent dealer,3,48357,168,1,True,33,25090
CAR-02867,2025-10-07,NL,Mercedes-Benz,EQE,Electric,Automatic,Franchise dealer,13,189207,116,5,True,30,5240
CAR-03716,2025-10-07,DE,Volkswagen,Tiguan,Hybrid,Automatic,Independent dealer,3,85814,92,2,False,16,14000
CAR-04241,2025-10-08,DE,Volkswagen,Passat,Hybrid,Automatic,Franchise dealer,4,90099,215,1,True,48,18060
CAR-03721,2025-10-08,NL,Mercedes-Benz,C-Class,Hybrid,Automatic,Independent dealer,3,67636,144,1,True,30,26180
CAR-03870,2025-10-08,DE,Audi,A3,Diesel,Automatic,Independent dealer,2,55832,236,1,True,27,25600
CAR-01688,2025-10-08,DE,Mercedes-Benz,A-Class,Diesel,Manual,Franchise dealer,8,143636,132,3,True,50,5140
CAR-00034,2025-10-08,DE,Mercedes-Benz,GLA,Petrol,Automatic,Independent dealer,3,70802,152,2,True,24,26160
CAR-04459,2025-10-08,DE,Volkswagen,ID.4,Hybrid,Automatic,Franchise dealer,1,31040,171,1,True,25,45240
CAR-02765,2025-10-08,AT,Skoda,Kodiaq,Diesel,Automatic,Private,0,1785,130,1,False,76,36250
CAR-03245,2025-10-09,DE,Mercedes-Benz,A-Class,Petrol,Automatic,Independent dealer,2,37444,99,2,False,106,19670
CAR-00341,2025-10-09,DE,Skoda,Kodiaq,Hybrid,Automatic,Independent dealer,2,39918,169,3,False,59,27140
CAR-04267,2025-10-09,AT,Volkswagen,Tiguan,Electric,Automatic,Independent dealer,4,47285,103,3,True,78,19580
CAR-03421,2025-10-09,DE,Audi,A3,Hybrid,Manual,Independent dealer,6,126724,174,3,True,37,8920
CAR-03071,2025-10-09,AT,Skoda,Octavia,Hybrid,Automatic,Franchise dealer,2,50131,153,1,False,19,18430
CAR-01277,2025-10-10,AT,BMW,3 Series,Diesel,Automatic,Franchise dealer,13,263039,116,5,True,23,5250
CAR-04727,2025-10-10,DE,Audi,e-tron,Diesel,Automatic,Independent dealer,1,15343,115,2,True,39,54730
CAR-01316,2025-10-10,DE,Mercedes-Benz,A-Class,Petrol,Automatic,Private,4,59904,117,2,True,25,14190
CAR-01275,2025-10-10,DE,Audi,Q5,Hybrid,Automatic,Private,5,83619,141,3,True,10,18010
CAR-02335,2025-10-10,DE,Volkswagen,Tiguan,Hybrid,Automatic,Private,5,98755,128,1,True,51,12090
CAR-02453,2025-10-10,DE,Volkswagen,Tiguan,Electric,Manual,Private,6,147674,171,3,False,2,8020
CAR-00727,2025-10-10,NL,BMW,i4,Diesel,Automatic,Independent dealer,2,51576,155,2,True,11,36640
CAR-04210,2025-10-10,DE,Volkswagen,Passat,Electric,Automatic,Independent dealer,9,126651,96,3,True,50,5280
CAR-01218,2025-10-10,DE,Volkswagen,Passat,Petrol,Automatic,Independent dealer,5,99652,191,2,True,7,15910
CAR-00054,2025-10-10,DE,Volkswagen,Tiguan,Diesel,Manual,Independent dealer,1,23386,86,1,True,66,32570
CAR-03851,2025-10-10,DE,Audi,A3,Petrol,Manual,Private,5,105715,155,3,True,28,9750
CAR-03207,2025-10-10,DE,BMW,3 Series,Petrol,Automatic,Independent dealer,10,141533,173,4,True,25,5300
CAR-02944,2025-10-11,DE,Audi,Q5,Diesel,Automatic,Franchise dealer,4,56036,158,2,False,28,23110
CAR-00159,2025-10-11,NL,Volkswagen,ID.3,Petrol,Automatic,Independent dealer,6,97507,153,4,True,31,10410
CAR-00845,2025-10-11,DE,Skoda,Kodiaq,Petrol,Automatic,Private,2,48985,118,1,True,32,24050
CAR-02501,2025-10-12,DE,Volkswagen,ID.4,Petrol,Automatic,Franchise dealer,1,25330,139,1,True,35,49790
CAR-01585,2025-10-12,DE,Skoda,Octavia,Diesel,Manual,Independent dealer,1,34713,174,2,True,57,26750
CAR-00836,2025-10-12,DE,Volkswagen,Tiguan,Diesel,Automatic,Independent dealer,10,150627,167,5,True,21,5170
CAR-03516,2025-10-12,DE,Volkswagen,Passat,Petrol,Automatic,Independent dealer,2,42393,222,2,True,40,26870
CAR-04186,2025-10-12,AT,BMW,X1,Diesel,Automatic,Franchise dealer,12,158981,181,5,False,19,4910
CAR-04387,2025-10-12,DE,BMW,X1,Diesel,Automatic,Independent dealer,0,5608,141,1,False,11,36740
CAR-01540,2025-10-12,DE,Volkswagen,ID.4,Electric,Automatic,Independent dealer,6,96175,93,3,True,43,11630
CAR-04607,2025-10-13,NL,BMW,X1,Diesel,Automatic,Independent dealer,5,96922,181,2,True,54,13640
CAR-00643,2025-10-13,DE,Audi,Q5,Electric,Automatic,Franchise dealer,3,71213,70,1,True,13,23810
CAR-03503,2025-10-13,DE,Volkswagen,Passat,Petrol,Automatic,Independent dealer,5,82262,162,3,True,37,12380
CAR-04026,2025-10-13,DE,Volkswagen,Passat,Hybrid,Manual,Independent dealer,6,68414,103,2,True,21,11400
CAR-03593,2025-10-13,DE,BMW,X3,Hybrid,Manual,Private,11,145556,75,4,True,90,5810
CAR-04081,2025-10-13,DE,Audi,Q5,Diesel,Automatic,Independent dealer,8,153560,134,4,True,16,7040
CAR-00751,2025-10-13,DE,Audi,Q5,Hybrid,Automatic,Franchise dealer,7,112901,115,3,True,9,12920
CAR-03281,2025-10-13,DE,BMW,3 Series,Petrol,Manual,Private,9,206008,142,4,True,59,5490
CAR-03856,2025-10-13,DE,Volkswagen,Golf,Diesel,Automatic,Private,4,85352,198,1,True,20,11690
CAR-00098,2025-10-13,DE,BMW,X3,Electric,Manual,Independent dealer,4,79755,147,1,True,39,22350
CAR-01215,2025-10-14,DE,Mercedes-Benz,E-Class,Petrol,Manual,Franchise dealer,1,34062,102,1,True,41,52400
CAR-01838,2025-10-14,DE,Volkswagen,Passat,Hybrid,Manual,Independent dealer,3,63127,106,1,True,36,15830
CAR-00839,2025-10-14,DE,Mercedes-Benz,C-Class,Diesel,Automatic,Independent dealer,6,44202,194,2,False,55,13910
CAR-02801,2025-10-14,DE,Mercedes-Benz,A-Class,Petrol,Automatic,Franchise dealer,1,30782,146,2,True,23,33700
CAR-04938,2025-10-14,DE,Volkswagen,Passat,Diesel,Manual,Independent dealer,8,127409,131,3,True,27,5230
CAR-04159,2025-10-14,DE,BMW,i4,Electric,Automatic,Franchise dealer,5,96412,197,3,True,37,18890
CAR-04828,2025-10-14,DE,Volkswagen,ID.3,Hybrid,Automatic,Franchise dealer,3,75585,70,3,True,27,18410
CAR-01370,2025-10-15,AT,BMW,i4,Hybrid,Automatic,Independent dealer,5,92354,130,1,True,9,22930
CAR-01445,2025-10-15,AT,Mercedes-Benz,A-Class,Petrol,Automatic,Franchise dealer,5,64604,104,3,True,63,12150
CAR-03295,2025-10-16,DE,Skoda,Octavia,Diesel,Manual,Franchise dealer,4,48672,85,2,True,144,12890
CAR-02625,2025-10-16,DE,Mercedes-Benz,EQE,Diesel,Automatic,Independent dealer,9,216867,72,3,True,34,5880
CAR-01223,2025-10-16,DE,Volkswagen,ID.3,Petrol,Manual,Franchise dealer,5,92106,192,3,True,10,14460
CAR-01302,2025-10-16,DE,Volkswagen,Golf,Petrol,Manual,Private,5,70720,171,2,True,65,9560
CAR-03435,2025-10-17,DE,Mercedes-Benz,EQE,Diesel,Automatic,Franchise dealer,1,25350,167,1,True,55,67770
CAR-02970,2025-10-17,DE,Mercedes-Benz,GLA,Electric,Automatic,Franchise dealer,5,121622,103,2,True,35,13040
CAR-04534,2025-10-17,DE,Mercedes-Benz,C-Class,Petrol,Automatic,Franchise dealer,7,182012,108,2,True,13,8240
CAR-01812,2025-10-18,DE,Volkswagen,Tiguan,Electric,Automatic,Independent dealer,4,105832,145,2,True,70,16040
CAR-04397,2025-10-18,DE,Volkswagen,ID.3,Hybrid,Automatic,Independent dealer,3,47337,86,2,True,6,20770
CAR-03450,2025-10-18,DE,Volkswagen,Golf,Petrol,Automatic,Franchise dealer,11,159281,176,5,True,135,5340
CAR-02695,2025-10-18,DE,BMW,X3,Diesel,Automatic,Franchise dealer,8,169007,70,4,True,100,6600
CAR-01927,2025-10-18,DE,Volkswagen,Passat,Petrol,Automatic,Independent dealer,2,59005,98,2,True,12,25790
CAR-03372,2025-10-18,NL,Skoda,Octavia,Hybrid,Automatic,Private,3,65856,186,2,True,17,19970
CAR-02617,2025-10-19,AT,Skoda,Superb,Petrol,Automatic,Independent dealer,3,63890,188,1,True,25,26310
CAR-03929,2025-10-19,AT,Skoda,Octavia,Petrol,Automatic,Independent dealer,6,60827,190,3,True,76,11700
CAR-04717,2025-10-19,DE,Mercedes-Benz,C-Class,Diesel,Automatic,Franchise dealer,1,31239,205,1,True,23,45830
CAR-00219,2025-10-19,DE,Audi,e-tron,Hybrid,Automatic,Private,2,47410,88,1,True,57,39580
CAR-01469,2025-10-20,DE,BMW,3 Series,Petrol,Automatic,Independent dealer,2,38823,107,2,True,56,27920
CAR-00029,2025-10-20,NL,Volkswagen,Golf,Petrol,Manual,Franchise dealer,2,54760,146,1,True,48,17760
CAR-04462,2025-10-20,DE,Audi,A3,Petrol,Automatic,Independent dealer,8,89574,70,4,True,52,6220
CAR-02721,2025-10-20,DE,Volkswagen,Passat,Hybrid,Manual,Franchise dealer,3,72847,177,2,True,10,21260
CAR-01663,2025-10-20,DE,BMW,5 Series,Diesel,Automatic,Franchise dealer,3,57310,158,2,True,93,33060
CAR-00288,2025-10-20,DE,Mercedes-Benz,C-Class,Petrol,Automatic,Independent dealer,7,108396,109,3,True,32,8980
CAR-04087,2025-10-20,DE,Volkswagen,Passat,Hybrid,Automatic,Private,1,41453,142,2,True,66,29530
CAR-00415,2025-10-21,DE,Audi,e-tron,Petrol,Automatic,Franchise dealer,1,31386,100,1,False,21,47340
CAR-03586,2025-10-21,NL,Audi,Q5,Electric,Automatic,Franchise dealer,2,34184,211,1,True,18,39970
CAR-04826,2025-10-21,DE,BMW,3 Series,Electric,Automatic,Independent dealer,4,91686,72,3,True,72,14420
CAR-04388,2025-10-21,DE,Volkswagen,Passat,Electric,Manual,Independent dealer,7,127361,149,3,True,21,7670
CAR-00886,2025-10-21,AT,Audi,A3,Petrol,Automatic,Franchise dealer,10,124319,98,5,True,70,5750
CAR-00322,2025-10-21,DE,Audi,Q3,Electric,Automatic,Independent dealer,6,51082,75,3,False,27,9710
CAR-03193,2025-10-22,DE,Volkswagen,Passat,Petrol,Automatic,Private,4,81801,143,2,True,11,15310
CAR-00223,2025-10-22,DE,Skoda,Kodiaq,Diesel,Manual,Franchise dealer,4,69672,158,3,False,61,13400
CAR-02438,2025-10-22,DE,Mercedes-Benz,E-Class,Electric,Automatic,Franchise dealer,2,37941,180,2,True,72,51040
CAR-02183,2025-10-22,DE,BMW,3 Series,Petrol,Manual,Private,13,126949,163,5,True,49,5540
CAR-01388,2025-10-23,DE,Skoda,Octavia,Electric,Manual,Private,2,52120,94,2,True,72,16200
CAR-00359,2025-10-23,DE,Mercedes-Benz,E-Class,Petrol,Manual,Franchise dealer,0,27814,121,1,True,15,56230
CAR-00931,2025-10-23,DE,Audi,e-tron,Petrol,Manual,Private,1,18070,144,1,False,49,44120
CAR-03261,2025-10-23,DE,Volkswagen,ID.3,Petrol,Automatic,Franchise dealer,5,75838,195,3,True,91,16450
CAR-03469,2025-10-23,NL,Skoda,Octavia,Diesel,Automatic,Franchise dealer,6,102914,156,2,True,50,8780
CAR-03188,2025-10-24,DE,BMW,i4,Petrol,Automatic,Private,2,31660,166,2,True,40,35650
CAR-02549,2025-10-24,DE,Audi,A3,Petrol,Automatic,Private,4,111445,70,1,True,44,10650
CAR-01086,2025-10-24,DE,Volkswagen,Tiguan,Electric,Manual,Independent dealer,4,71632,111,2,True,10,15820
CAR-03700,2025-10-25,DE,Skoda,Superb,Petrol,Manual,Private,0,7483,161,1,True,52,42470
CAR-01268,2025-10-25,DE,Mercedes-Benz,EQE,Hybrid,Automatic,Private,1,22770,142,1,True,52,62460
CAR-03548,2025-10-25,DE,BMW,3 Series,Electric,Automatic,Franchise dealer,8,116464,144,5,True,53,7460
CAR-04737,2025-10-26,DE,BMW,i4,Diesel,Automatic,Franchise dealer,4,84966,144,2,True,75,27110
CAR-03890,2025-10-26,AT,BMW,X3,Petrol,Automatic,Independent dealer,5,111673,132,3,True,32,15500
CAR-00637,2025-10-26,DE,Volkswagen,Tiguan,Petrol,Automatic,Franchise dealer,5,65961,204,3,False,147,14350
CAR-01441,2025-10-26,DE,BMW,X3,Electric,Automatic,Independent dealer,4,65314,126,1,True,57,23620
CAR-03988,2025-10-26,NL,Skoda,Kodiaq,Petrol,Automatic,Independent dealer,5,89584,107,2,True,86,12610
CAR-01297,2025-10-26,DE,BMW,X1,Petrol,Automatic,Independent dealer,5,91879,205,1,True,103,16540
CAR-04478,2025-10-26,DE,Volkswagen,Passat,Electric,Automatic,Independent dealer,1,21224,135,2,True,16,39280
CAR-03381,2025-10-26,NL,Skoda,Karoq,Diesel,Manual,Franchise dealer,9,176916,111,4,True,33,5510
CAR-01584,2025-10-26,NL,Volkswagen,Passat,Diesel,Automatic,Independent dealer,6,137018,146,3,True,21,8870
CAR-03512,2025-10-27,DE,Skoda,Superb,Petrol,Automatic,Private,1,18604,203,1,True,8,37280
CAR-04379,2025-10-27,DE,BMW,X3,Hybrid,Automatic,Independent dealer,4,42603,135,2,True,20,26340
CAR-00416,2025-10-27,DE,BMW,3 Series,Petrol,Manual,Independent dealer,6,59458,132,4,True,44,13630
CAR-01245,2025-10-27,AT,Audi,Q5,Petrol,Automatic,Independent dealer,7,135097,132,3,True,46,9970
CAR-03831,2025-10-28,DE,Volkswagen,ID.4,Hybrid,Manual,Franchise dealer,8,113109,136,3,True,19,7860
CAR-04610,2025-10-28,DE,Skoda,Enyaq,Petrol,Automatic,Independent dealer,3,51537,188,1,True,19,26180
CAR-03839,2025-10-28,AT,Audi,Q3,Electric,Manual,Private,4,54888,118,3,False,64,15750
CAR-03143,2025-10-28,AT,BMW,X1,Diesel,Automatic,Private,5,51232,128,1,True,12,15730
CAR-02100,2025-10-28,DE,Volkswagen,ID.3,Diesel,Automatic,Independent dealer,5,59129,144,2,True,19,13450
CAR-00792,2025-10-28,DE,Audi,A4,Hybrid,Automatic,Franchise dealer,1,41162,246,1,True,13,46990
CAR-01343,2025-10-29,DE,Mercedes-Benz,EQE,Diesel,Manual,Independent dealer,9,149592,121,3,True,20,8280
CAR-04032,2025-10-29,DE,Volkswagen,Tiguan,Petrol,Automatic,Franchise dealer,2,56801,151,1,True,102,35850
CAR-03008,2025-10-30,DE,BMW,i4,Hybrid,Automatic,Franchise dealer,9,179512,132,2,True,45,6690
CAR-00749,2025-10-30,DE,Volkswagen,ID.3,Diesel,Automatic,Franchise dealer,4,77697,108,2,True,13,15670
CAR-00027,2025-10-30,DE,BMW,X3,Petrol,Automatic,Private,6,145787,122,4,True,83,10880
CAR-04746,2025-10-30,DE,Mercedes-Benz,A-Class,Diesel,Automatic,Independent dealer,10,122890,124,4,True,47,6050
CAR-00684,2025-10-30,DE,Volkswagen,ID.3,Electric,Automatic,Independent dealer,4,75612,126,2,True,40,18850
CAR-00623,2025-10-31,DE,Mercedes-Benz,C-Class,Petrol,Automatic,Franchise dealer,2,49238,203,1,True,44,36910
CAR-01941,2025-10-31,DE,Mercedes-Benz,C-Class,Diesel,Automatic,Private,2,59140,130,1,False,77,26100
CAR-01236,2025-10-31,NL,BMW,i4,Petrol,Automatic,Independent dealer,1,18151,88,1,True,6,52780
CAR-02939,2025-10-31,DE,BMW,i4,Petrol,Automatic,Franchise dealer,1,35160,199,2,True,73,54160
CAR-03481,2025-10-31,AT,Volkswagen,Tiguan,Petrol,Manual,Franchise dealer,2,44638,109,1,True,8,23790
CAR-03447,2025-10-31,DE,Volkswagen,Golf,Hybrid,Automatic,Private,6,127042,127,4,True,19,6660
CAR-03532,2025-10-31,DE,Mercedes-Benz,A-Class,Petrol,Manual,Private,4,67381,113,2,True,75,10500
CAR-01372,2025-11-01,DE,Audi,Q5,Petrol,Manual,Independent dealer,5,107445,145,3,True,42,15840
CAR-04683,2025-11-01,NL,Volkswagen,Passat,Petrol,Manual,Franchise dealer,1,15359,242,1,True,41,48110
CAR-02836,2025-11-01,DE,Volkswagen,Golf,Electric,Automatic,Private,6,98133,118,3,True,11,7040
CAR-01828,2025-11-01,DE,Skoda,Kodiaq,Diesel,Automatic,Franchise dealer,6,100525,89,4,True,45,9650
CAR-03097,2025-11-01,DE,Audi,Q5,Electric,Manual,Franchise dealer,5,90535,188,2,True,37,19910
CAR-04456,2025-11-01,DE,BMW,i4,Petrol,Manual,Franchise dealer,2,50421,96,2,True,61,33160
CAR-01622,2025-11-01,DE,Volkswagen,ID.3,Hybrid,Manual,Private,9,136161,147,5,True,36,5280
CAR-02032,2025-11-02,DE,Audi,e-tron,Diesel,Manual,Franchise dealer,3,55718,83,1,True,50,27860
CAR-04532,2025-11-02,DE,Volkswagen,ID.4,Hybrid,Automatic,Franchise dealer,7,144755,99,4,True,61,9030
CAR-00467,2025-11-02,NL,Skoda,Karoq,Petrol,Manual,Independent dealer,5,94015,266,3,True,39,11160
CAR-01994,2025-11-03,DE,Mercedes-Benz,EQE,Diesel,Automatic,Franchise dealer,1,23919,103,1,True,23,55430
CAR-04959,2025-11-03,DE,Volkswagen,ID.4,Hybrid,Manual,Franchise dealer,4,81693,70,3,True,46,14070
CAR-00018,2025-11-03,DE,Volkswagen,ID.4,Electric,Automatic,Independent dealer,4,84750,178,1,True,65,22300
CAR-02425,2025-11-03,DE,Volkswagen,Passat,Hybrid,Automatic,Franchise dealer,3,84930,181,1,True,11,20900
CAR-02375,2025-11-03,DE,BMW,5 Series,Hybrid,Automatic,Independent dealer,1,43414,194,2,True,24,56610
CAR-04664,2025-11-03,DE,Mercedes-Benz,E-Class,Hybrid,Automatic,Franchise dealer,4,84213,242,2,True,108,33090
CAR-00017,2025-11-03,AT,BMW,X3,Diesel,Automatic,Independent dealer,6,96553,135,2,True,23,15070
CAR-01053,2025-11-03,AT,BMW,5 Series,Petrol,Automatic,Independent dealer,5,121801,163,3,True,25,18460
CAR-02415,2025-11-04,DE,BMW,5 Series,Diesel,Automatic,Private,3,80785,106,2,True,37,22580
CAR-01098,2025-11-04,DE,Skoda,Octavia,Petrol,Automatic,Independent dealer,1,27087,210,1,True,29,27960
CAR-04985,2025-11-04,AT,Audi,Q5,Electric,Automatic,Franchise dealer,4,57257,141,3,True,57,31150
CAR-03747,2025-11-04,DE,Skoda,Superb,Diesel,Automatic,Franchise dealer,4,71629,192,2,True,23,18390
CAR-01381,2025-11-04,DE,BMW,X1,Diesel,Automatic,Private,2,42393,179,1,True,19,26930
CAR-01731,2025-11-05,DE,BMW,5 Series,Hybrid,Automatic,Independent dealer,9,104985,154,4,True,62,8880
CAR-01292,2025-11-05,DE,Mercedes-Benz,GLA,Petrol,Automatic,Independent dealer,7,109415,119,3,True,50,9040
CAR-04692,2025-11-05,DE,Volkswagen,Golf,Hybrid,Manual,Independent dealer,8,116377,150,3,True,28,5380
CAR-00028,2025-11-05,DE,BMW,X3,Petrol,Automatic,Independent dealer,6,157887,121,2,True,32,11350
CAR-01911,2025-11-05,DE,BMW,X3,Diesel,Automatic,Independent dealer,4,54608,167,2,True,30,25350
CAR-03107,2025-11-05,DE,Volkswagen,Golf,Petrol,Manual,Independent dealer,3,68494,70,1,True,78,14300
CAR-00465,2025-11-06,DE,Volkswagen,Tiguan,Electric,Manual,Franchise dealer,4,63192,79,1,True,26,16820
CAR-02779,2025-11-06,DE,BMW,5 Series,Diesel,Manual,Independent dealer,4,95789,132,3,False,32,15820
CAR-00417,2025-11-06,AT,Volkswagen,Golf,Petrol,Manual,Franchise dealer,3,40941,163,2,True,20,19570
CAR-02080,2025-11-06,DE,Audi,Q3,Hybrid,Automatic,Independent dealer,7,159462,126,3,True,56,7490
CAR-01454,2025-11-07,DE,Audi,e-tron,Diesel,Automatic,Independent dealer,4,71062,153,1,True,55,26020
CAR-03171,2025-11-07,AT,Volkswagen,Passat,Electric,Automatic,Private,9,182620,242,3,True,10,5580
CAR-04373,2025-11-07,AT,BMW,5 Series,Electric,Automatic,Independent dealer,1,22622,164,1,True,101,65380
CAR-01649,2025-11-07,DE,Volkswagen,Passat,Electric,Automatic,Private,2,53618,88,1,True,63,23510
CAR-04853,2025-11-07,AT,BMW,i4,Petrol,Automatic,Private,13,212186,108,5,True,18,5180
CAR-04599,2025-11-07,DE,Audi,Q5,Petrol,Automatic,Independent dealer,2,49920,70,2,True,45,33330
CAR-00966,2025-11-07,DE,Skoda,Enyaq,Electric,Automatic,Independent dealer,1,17879,124,1,True,32,45010
CAR-01970,2025-11-07,DE,Audi,Q5,Electric,Automatic,Independent dealer,3,53507,74,2,True,61,28740
CAR-03219,2025-11-07,DE,Audi,A3,Petrol,Automatic,Independent dealer,0,10379,191,1,True,40,43090
CAR-00868,2025-11-08,DE,BMW,5 Series,Diesel,Automatic,Independent dealer,2,39292,156,1,True,77,48440
CAR-04593,2025-11-08,DE,BMW,X3,Hybrid,Manual,Independent dealer,1,30667,244,1,True,61,52970
CAR-01506,2025-11-08,DE,Volkswagen,Passat,Electric,Manual,Private,2,37280,131,2,True,77,25670
CAR-04852,2025-11-08,AT,Volkswagen,ID.3,Petrol,Automatic,Franchise dealer,5,89883,138,2,True,88,13590
CAR-01272,2025-11-08,AT,Audi,Q3,Hybrid,Automatic,Independent dealer,1,48821,92,1,True,12,37580
CAR-03978,2025-11-09,DE,Mercedes-Benz,E-Class,Electric,Automatic,Franchise dealer,2,52139,196,1,True,54,42550
CAR-00524,2025-11-09,DE,BMW,X1,Diesel,Automatic,Franchise dealer,10,155813,141,4,True,29,5520
CAR-02246,2025-11-09,DE,Audi,A3,Electric,Automatic,Independent dealer,10,105620,168,3,True,54,5370
CAR-04017,2025-11-10,DE,Mercedes-Benz,A-Class,Diesel,Automatic,Franchise dealer,6,78530,125,4,True,19,9460
CAR-04283,2025-11-10,DE,BMW,X3,Petrol,Automatic,Private,4,53781,118,3,False,29,18880
CAR-01403,2025-11-10,DE,Audi,A3,Electric,Automatic,Independent dealer,3,46092,130,1,False,96,19230
CAR-04952,2025-11-10,DE,Audi,A3,Electric,Automatic,Franchise dealer,4,78029,142,3,True,106,16750
CAR-01359,2025-11-10,DE,BMW,5 Series,Hybrid,Automatic,Franchise dealer,2,29608,193,1,False,158,47830
CAR-01385,2025-11-10,DE,BMW,X1,Hybrid,Automatic,Private,6,151839,92,3,True,27,7730
CAR-04645,2025-11-11,DE,Skoda,Superb,Petrol,Automatic,Franchise dealer,2,56911,144,1,True,125,31560
CAR-03963,2025-11-11,NL,Audi,e-tron,Hybrid,Automatic,Franchise dealer,6,110227,131,3,True,110,17780
CAR-00959,2025-11-11,DE,Mercedes-Benz,EQE,Petrol,Manual,Independent dealer,13,240372,152,4,True,34,5380
CAR-03446,2025-11-11,DE,Volkswagen,Golf,Diesel,Manual,Independent dealer,3,61344,130,1,True,8,13880
CAR-00568,2025-11-11,AT,Audi,e-tron,Petrol,Manual,Franchise dealer,3,84028,121,2,True,41,33900
CAR-01024,2025-11-12,DE,Volkswagen,Golf,Petrol,Automatic,Franchise dealer,4,68777,170,2,False,26,13160
CAR-02141,2025-11-12,AT,Mercedes-Benz,EQE,Electric,Manual,Independent dealer,3,49517,159,2,True,69,39350
CAR-01219,2025-11-12,DE,BMW,X3,Electric,Automatic,Franchise dealer,6,128908,186,2,True,60,14400
CAR-03714,2025-11-12,DE,Skoda,Octavia,Hybrid,Automatic,Franchise dealer,3,54993,106,2,False,58,15790
CAR-03694,2025-11-12,DE,Volkswagen,Golf,Diesel,Automatic,Independent dealer,10,167326,111,2,True,54,5440
CAR-00634,2025-11-12,NL,BMW,3 Series,Diesel,Automatic,Franchise dealer,4,79933,187,3,True,40,17520
CAR-01914,2025-11-12,NL,BMW,3 Series,Electric,Automatic,Franchise dealer,1,36637,165,1,True,36,35760
CAR-04965,2025-11-12,AT,BMW,X1,Electric,Automatic,Franchise dealer,2,41269,152,1,True,30,31170
CAR-01258,2025-11-13,DE,Mercedes-Benz,GLA,Diesel,Manual,Franchise dealer,6,90024,172,2,True,34,10410
CAR-01960,2025-11-13,DE,Volkswagen,ID.4,Petrol,Automatic,Franchise dealer,5,62872,153,1,True,26,18910
CAR-02493,2025-11-13,DE,Skoda,Enyaq,Electric,Automatic,Independent dealer,9,167824,99,4,True,39,5800
CAR-02390,2025-11-13,AT,Mercedes-Benz,A-Class,Petrol,Automatic,Franchise dealer,3,73331,168,1,True,69,21560
CAR-02498,2025-11-13,DE,Volkswagen,Passat,Petrol,Manual,Franchise dealer,7,118567,158,4,True,21,8860
CAR-03376,2025-11-13,DE,BMW,5 Series,Hybrid,Automatic,Private,3,43633,146,1,True,40,31330
CAR-01260,2025-11-13,AT,BMW,5 Series,Electric,Automatic,Independent dealer,1,23754,240,1,True,20,69200
CAR-04133,2025-11-14,DE,Mercedes-Benz,GLA,Diesel,Manual,Private,1,10654,240,2,True,59,37260
CAR-00452,2025-11-14,AT,Volkswagen,ID.4,Diesel,Automatic,Independent dealer,6,113371,120,1,True,41,12030
CAR-03850,2025-11-14,DE,Mercedes-Benz,C-Class,Diesel,Automatic,Independent dealer,13,240399,97,5,True,22,5860
CAR-02758,2025-11-14,DE,Volkswagen,ID.4,Electric,Automatic,Franchise dealer,5,80522,114,4,False,30,12660
CAR-04195,2025-11-14,DE,Mercedes-Benz,C-Class,Petrol,Manual,Franchise dealer,6,139565,149,4,True,14,9790
CAR-02784,2025-11-14,DE,BMW,i4,Electric,Automatic,Independent dealer,3,55112,73,1,True,29,32190
CAR-03172,2025-11-14,DE,Volkswagen,Tiguan,Petrol,Automatic,Independent dealer,1,28815,167,1,True,35,36960
CAR-04162,2025-11-14,DE,Skoda,Superb,Petrol,Manual,Franchise dealer,5,96626,153,3,True,29,13520
CAR-03584,2025-11-15,DE,Skoda,Octavia,Petrol,Automatic,Private,3,76253,104,2,True,32,11970
CAR-00060,2025-11-15,AT,Volkswagen,Golf,Petrol,Automatic,Independent dealer,4,59246,121,1,True,32,12370
CAR-03598,2025-11-15,AT,Skoda,Enyaq,Electric,Manual,Franchise dealer,6,125271,85,2,True,35,10990
CAR-03355,2025-11-15,DE,Audi,e-tron,Diesel,Automatic,Franchise dealer,2,46721,157,1,True,8,45870
CAR-04660,2025-11-16,DE,Volkswagen,Tiguan,Electric,Manual,Independent dealer,5,79898,158,1,True,72,13980
CAR-00011,2025-11-16,DE,Skoda,Karoq,Petrol,Automatic,Independent dealer,2,46596,174,1,True,57,21390
CAR-04377,2025-11-17,DE,BMW,3 Series,Diesel,Automatic,Independent dealer,2,35681,116,2,True,31,27800
CAR-02676,2025-11-17,DE,Mercedes-Benz,E-Class,Petrol,Automatic,Franchise dealer,10,202072,229,5,True,70,6970
CAR-00433,2025-11-17,DE,Volkswagen,Passat,Hybrid,Automatic,Franchise dealer,6,108289,135,2,True,25,11490
CAR-00077,2025-11-17,DE,Volkswagen,ID.4,Petrol,Automatic,Franchise dealer,5,104372,163,3,True,120,14770
CAR-01503,2025-11-17,DE,Mercedes-Benz,C-Class,Petrol,Automatic,Independent dealer,4,113222,151,2,True,11,18310
CAR-04100,2025-11-17,DE,Audi,e-tron,Petrol,Automatic,Independent dealer,1,16611,219,1,True,5,52980
CAR-01779,2025-11-17,DE,Mercedes-Benz,A-Class,Electric,Manual,Franchise dealer,8,140565,126,3,True,22,5350
CAR-04690,2025-11-17,DE,Mercedes-Benz,GLA,Hybrid,Automatic,Independent dealer,9,157969,225,4,True,23,5390
CAR-03215,2025-11-17,NL,Volkswagen,Passat,Petrol,Automatic,Franchise dealer,6,118621,177,2,True,12,11020
CAR-04954,2025-11-18,DE,Audi,Q3,Electric,Automatic,Private,6,118644,199,3,True,49,10560
CAR-00224,2025-11-18,DE,Audi,Q5,Petrol,Automatic,Private,3,41409,147,1,True,18,34460
CAR-01056,2025-11-18,DE,Skoda,Octavia,Hybrid,Automatic,Independent dealer,6,145208,173,4,True,56,7040
CAR-03168,2025-11-18,AT,BMW,5 Series,Electric,Manual,Independent dealer,13,182466,149,4,True,19,5490
CAR-00746,2025-11-18,DE,Audi,Q3,Electric,Automatic,Private,1,30966,107,1,True,44,34240
CAR-03626,2025-11-18,DE,Skoda,Octavia,Petrol,Manual,Independent dealer,11,152698,98,4,True,23,4930
CAR-04802,2025-11-19,DE,BMW,5 Series,Petrol,Automatic,Independent dealer,7,132831,137,3,False,66,8400
CAR-04650,2025-11-19,NL,Volkswagen,Tiguan,Hybrid,Automatic,Independent dealer,9,154691,85,4,True,36,5390
CAR-00124,2025-11-19,AT,BMW,i4,Petrol,Manual,Franchise dealer,5,88270,88,3,True,26,18200
CAR-03180,2025-11-19,NL,Skoda,Kodiaq,Petrol,Manual,Franchise dealer,5,79223,196,2,False,17,12230
CAR-00639,2025-11-19,DE,Skoda,Superb,Diesel,Manual,Independent dealer,3,71610,203,1,True,66,21810
CAR-02010,2025-11-19,DE,BMW,3 Series,Hybrid,Automatic,Franchise dealer,8,158016,82,3,True,34,6020
CAR-03575,2025-11-20,DE,Audi,Q5,Diesel,Automatic,Independent dealer,8,86645,127,3,True,94,10220
CAR-00055,2025-11-20,NL,Volkswagen,Passat,Petrol,Automatic,Private,3,69854,146,2,True,22,19100
CAR-04735,2025-11-20,AT,Volkswagen,ID.3,Petrol,Automatic,Independent dealer,9,184787,185,3,True,22,5850
CAR-01259,2025-11-21,DE,Skoda,Superb,Petrol,Automatic,Franchise dealer,5,78355,100,2,True,70,12190
CAR-01069,2025-11-21,DE,Audi,e-tron,Electric,Automatic,Independent dealer,2,49669,127,2,True,65,49220
CAR-00887,2025-11-21,DE,BMW,X3,Diesel,Automatic,Independent dealer,2,35022,173,1,True,62,39380
CAR-01768,2025-11-21,DE,BMW,5 Series,Diesel,Manual,Independent dealer,7,91172,168,2,True,46,13480
CAR-04548,2025-11-21,DE,Volkswagen,ID.4,Diesel,Automatic,Independent dealer,2,56763,184,1,False,49,24290
CAR-01182,2025-11-22,DE,BMW,X3,Petrol,Manual,Private,4,42799,138,2,True,14,24830
CAR-03883,2025-11-22,DE,Mercedes-Benz,E-Class,Petrol,Manual,Independent dealer,7,89417,159,3,True,138,13490
CAR-02805,2025-11-22,DE,Audi,A3,Diesel,Automatic,Independent dealer,4,82330,163,2,True,25,16250
CAR-01861,2025-11-22,DE,Skoda,Enyaq,Electric,Automatic,Private,6,83005,174,3,True,27,12970
CAR-00354,2025-11-22,DE,Mercedes-Benz,GLA,Petrol,Automatic,Franchise dealer,5,94673,156,3,True,38,14320
CAR-00132,2025-11-22,DE,Mercedes-Benz,EQE,Petrol,Automatic,Franchise dealer,1,36275,168,2,True,35,52040
CAR-03691,2025-11-22,DE,Volkswagen,Golf,Petrol,Automatic,Private,7,107346,115,2,True,4,6180
CAR-02878,2025-11-22,DE,Mercedes-Benz,C-Class,Hybrid,Manual,Franchise dealer,10,183599,137,4,True,49,6160
CAR-04007,2025-11-22,DE,BMW,X1,Electric,Manual,Private,11,178422,70,4,False,17,5970
CAR-04705,2025-11-22,DE,Audi,e-tron,Petrol,Manual,Private,12,161655,144,5,True,9,5610
CAR-04857,2025-11-22,DE,Volkswagen,Tiguan,Petrol,Automatic,Independent dealer,8,144645,168,4,True,21,6140
CAR-02893,2025-11-23,DE,Volkswagen,ID.3,Petrol,Manual,Franchise dealer,8,124730,135,2,True,48,6040
CAR-01115,2025-11-23,NL,BMW,5 Series,Diesel,Manual,Franchise dealer,1,36882,199,1,True,5,46690
CAR-03632,2025-11-23,DE,Mercedes-Benz,GLA,Petrol,Manual,Private,5,115924,123,3,True,44,10430
CAR-03766,2025-11-23,DE,Mercedes-Benz,A-Class,Hybrid,Automatic,Independent dealer,3,56225,115,2,True,35,20510
CAR-04830,2025-11-24,DE,Mercedes-Benz,C-Class,Petrol,Automatic,Independent dealer,6,104746,100,2,True,68,9990
CAR-04439,2025-11-24,DE,Audi,A3,Hybrid,Manual,Private,4,95761,124,2,True,49,11690
CAR-01879,2025-11-24,DE,Mercedes-Benz,EQE,Petrol,Manual,Franchise dealer,9,126549,76,3,True,63,7400
CAR-02132,2025-11-24,DE,Skoda,Superb,Petrol,Automatic,Independent dealer,2,46386,187,1,True,26,26190
CAR-00267,2025-11-24,NL,BMW,X1,Petrol,Automatic,Independent dealer,8,181108,126,4,True,63,5320
CAR-00273,2025-11-24,DE,Mercedes-Benz,A-Class,Diesel,Manual,Independent dealer,4,103017,125,3,False,7,9850
CAR-03406,2025-11-24,AT,Mercedes-Benz,A-Class,Diesel,Automatic,Franchise dealer,1,21882,151,1,True,62,38130
CAR-03536,2025-11-24,AT,Audi,Q3,Diesel,Automatic,Franchise dealer,3,51933,145,1,True,33,25120
CAR-01230,2025-11-25,NL,BMW,i4,Hybrid,Automatic,Independent dealer,1,36060,146,1,False,90,50280
CAR-02752,2025-11-25,DE,Volkswagen,Passat,Hybrid,Manual,Independent dealer,3,59102,129,2,True,36,18960
CAR-01983,2025-11-26,DE,Audi,Q5,Diesel,Automatic,Private,9,152404,113,4,True,13,5430
CAR-04803,2025-11-26,DE,Mercedes-Benz,C-Class,Hybrid,Automatic,Franchise dealer,6,105774,143,3,True,48,13410
CAR-00756,2025-11-26,DE,Audi,A3,Petrol,Automatic,Independent dealer,3,78974,141,3,True,42,16840
CAR-02600,2025-11-26,DE,Audi,e-tron,Petrol,Manual,Independent dealer,8,136434,70,4,True,39,7790
CAR-01551,2025-11-27,DE,Mercedes-Benz,A-Class,Electric,Automatic,Franchise dealer,2,42644,103,2,True,95,24800
CAR-01947,2025-11-27,DE,Skoda,Enyaq,Diesel,Automatic,Independent dealer,2,44885,202,1,True,72,35080
CAR-01765,2025-11-27,DE,BMW,X3,Petrol,Automatic,Franchise dealer,0,20272,161,1,True,55,56500
CAR-01164,2025-11-27,AT,BMW,X1,Petrol,Manual,Franchise dealer,3,37940,154,2,False,32,18280
CAR-01573,2025-11-27,DE,Volkswagen,ID.4,Electric,Automatic,Private,6,140517,70,4,False,15,6500
CAR-00008,2025-11-27,AT,BMW,i4,Diesel,Manual,Franchise dealer,13,188911,176,5,True,101,5650
CAR-01283,2025-11-27,DE,Volkswagen,ID.3,Hybrid,Automatic,Franchise dealer,4,63644,191,1,True,8,20240
CAR-04648,2025-11-27,DE,Audi,e-tron,Petrol,Automatic,Independent dealer,5,94262,91,3,True,14,20790
CAR-04037,2025-11-27,DE,Volkswagen,Golf,Diesel,Automatic,Independent dealer,6,145839,159,3,True,39,6460
CAR-01894,2025-11-27,DE,Audi,Q3,Petrol,Automatic,Private,3,71106,160,1,True,11,20960
CAR-02974,2025-11-27,DE,Mercedes-Benz,A-Class,Diesel,Automatic,Independent dealer,8,160995,162,3,True,44,5280
CAR-01401,2025-11-28,DE,BMW,i4,Hybrid,Automatic,Independent dealer,7,122704,99,3,True,42,10230
CAR-04940,2025-11-29,NL,Skoda,Superb,Electric,Automatic,Franchise dealer,7,90337,119,3,True,20,9450
CAR-01152,2025-11-29,DE,BMW,3 Series,Petrol,Automatic,Franchise dealer,3,53607,115,2,True,52,22760
CAR-04696,2025-11-29,DE,Audi,Q3,Petrol,Automatic,Franchise dealer,12,238468,70,5,True,112,5600
CAR-00962,2025-11-29,DE,BMW,3 Series,Petrol,Manual,Independent dealer,1,31008,92,1,True,21,32710
CAR-01548,2025-11-29,DE,Audi,A4,Diesel,Manual,Independent dealer,2,25203,193,1,True,81,32450
CAR-03459,2025-11-29,DE,Volkswagen,Tiguan,Hybrid,Manual,Independent dealer,2,35696,70,1,True,24,25140
CAR-01609,2025-11-29,DE,Mercedes-Benz,E-Class,Electric,Manual,Franchise dealer,5,98228,205,3,False,30,19680
CAR-01399,2025-11-29,DE,Audi,A3,Petrol,Automatic,Independent dealer,4,75386,221,2,True,52,15870
CAR-03852,2025-11-30,DE,Audi,A4,Diesel,Automatic,Independent dealer,1,24618,134,1,True,47,40430
CAR-01670,2025-11-30,DE,Audi,A4,Diesel,Automatic,Independent dealer,8,89582,151,3,True,19,8680
CAR-01225,2025-11-30,DE,Skoda,Superb,Petrol,Manual,Franchise dealer,6,104830,154,2,True,56,9400
CAR-02085,2025-11-30,DE,Audi,Q5,Petrol,Manual,Franchise dealer,4,60639,284,3,True,21,33430
CAR-03235,2025-11-30,AT,BMW,i4,Hybrid,Automatic,Independent dealer,4,54429,133,3,False,16,22490
CAR-00934,2025-11-30,DE,Volkswagen,Tiguan,Diesel,Automatic,Private,11,182324,125,3,False,61,5070
CAR-03685,2025-11-30,DE,BMW,X3,Diesel,Automatic,Franchise dealer,3,45144,199,2,True,40,34730
CAR-01394,2025-11-30,DE,Volkswagen,Tiguan,Diesel,Automatic,Private,7,122388,192,4,True,62,8000
CAR-01312,2025-12-01,NL,Mercedes-Benz,GLA,Petrol,Automatic,Independent dealer,4,68726,99,3,True,32,16750
CAR-04525,2025-12-01,DE,Mercedes-Benz,E-Class,Diesel,Automatic,Independent dealer,7,123041,112,2,True,133,10160
CAR-04731,2025-12-01,AT,Skoda,Octavia,Petrol,Automatic,Independent dealer,4,108041,81,2,True,14,10050
CAR-04479,2025-12-01,DE,Skoda,Enyaq,Diesel,Manual,Independent dealer,2,60619,136,3,True,57,26220
CAR-02804,2025-12-01,DE,BMW,3 Series,Hybrid,Automatic,Franchise dealer,4,73185,128,2,True,71,19280
CAR-03426,2025-12-01,DE,BMW,3 Series,Diesel,Automatic,Independent dealer,3,51157,167,1,True,45,24950
CAR-02647,2025-12-02,DE,Volkswagen,Golf,Petrol,Automatic,Independent dealer,4,82150,223,3,True,26,14140
CAR-00674,2025-12-02,DE,Mercedes-Benz,GLA,Electric,Manual,Independent dealer,9,66222,110,4,False,35,5890
CAR-02028,2025-12-02,DE,Mercedes-Benz,E-Class,Electric,Automatic,Independent dealer,3,57730,117,2,True,20,33830
CAR-00202,2025-12-03,DE,Mercedes-Benz,EQE,Electric,Automatic,Independent dealer,10,223540,152,5,True,57,5560
CAR-02263,2025-12-03,DE,BMW,X3,Petrol,Manual,Private,8,137780,112,3,True,52,7300
CAR-02686,2025-12-03,DE,Audi,A4,Electric,Automatic,Franchise dealer,8,145486,70,4,True,2,6510
CAR-00552,2025-12-03,NL,BMW,i4,Electric,Manual,Franchise dealer,12,159184,140,4,True,26,5070
CAR-01580,2025-12-03,DE,Skoda,Kodiaq,Petrol,Automatic,Franchise dealer,6,95470,117,2,True,84,12160
CAR-04545,2025-12-03,DE,Audi,A3,Electric,Automatic,Independent dealer,3,41298,186,2,True,35,22970
CAR-00987,2025-12-03,DE,BMW,5 Series,Electric,Automatic,Independent dealer,4,79798,168,2,True,76,24440
CAR-02399,2025-12-03,DE,Mercedes-Benz,EQE,Petrol,Automatic,Franchise dealer,3,64126,176,2,True,105,38350
CAR-04401,2025-12-04,DE,Volkswagen,Passat,Electric,Automatic,Independent dealer,2,41575,70,1,True,71,23080
CAR-03354,2025-12-04,DE,Mercedes-Benz,EQE,Petrol,Manual,Independent dealer,5,74318,89,2,True,21,23010
CAR-00633,2025-12-04,DE,Audi,A3,Petrol,Automatic,Franchise dealer,2,52800,70,1,True,48,21220
CAR-01308,2025-12-04,DE,BMW,5 Series,Petrol,Automatic,Independent dealer,6,85388,134,1,True,36,16430
CAR-04234,2025-12-04,DE,BMW,X1,Diesel,Automatic,Independent dealer,2,56838,148,2,True,40,30220
CAR-04920,2025-12-04,DE,Audi,Q3,Diesel,Manual,Franchise dealer,8,122661,233,4,True,44,7210
CAR-03734,2025-12-04,DE,BMW,X3,Electric,Automatic,Franchise dealer,4,64431,78,2,True,23,22880
CAR-03453,2025-12-04,DE,BMW,3 Series,Petrol,Manual,Franchise dealer,6,81979,163,3,True,71,11600
CAR-01248,2025-12-04,DE,Skoda,Enyaq,Diesel,Manual,Private,3,46116,74,3,True,100,23010
CAR-02020,2025-12-05,DE,Volkswagen,Passat,Petrol,Manual,Franchise dealer,8,130155,70,3,True,32,5800
CAR-02461,2025-12-05,DE,Volkswagen,ID.4,Hybrid,Automatic,Franchise dealer,4,66603,106,2,True,19,21780
CAR-01993,2025-12-05,DE,BMW,X1,Petrol,Automatic,Franchise dealer,13,220933,168,4,True,56,5720
CAR-00978,2025-12-05,DE,Mercedes-Benz,GLA,Electric,Automatic,Franchise dealer,4,91638,170,2,True,71,19100
CAR-04634,2025-12-05,AT,Volkswagen,Golf,Electric,Automatic,Independent dealer,3,65159,155,1,True,50,16230
CAR-00803,2025-12-06,DE,Mercedes-Benz,C-Class,Petrol,Automatic,Independent dealer,3,49812,223,2,True,130,28300
CAR-02662,2025-12-06,DE,Audi,A3,Petrol,Manual,Franchise dealer,3,56014,93,2,True,46,15450
CAR-00991,2025-12-06,DE,Volkswagen,Passat,Diesel,Automatic,Franchise dealer,5,71958,120,3,True,16,13650
CAR-00046,2025-12-06,DE,Audi,Q3,Diesel,Automatic,Franchise dealer,3,75250,174,1,True,35,20870
CAR-00800,2025-12-06,NL,Volkswagen,Tiguan,Hybrid,Automatic,Independent dealer,3,45333,149,2,True,15,27450
CAR-00262,2025-12-06,DE,Audi,e-tron,Electric,Automatic,Franchise dealer,6,125485,150,3,True,60,19320
CAR-04892,2025-12-07,DE,Mercedes-Benz,GLA,Petrol,Automatic,Franchise dealer,10,146030,116,4,True,45,5490
CAR-01945,2025-12-07,NL,Skoda,Karoq,Hybrid,Automatic,Franchise dealer,6,116680,156,2,True,43,9970
CAR-04654,2025-12-07,DE,Audi,A4,Diesel,Automatic,Franchise dealer,1,17771,77,2,True,62,30520
CAR-00302,2025-12-08,DE,Mercedes-Benz,A-Class,Diesel,Automatic,Independent dealer,1,15940,74,1,True,52,29950
CAR-02513,2025-12-08,DE,BMW,X3,Electric,Automatic,Independent dealer,3,86986,190,1,True,31,31450
CAR-01616,2025-12-08,DE,BMW,5 Series,Electric,Automatic,Franchise dealer,3,58648,101,1,True,31,36360
CAR-04422,2025-12-08,DE,Volkswagen,ID.4,Petrol,Automatic,Independent dealer,4,34089,151,1,True,67,24010
CAR-00231,2025-12-09,DE,Audi,e-tron,Petrol,Automatic,Independent dealer,13,261531,130,5,True,40,5200
CAR-00825,2025-12-09,DE,BMW,5 Series,Petrol,Automatic,Private,4,60180,138,1,True,35,27930
CAR-04216,2025-12-09,DE,Volkswagen,Golf,Hybrid,Automatic,Independent dealer,3,55457,172,1,True,20,19780
CAR-01392,2025-12-09,DE,BMW,3 Series,Electric,Automatic,Franchise dealer,7,112698,209,4,True,41,9160
CAR-03761,2025-12-09,NL,Audi,A3,Petrol,Automatic,Independent dealer,4,82319,141,2,True,24,16760
CAR-03098,2025-12-09,DE,Audi,e-tron,Petrol,Automatic,Franchise dealer,4,93243,162,2,True,105,29720
CAR-00505,2025-12-09,DE,Volkswagen,Passat,Diesel,Manual,Independent dealer,4,96058,178,2,True,20,12470
CAR-01125,2025-12-10,DE,Mercedes-Benz,A-Class,Petrol,Automatic,Franchise dealer,4,80514,157,1,True,33,15770
CAR-00178,2025-12-10,DE,Skoda,Enyaq,Petrol,Automatic,Franchise dealer,1,33258,93,1,True,18,37820
CAR-00594,2025-12-10,DE,BMW,X3,Hybrid,Automatic,Private,3,77246,190,2,False,54,24050
CAR-01280,2025-12-10,DE,Audi,A3,Petrol,Automatic,Franchise dealer,5,87551,186,2,True,32,13250
CAR-03208,2025-12-10,DE,BMW,i4,Petrol,Manual,Franchise dealer,9,195740,73,3,True,15,5550
CAR-03028,2025-12-10,DE,Volkswagen,Passat,Diesel,Automatic,Independent dealer,3,66869,140,1,True,27,22950
CAR-02874,2025-12-10,DE,BMW,i4,Diesel,Manual,Franchise dealer,13,198721,159,4,True,22,5200
CAR-04270,2025-12-11,DE,Skoda,Karoq,Hybrid,Automatic,Independent dealer,6,90074,93,3,True,45,9710
CAR-03451,2025-12-11,DE,Mercedes-Benz,C-Class,Electric,Manual,Private,3,59376,203,2,True,57,24940
CAR-03708,2025-12-11,DE,Mercedes-Benz,C-Class,Petrol,Manual,Private,1,29835,87,1,True,35,30020
CAR-01950,2025-12-11,DE,Skoda,Kodiaq,Hybrid,Automatic,Franchise dealer,3,66462,136,1,True,24,23450
CAR-04509,2025-12-12,DE,Audi,Q3,Diesel,Automatic,Franchise dealer,4,64278,100,2,False,66,15250
CAR-01974,2025-12-12,DE,BMW,X1,Petrol,Automatic,Independent dealer,3,41599,122,2,True,21,21390
CAR-02949,2025-12-13,AT,Skoda,Octavia,Petrol,Automatic,Franchise dealer,5,129946,182,3,True,133,11780
CAR-02768,2025-12-13,DE,Volkswagen,ID.3,Petrol,Automatic,Independent dealer,4,38669,115,1,False,13,14440
CAR-01999,2025-12-14,DE,Mercedes-Benz,EQE,Hybrid,Automatic,Franchise dealer,1,38147,76,2,True,61,53650
CAR-02839,2025-12-14,NL,BMW,X3,Petrol,Automatic,Private,1,10289,164,1,True,32,45610
CAR-03864,2025-12-14,DE,Skoda,Enyaq,Diesel,Automatic,Independent dealer,9,174502,136,5,True,6,5920
CAR-04895,2025-12-14,DE,Mercedes-Benz,C-Class,Electric,Automatic,Independent dealer,8,115836,164,4,True,44,9780
CAR-02266,2025-12-15,DE,Volkswagen,Passat,Petrol,Automatic,Franchise dealer,5,73232,70,1,True,18,14770
CAR-04193,2025-12-16,DE,Volkswagen,Tiguan,Electric,Automatic,Franchise dealer,1,28852,132,1,True,63,34750
CAR-00458,2025-12-16,AT,Volkswagen,Golf,Hybrid,Automatic,Private,5,78022,159,3,True,57,11770
CAR-00257,2025-12-17,NL,BMW,i4,Diesel,Manual,Franchise dealer,3,38256,128,3,True,130,31000
CAR-02447,2025-12-17,DE,Audi,A3,Electric,Automatic,Franchise dealer,3,42423,84,2,True,37,21760
CAR-02697,2025-12-17,DE,BMW,X1,Petrol,Automatic,Independent dealer,12,210637,220,5,True,30,5580
CAR-03305,2025-12-17,NL,BMW,X3,Petrol,Manual,Franchise dealer,1,25648,144,1,True,31,54520
CAR-01064,2025-12-17,DE,Audi,e-tron,Petrol,Automatic,Independent dealer,5,95060,161,2,False,13,19270
CAR-00375,2025-12-17,DE,BMW,X1,Hybrid,Automatic,Independent dealer,2,50378,114,1,True,7,29790
CAR-03296,2025-12-17,AT,Volkswagen,ID.4,Electric,Manual,Independent dealer,6,97555,185,4,True,43,10950
CAR-00788,2025-12-18,DE,Volkswagen,Golf,Electric,Automatic,Independent dealer,1,31756,136,1,True,12,28850
CAR-01527,2025-12-18,DE,Mercedes-Benz,EQE,Petrol,Manual,Private,6,99466,186,4,True,30,16100
CAR-04064,2025-12-18,DE,BMW,5 Series,Petrol,Automatic,Franchise dealer,3,72588,166,2,True,64,29980
CAR-01865,2025-12-18,DE,Skoda,Superb,Diesel,Automatic,Independent dealer,2,39119,150,1,True,49,28060
CAR-02048,2025-12-18,DE,BMW,3 Series,Petrol,Automatic,Private,3,50130,127,1,True,36,21400
CAR-00149,2025-12-19,DE,BMW,i4,Hybrid,Automatic,Independent dealer,7,171469,171,2,True,35,9440
CAR-00367,2025-12-20,DE,Volkswagen,ID.3,Diesel,Automatic,Franchise dealer,10,136718,114,5,True,30,6100
CAR-04986,2025-12-20,DE,Volkswagen,Golf,Hybrid,Manual,Private,3,66499,123,2,True,54,14110
CAR-03189,2025-12-20,DE,Audi,e-tron,Diesel,Manual,Independent dealer,6,123578,150,3,True,73,13030
CAR-01638,2025-12-20,DE,Audi,A4,Hybrid,Manual,Private,1,28916,97,1,True,16,29890
CAR-01011,2025-12-20,DE,Mercedes-Benz,C-Class,Hybrid,Manual,Private,1,31361,188,3,True,89,36850
CAR-01203,2025-12-21,DE,Volkswagen,Golf,Diesel,Automatic,Independent dealer,7,119804,145,4,True,27,5520
CAR-03113,2025-12-21,DE,Volkswagen,ID.4,Electric,Manual,Independent dealer,5,114525,172,1,True,44,13980
CAR-00913,2025-12-21,AT,Skoda,Octavia,Petrol,Automatic,Franchise dealer,6,111288,167,1,True,4,8930
CAR-00097,2025-12-21,DE,BMW,3 Series,Petrol,Automatic,Independent dealer,5,100933,117,3,True,89,11660
CAR-02722,2025-12-22,DE,Audi,A3,Electric,Automatic,Independent dealer,3,38110,111,2,True,40,19330
CAR-02823,2025-12-22,AT,Skoda,Kodiaq,Electric,Automatic,Franchise dealer,5,124232,132,2,True,164,13790
CAR-02464,2025-12-22,DE,Audi,e-tron,Hybrid,Manual,Independent dealer,4,90577,70,3,True,17,24520
CAR-01555,2025-12-22,NL,Volkswagen,Tiguan,Hybrid,Automatic,Independent dealer,5,56674,180,3,True,60,17640
CAR-04060,2025-12-22,NL,Skoda,Enyaq,Petrol,Automatic,Franchise dealer,10,159933,166,5,False,46,5820
CAR-01196,2025-12-23,NL,Audi,A3,Hybrid,Automatic,Franchise dealer,4,89083,128,2,False,4,13530
CAR-02961,2025-12-23,AT,Skoda,Kodiaq,Petrol,Automatic,Franchise dealer,5,70732,195,2,True,57,17660
CAR-02623,2025-12-23,DE,Skoda,Enyaq,Hybrid,Manual,Franchise dealer,3,54836,228,1,True,11,26830
CAR-00269,2025-12-24,NL,BMW,i4,Hybrid,Manual,Private,3,62678,137,2,True,70,27460
CAR-03156,2025-12-24,DE,BMW,X1,Electric,Automatic,Independent dealer,1,25666,95,2,True,34,32080
CAR-04503,2025-12-24,DE,Mercedes-Benz,E-Class,Hybrid,Automatic,Franchise dealer,2,26823,152,1,True,36,53540
CAR-00857,2025-12-24,DE,Skoda,Enyaq,Hybrid,Automatic,Independent dealer,2,55105,198,1,True,66,29860
CAR-04260,2025-12-24,AT,Skoda,Enyaq,Petrol,Automatic,Independent dealer,1,14919,108,1,True,70,38250
CAR-04530,2025-12-25,DE,Volkswagen,Golf,Petrol,Manual,Franchise dealer,2,64277,202,1,True,25,20230
CAR-00193,2025-12-25,DE,Volkswagen,ID.3,Hybrid,Automatic,Independent dealer,3,40939,232,3,True,50,26560
CAR-01775,2025-12-25,NL,Mercedes-Benz,A-Class,Petrol,Automatic,Private,1,7472,139,1,True,19,31700
CAR-00778,2025-12-25,DE,Volkswagen,Passat,Petrol,Automatic,Private,4,95261,82,3,True,60,12780
CAR-02397,2025-12-25,AT,BMW,X1,Petrol,Automatic,Independent dealer,5,120443,73,3,True,33,11200
CAR-01996,2025-12-25,AT,Audi,A3,Electric,Automatic,Independent dealer,7,128356,191,2,True,48,8650
CAR-02517,2025-12-25,DE,Audi,Q3,Diesel,Automatic,Franchise dealer,3,45674,212,1,True,55,24640
CAR-02824,2025-12-25,DE,Skoda,Karoq,Petrol,Automatic,Independent dealer,11,207967,167,5,True,43,5640
CAR-02943,2025-12-26,NL,BMW,X3,Diesel,Automatic,Private,8,126655,207,3,True,37,9090
CAR-01547,2025-12-26,DE,Volkswagen,Tiguan,Petrol,Automatic,Independent dealer,1,23731,147,2,True,18,39280
CAR-03151,2025-12-26,NL,Mercedes-Benz,GLA,Petrol,Automatic,Independent dealer,2,50453,227,2,True,26,34860
CAR-01635,2025-12-26,AT,Audi,A4,Hybrid,Automatic,Franchise dealer,3,53168,103,2,True,32,26860
CAR-04166,2025-12-26,DE,BMW,i4,Petrol,Manual,Independent dealer,1,34853,122,1,True,19,49720
CAR-00221,2025-12-27,DE,Mercedes-Benz,A-Class,Petrol,Automatic,Franchise dealer,4,62181,166,1,False,65,15460
CAR-04760,2025-12-27,DE,Mercedes-Benz,E-Class,Electric,Automatic,Independent dealer,1,32654,104,2,True,37,51210
CAR-00366,2025-12-27,DE,Volkswagen,Passat,Electric,Automatic,Franchise dealer,9,151264,129,5,True,80,6070
CAR-02559,2025-12-27,AT,BMW,3 Series,Electric,Manual,Franchise dealer,1,26196,192,1,True,67,39220
CAR-00724,2025-12-28,DE,BMW,i4,Electric,Automatic,Independent dealer,8,152794,118,5,True,43,9030
CAR-01952,2025-12-28,DE,Volkswagen,ID.3,Electric,Automatic,Private,3,60055,177,1,True,24,20350
CAR-04758,2025-12-28,AT,BMW,X1,Petrol,Automatic,Franchise dealer,3,40360,120,3,False,23,20160
CAR-03020,2025-12-28,DE,Audi,Q5,Petrol,Automatic,Independent dealer,2,40465,271,2,True,44,48780
CAR-03746,2025-12-28,DE,Audi,A3,Diesel,Automatic,Franchise dealer,1,19366,180,1,True,34,35650
CAR-01289,2025-12-28,NL,Mercedes-Benz,GLA,Diesel,Manual,Franchise dealer,3,54699,176,2,True,40,25650
CAR-02916,2025-12-28,NL,Audi,e-tron,Petrol,Automatic,Franchise dealer,3,70615,174,1,False,41,34070
CAR-04652,2025-12-29,NL,BMW,3 Series,Hybrid,Automatic,Independent dealer,8,139355,221,3,True,28,9080
CAR-01530,2025-12-29,DE,Audi,Q5,Petrol,Manual,Franchise dealer,1,40328,180,1,True,13,50470
CAR-01128,2025-12-29,AT,Volkswagen,ID.4,Hybrid,Automatic,Independent dealer,4,47182,159,3,True,20,25870
CAR-01456,2025-12-29,DE,Audi,Q3,Petrol,Automatic,Independent dealer,3,40238,198,1,True,23,30520
CAR-04458,2025-12-29,DE,BMW,X3,Diesel,Automatic,Franchise dealer,5,78409,130,2,True,3,20800
CAR-00881,2025-12-30,DE,Volkswagen,Golf,Diesel,Automatic,Franchise dealer,1,25777,125,1,True,52,26270
CAR-01660,2025-12-30,NL,BMW,5 Series,Diesel,Automatic,Independent dealer,6,116556,146,2,True,39,13340
CAR-00695,2025-12-30,AT,Mercedes-Benz,GLA,Diesel,Automatic,Independent dealer,2,44068,70,2,True,29,23290
CAR-03286,2025-12-30,DE,Volkswagen,ID.3,Electric,Automatic,Independent dealer,6,109696,146,3,True,34,10470
CAR-03709,2025-12-31,DE,Volkswagen,Golf,Electric,Automatic,Independent dealer,4,68563,97,2,True,17,12380
CAR-03896,2025-12-31,DE,Audi,e-tron,Hybrid,Manual,Independent dealer,5,104565,136,1,True,30,19480
CAR-01644,2025-12-31,DE,BMW,X1,Petrol,Automatic,Independent dealer,1,19389,112,1,False,63,31390
CAR-00988,2025-12-31,DE,Audi,Q3,Petrol,Automatic,Independent dealer,1,21210,148,1,True,21,39940
CAR-01975,2025-12-31,DE,BMW,5 Series,Petrol,Automatic,Franchise dealer,2,51882,188,1,True,60,41000
CAR-01901,2025-12-31,DE,BMW,5 Series,Diesel,Automatic,Franchise dealer,4,117573,124,3,True,30,21310
CAR-01054,2025-12-31,AT,Audi,A3,Diesel,Automatic,Private,1,36077,76,2,False,14,22870
CAR-00676,2026-01-01,DE,Skoda,Superb,Petrol,Manual,Franchise dealer,6,88582,113,4,False,35,9610
CAR-03237,2026-01-01,DE,Audi,A4,Electric,Automatic,Franchise dealer,6,113658,147,3,True,30,9660
CAR-02092,2026-01-01,DE,Mercedes-Benz,EQE,Diesel,Automatic,Franchise dealer,4,67587,109,2,True,21,29360
CAR-03074,2026-01-01,AT,Skoda,Enyaq,Petrol,Automatic,Independent dealer,9,127868,106,4,True,34,5310
CAR-00607,2026-01-01,DE,BMW,5 Series,Diesel,Automatic,Franchise dealer,9,177882,214,4,True,71,6240
CAR-02185,2026-01-01,DE,BMW,X3,Petrol,Manual,Franchise dealer,4,97127,140,1,True,40,20490
CAR-02164,2026-01-01,DE,Skoda,Octavia,Hybrid,Automatic,Independent dealer,5,101423,212,3,True,139,10950
CAR-00535,2026-01-01,AT,BMW,i4,Hybrid,Manual,Independent dealer,3,54938,204,1,True,30,38390
CAR-02189,2026-01-02,NL,Skoda,Enyaq,Hybrid,Manual,Franchise dealer,1,10303,97,2,True,36,45000
CAR-03367,2026-01-02,DE,Volkswagen,ID.4,Hybrid,Automatic,Franchise dealer,5,79277,167,2,True,24,22090
CAR-02993,2026-01-02,DE,Mercedes-Benz,E-Class,Electric,Manual,Independent dealer,5,86573,276,3,True,38,23910
CAR-02359,2026-01-02,DE,BMW,X1,Diesel,Automatic,Private,4,76633,193,2,True,47,17280
CAR-02179,2026-01-02,NL,Skoda,Kodiaq,Petrol,Automatic,Independent dealer,3,63243,132,2,True,22,22880
CAR-02876,2026-01-02,DE,Audi,e-tron,Hybrid,Manual,Independent dealer,5,63884,127,2,True,40,22920
CAR-04490,2026-01-02,AT,Mercedes-Benz,GLA,Hybrid,Automatic,Independent dealer,4,94776,97,1,True,28,19340
CAR-02655,2026-01-02,DE,Skoda,Karoq,Petrol,Automatic,Independent dealer,2,48900,127,2,True,46,22680
CAR-03029,2026-01-02,DE,Audi,A3,Petrol,Automatic,Franchise dealer,8,142066,70,3,True,17,6050
CAR-03825,2026-01-03,DE,Mercedes-Benz,GLA,Hybrid,Manual,Private,4,96498,183,2,False,59,16500
CAR-01048,2026-01-03,DE,Skoda,Octavia,Petrol,Automatic,Independent dealer,1,12150,257,1,True,73,35450
CAR-02449,2026-01-03,DE,Mercedes-Benz,E-Class,Hybrid,Manual,Franchise dealer,8,125123,151,2,True,31,11460
CAR-02679,2026-01-03,DE,Audi,Q5,Electric,Automatic,Franchise dealer,7,100717,131,2,True,55,13720
CAR-04311,2026-01-03,AT,Volkswagen,ID.3,Electric,Automatic,Independent dealer,3,53016,128,1,True,28,22300
CAR-02810,2026-01-03,DE,BMW,3 Series,Petrol,Automatic,Independent dealer,2,26493,141,1,True,50,30770
CAR-03529,2026-01-03,DE,Mercedes-Benz,C-Class,Hybrid,Manual,Franchise dealer,5,93694,145,2,True,85,15680
CAR-04659,2026-01-03,DE,BMW,X1,Diesel,Automatic,Private,6,114768,190,3,True,25,10770
CAR-04834,2026-01-04,DE,Audi,A3,Petrol,Automatic,Private,4,84145,113,3,True,35,12020
CAR-00188,2026-01-04,DE,Volkswagen,Golf,Petrol,Automatic,Independent dealer,8,146326,74,5,True,32,5480
CAR-03323,2026-01-04,DE,Volkswagen,ID.4,Petrol,Automatic,Franchise dealer,1,16604,88,1,True,15,44800
CAR-03436,2026-01-04,DE,Audi,Q3,Petrol,Automatic,Franchise dealer,4,86573,208,2,True,20,21810
CAR-00654,2026-01-04,DE,Skoda,Superb,Electric,Automatic,Private,2,44404,149,2,True,19,26420
CAR-02927,2026-01-04,DE,Mercedes-Benz,C-Class,Diesel,Automatic,Independent dealer,4,67377,231,2,True,47,23270
CAR-01137,2026-01-04,DE,Mercedes-Benz,A-Class,Diesel,Manual,Franchise dealer,6,86512,134,3,True,35,8620
CAR-01484,2026-01-04,DE,Volkswagen,ID.4,Electric,Automatic,Independent dealer,3,66319,135,3,True,7,27070
CAR-03036,2026-01-05,DE,Volkswagen,ID.3,Electric,Automatic,Franchise dealer,6,94192,159,2,True,16,12280
CAR-00356,2026-01-05,DE,Volkswagen,Golf,Petrol,Manual,Private,1,22562,141,1,True,13,24580
CAR-02309,2026-01-05,DE,Skoda,Karoq,Electric,Automatic,Private,5,76729,178,2,True,43,11960
CAR-03577,2026-01-05,DE,Audi,Q5,Petrol,Automatic,Franchise dealer,13,194239,105,5,True,66,5530
CAR-04146,2026-01-06,NL,BMW,5 Series,Petrol,Automatic,Franchise dealer,1,16411,208,1,True,32,71290
CAR-00251,2026-01-06,AT,Skoda,Octavia,Petrol,Automatic,Private,4,81711,70,3,True,6,11920
CAR-03855,2026-01-06,DE,BMW,i4,Electric,Manual,Franchise dealer,5,103101,119,4,True,22,18970
CAR-04512,2026-01-06,DE,Skoda,Superb,Electric,Manual,Private,7,121118,134,3,True,47,7470
CAR-03268,2026-01-07,DE,Skoda,Superb,Diesel,Manual,Franchise dealer,4,84571,154,3,True,30,15940
CAR-03996,2026-01-07,DE,BMW,i4,Diesel,Automatic,Independent dealer,6,100828,116,3,True,70,14740
CAR-01583,2026-01-07,DE,Audi,Q5,Petrol,Manual,Independent dealer,3,68842,191,2,True,60,32220
CAR-03941,2026-01-07,DE,BMW,X3,Petrol,Manual,Franchise dealer,3,51902,140,3,True,28,26810
CAR-03944,2026-01-07,DE,BMW,X3,Petrol,Automatic,Independent dealer,12,179111,70,5,True,50,5630
CAR-04347,2026-01-07,DE,Skoda,Kodiaq,Petrol,Automatic,Franchise dealer,8,145507,202,4,True,80,7630
CAR-02196,2026-01-07,NL,BMW,3 Series,Electric,Automatic,Independent dealer,5,95973,150,2,True,19,14860
CAR-04271,2026-01-07,DE,Mercedes-Benz,GLA,Petrol,Automatic,Private,4,86187,154,1,True,76,17010
CAR-03484,2026-01-07,DE,Volkswagen,Passat,Electric,Manual,Independent dealer,1,51680,188,1,False,71,28030
CAR-04258,2026-01-07,AT,Skoda,Karoq,Petrol,Automatic,Independent dealer,6,111860,128,2,True,42,9070
CAR-01683,2026-01-08,DE,Audi,A4,Petrol,Automatic,Franchise dealer,2,48860,167,2,True,88,30590
CAR-01556,2026-01-08,AT,Skoda,Superb,Petrol,Automatic,Independent dealer,3,58392,128,2,True,50,24280
CAR-00536,2026-01-08,DE,Mercedes-Benz,A-Class,Petrol,Automatic,Franchise dealer,6,130225,161,2,True,40,9300
CAR-02507,2026-01-08,DE,Skoda,Superb,Diesel,Manual,Independent dealer,6,92004,114,2,True,55,10330
CAR-01243,2026-01-08,DE,BMW,5 Series,Diesel,Automatic,Franchise dealer,4,68319,110,3,True,27,26390
CAR-02458,2026-01-09,DE,Audi,Q3,Diesel,Manual,Franchise dealer,2,38055,139,2,True,68,29080
CAR-03899,2026-01-09,DE,BMW,i4,Hybrid,Automatic,Private,11,164044,144,5,True,3,5920
CAR-02727,2026-01-09,DE,BMW,3 Series,Electric,Manual,Independent dealer,10,144079,186,4,True,35,5650
CAR-02231,2026-01-09,DE,Volkswagen,ID.3,Petrol,Manual,Franchise dealer,3,59202,107,3,True,104,21700
CAR-03908,2026-01-09,DE,Mercedes-Benz,E-Class,Petrol,Automatic,Independent dealer,2,46712,187,1,True,51,44370
CAR-02051,2026-01-09,DE,BMW,i4,Diesel,Automatic,Private,4,78505,209,2,True,30,23590
CAR-04517,2026-01-09,NL,Audi,Q5,Diesel,Automatic,Franchise dealer,4,67460,145,1,True,34,26040
CAR-00380,2026-01-10,DE,Mercedes-Benz,GLA,Diesel,Automatic,Franchise dealer,6,53721,146,2,True,21,14090
CAR-03342,2026-01-10,DE,BMW,5 Series,Hybrid,Automatic,Franchise dealer,6,93265,202,3,True,114,19240
CAR-01140,2026-01-10,AT,Audi,A3,Petrol,Automatic,Private,5,67481,183,2,True,55,13650
CAR-04551,2026-01-10,DE,Volkswagen,ID.3,Diesel,Manual,Franchise dealer,4,88206,200,1,True,56,16830
CAR-01839,2026-01-10,DE,Volkswagen,Passat,Petrol,Automatic,Independent dealer,4,80067,127,2,True,58,15540
CAR-00673,2026-01-10,DE,Volkswagen,ID.3,Diesel,Manual,Independent dealer,4,66637,120,3,True,12,13870
CAR-00728,2026-01-10,AT,Mercedes-Benz,E-Class,Diesel,Manual,Independent dealer,5,120390,121,2,True,47,16840
CAR-03647,2026-01-11,DE,Audi,A3,Hybrid,Automatic,Independent dealer,6,92740,164,3,True,120,11810
CAR-03090,2026-01-11,DE,Skoda,Octavia,Petrol,Automatic,Private,6,134798,179,2,True,133,7860
CAR-00301,2026-01-11,DE,BMW,X3,Diesel,Manual,Franchise dealer,12,160386,116,4,True,34,5190
CAR-01681,2026-01-11,DE,Volkswagen,Passat,Petrol,Automatic,Franchise dealer,7,151544,97,3,True,10,6840
CAR-03272,2026-01-12,DE,Volkswagen,Tiguan,Hybrid,Automatic,Independent dealer,3,47231,152,1,True,48,21940
CAR-00272,2026-01-12,DE,BMW,X1,Diesel,Automatic,Independent dealer,4,75629,70,2,True,58,16130
CAR-00282,2026-01-12,DE,Audi,A3,Electric,Manual,Independent dealer,6,112417,124,3,True,68,8650
CAR-01030,2026-01-12,DE,Mercedes-Benz,C-Class,Electric,Automatic,Franchise dealer,5,96135,166,2,True,47,19240
CAR-00429,2026-01-13,DE,Volkswagen,Tiguan,Hybrid,Automatic,Independent dealer,4,60333,158,3,True,47,19880
CAR-03287,2026-01-13,DE,Mercedes-Benz,C-Class,Electric,Automatic,Independent dealer,4,71249,265,2,True,35,26620
CAR-04674,2026-01-13,DE,Volkswagen,ID.4,Electric,Automatic,Franchise dealer,4,74376,162,1,True,14,25500
CAR-04729,2026-01-13,NL,Audi,A3,Petrol,Manual,Independent dealer,3,46952,70,1,True,64,16770
CAR-03233,2026-01-14,NL,BMW,X1,Petrol,Manual,Franchise dealer,7,133173,89,2,True,8,7450
CAR-04990,2026-01-14,DE,BMW,X3,Electric,Automatic,Independent dealer,3,39316,108,2,True,12,35830
CAR-00361,2026-01-14,DE,BMW,X3,Electric,Automatic,Private,2,65652,212,2,True,92,41550
CAR-01068,2026-01-15,DE,BMW,X1,Diesel,Manual,Private,1,28410,134,1,True,43,27910
CAR-03479,2026-01-15,DE,Mercedes-Benz,C-Class,Diesel,Automatic,Independent dealer,13,232007,134,5,True,20,5440
CAR-01267,2026-01-15,DE,Skoda,Octavia,Petrol,Manual,Independent dealer,1,14491,132,1,True,19,27600
CAR-04888,2026-01-15,DE,Audi,Q5,Diesel,Manual,Franchise dealer,4,72821,131,2,True,13,21890
CAR-01305,2026-01-15,DE,Skoda,Karoq,Petrol,Automatic,Franchise dealer,4,61683,137,2,True,25,15900
CAR-01106,2026-01-15,DE,BMW,X3,Petrol,Manual,Independent dealer,3,69399,140,1,True,20,28500
CAR-01646,2026-01-15,DE,Audi,A3,Hybrid,Manual,Private,6,117151,134,2,True,13,8640
CAR-04465,2026-01-16,DE,BMW,3 Series,Diesel,Manual,Franchise dealer,4,49095,148,1,True,29,21100
CAR-04850,2026-01-16,DE,BMW,X1,Petrol,Automatic,Private,2,62326,124,1,True,98,23670
CAR-02597,2026-01-16,DE,Audi,A4,Diesel,Manual,Private,3,61002,72,3,True,33,15980
CAR-01802,2026-01-16,DE,BMW,X1,Hybrid,Automatic,Franchise dealer,13,123638,70,5,False,84,5560
CAR-03316,2026-01-16,DE,Volkswagen,Tiguan,Diesel,Automatic,Private,3,52592,149,2,True,45,21800
CAR-03182,2026-01-16,DE,Mercedes-Benz,GLA,Electric,Manual,Private,10,119034,103,4,True,21,5140
CAR-02613,2026-01-16,DE,Volkswagen,ID.3,Petrol,Automatic,Private,4,60958,231,3,True,24,18110
CAR-00065,2026-01-16,DE,Mercedes-Benz,A-Class,Diesel,Automatic,Independent dealer,9,182788,130,3,True,58,5510
CAR-03660,2026-01-16,NL,BMW,X3,Diesel,Automatic,Independent dealer,4,43433,141,2,True,36,21340
CAR-00872,2026-01-16,DE,Skoda,Karoq,Petrol,Automatic,Private,6,94579,177,2,False,71,9220
CAR-02109,2026-01-16,NL,BMW,3 Series,Electric,Automatic,Franchise dealer,2,52197,185,1,True,77,32440
CAR-03442,2026-01-17,NL,BMW,3 Series,Diesel,Automatic,Franchise dealer,13,226053,205,5,True,45,5680
CAR-00436,2026-01-17,DE,BMW,5 Series,Petrol,Automatic,Independent dealer,2,29272,157,2,True,50,37190
CAR-02504,2026-01-17,DE,Audi,Q3,Electric,Automatic,Independent dealer,1,31564,70,2,True,57,31250
CAR-03526,2026-01-17,AT,BMW,i4,Diesel,Automatic,Independent dealer,5,112278,118,2,False,21,15550
CAR-01872,2026-01-17,DE,Skoda,Octavia,Petrol,Automatic,Franchise dealer,1,28683,117,1,True,47,22950
CAR-04073,2026-01-17,DE,BMW,3 Series,Electric,Automatic,Private,1,22411,70,1,True,22,34540
CAR-00207,2026-01-17,DE,Volkswagen,ID.3,Diesel,Manual,Franchise dealer,3,80353,77,2,True,14,15350
CAR-03411,2026-01-17,DE,BMW,X1,Petrol,Automatic,Franchise dealer,4,56534,138,2,True,31,20020
CAR-00760,2026-01-17,DE,Volkswagen,Passat,Diesel,Automatic,Independent dealer,8,185314,218,4,True,14,6210
CAR-02479,2026-01-18,DE,Skoda,Karoq,Electric,Automatic,Franchise dealer,7,83869,173,3,False,12,6760
CAR-04292,2026-01-18,AT,BMW,3 Series,Petrol,Automatic,Franchise dealer,3,48743,152,2,True,40,30390
CAR-02267,2026-01-18,DE,Mercedes-Benz,C-Class,Hybrid,Automatic,Independent dealer,6,97695,173,3,True,55,13470
CAR-03962,2026-01-18,DE,Volkswagen,Golf,Diesel,Manual,Franchise dealer,1,33262,167,1,False,39,20620
CAR-04734,2026-01-18,AT,Skoda,Enyaq,Petrol,Manual,Franchise dealer,4,78580,70,2,False,90,13680
CAR-03954,2026-01-18,DE,BMW,i4,Electric,Manual,Independent dealer,10,129142,142,3,True,32,6700
CAR-02437,2026-01-19,DE,Volkswagen,Golf,Petrol,Automatic,Private,4,82219,141,2,True,79,11910
CAR-01483,2026-01-19,NL,Audi,Q5,Petrol,Automatic,Independent dealer,3,59557,109,1,True,48,30050
CAR-00326,2026-01-19,DE,Volkswagen,ID.4,Diesel,Automatic,Private,6,154228,90,2,True,66,7480
CAR-02410,2026-01-19,DE,Volkswagen,ID.4,Petrol,Automatic,Franchise dealer,3,42131,179,2,True,88,28680
CAR-02074,2026-01-19,DE,Audi,A3,Hybrid,Automatic,Independent dealer,4,90345,114,3,True,25,13960
CAR-01033,2026-01-19,DE,Skoda,Octavia,Petrol,Automatic,Franchise dealer,7,132496,189,3,True,69,7330
CAR-00940,2026-01-19,AT,Audi,A4,Petrol,Automatic,Franchise dealer,3,79400,78,1,True,31,20110
CAR-00157,2026-01-19,DE,Volkswagen,Passat,Electric,Manual,Private,3,57387,157,2,True,8,19300
CAR-04942,2026-01-19,DE,Mercedes-Benz,EQE,Hybrid,Manual,Independent dealer,3,56076,160,1,True,26,36080
CAR-00720,2026-01-19,DE,Mercedes-Benz,E-Class,Hybrid,Automatic,Independent dealer,2,38244,145,2,True,107,42790
CAR-03643,2026-01-19,NL,BMW,i4,Petrol,Automatic,Private,1,49535,204,1,True,73,48020
CAR-04335,2026-01-19,DE,BMW,3 Series,Hybrid,Manual,Independent dealer,7,97698,168,4,True,37,8130
CAR-01190,2026-01-20,DE,Mercedes-Benz,C-Class,Hybrid,Automatic,Private,4,72200,117,2,True,44,20480
CAR-00496,2026-01-20,DE,Mercedes-Benz,E-Class,Hybrid,Automatic,Independent dealer,6,97878,107,2,True,24,16700
CAR-03006,2026-01-20,DE,Mercedes-Benz,E-Class,Petrol,Manual,Franchise dealer,5,92996,161,4,True,65,17820
CAR-04675,2026-01-20,DE,BMW,X1,Hybrid,Manual,Independent dealer,4,68513,174,1,True,34,21290
CAR-02492,2026-01-20,AT,BMW,5 Series,Hybrid,Manual,Franchise dealer,4,81046,152,2,True,24,27390
CAR-04820,2026-01-20,DE,Volkswagen,ID.4,Petrol,Automatic,Franchise dealer,8,184922,122,4,True,82,5440
CAR-01714,2026-01-21,DE,Audi,Q5,Diesel,Automatic,Private,3,39786,160,2,True,77,32210
CAR-00750,2026-01-21,DE,Audi,Q3,Diesel,Automatic,Private,2,59570,139,1,True,77,25470
CAR-00523,2026-01-21,DE,Volkswagen,Tiguan,Hybrid,Automatic,Private,3,72418,105,1,True,43,20850
CAR-04778,2026-01-21,DE,Audi,Q3,Hybrid,Automatic,Independent dealer,4,72162,70,2,True,114,18660
CAR-04644,2026-01-21,DE,Audi,Q3,Hybrid,Automatic,Independent dealer,3,63048,142,2,True,18,23100
CAR-04658,2026-01-22,NL,Mercedes-Benz,GLA,Petrol,Manual,Independent dealer,11,99471,142,4,False,79,5390
CAR-01963,2026-01-22,DE,BMW,X1,Petrol,Automatic,Independent dealer,5,87980,122,3,False,107,11760
CAR-00486,2026-01-22,DE,Mercedes-Benz,EQE,Petrol,Manual,Independent dealer,4,86881,83,2,True,33,24980
CAR-04467,2026-01-23,DE,Volkswagen,Passat,Petrol,Automatic,Franchise dealer,1,25366,111,1,False,23,29930
CAR-02030,2026-01-23,DE,BMW,X3,Petrol,Automatic,Independent dealer,2,39771,196,2,True,25,43270
CAR-03812,2026-01-23,DE,Mercedes-Benz,C-Class,Petrol,Automatic,Franchise dealer,2,59135,74,1,True,2,32940
CAR-04513,2026-01-23,DE,BMW,X1,Electric,Automatic,Independent dealer,8,139343,117,3,True,14,6620
CAR-02365,2026-01-23,DE,Volkswagen,ID.4,Electric,Manual,Franchise dealer,2,35577,125,1,True,52,28660
CAR-01612,2026-01-24,DE,Volkswagen,ID.4,Petrol,Automatic,Independent dealer,0,12633,202,1,True,42,60490
CAR-02837,2026-01-24,DE,Audi,e-tron,Diesel,Manual,Independent dealer,7,81864,184,4,True,86,14090
CAR-00100,2026-01-24,DE,Skoda,Enyaq,Diesel,Automatic,Franchise dealer,1,13033,103,1,True,71,37370
CAR-01094,2026-01-24,DE,Mercedes-Benz,GLA,Diesel,Automatic,Franchise dealer,8,176807,155,3,True,20,5900
CAR-04908,2026-01-24,DE,Volkswagen,ID.3,Petrol,Automatic,Franchise dealer,3,65489,152,2,True,40,21620
CAR-00722,2026-01-25,DE,BMW,3 Series,Electric,Manual,Independent dealer,5,99730,92,2,False,32,9150
CAR-02120,2026-01-25,DE,Audi,Q5,Electric,Automatic,Franchise dealer,7,99466,237,3,True,68,14730
CAR-01600,2026-01-25,DE,Skoda,Enyaq,Hybrid,Automatic,Franchise dealer,4,75092,129,1,True,19,20000
CAR-03711,2026-01-26,DE,Volkswagen,Passat,Electric,Manual,Private,1,36547,110,2,True,27,27350
CAR-03491,2026-01-26,DE,BMW,3 Series,Diesel,Automatic,Franchise dealer,7,180505,135,3,True,44,5170
CAR-00160,2026-01-26,DE,BMW,i4,Diesel,Automatic,Independent dealer,5,125798,149,2,True,22,15790
CAR-03568,2026-01-26,DE,Volkswagen,Tiguan,Hybrid,Automatic,Independent dealer,3,65439,185,1,True,28,22980
CAR-02400,2026-01-26,DE,Mercedes-Benz,A-Class,Diesel,Automatic,Franchise dealer,3,84571,117,1,False,10,16470
CAR-00982,2026-01-27,DE,Volkswagen,ID.4,Diesel,Automatic,Independent dealer,8,170636,118,3,True,26,5930
CAR-01004,2026-01-27,DE,Volkswagen,ID.3,Diesel,Automatic,Franchise dealer,2,52652,235,2,True,52,35670
CAR-03002,2026-01-27,AT,Audi,A3,Hybrid,Automatic,Independent dealer,12,198437,127,3,True,82,5700
CAR-03651,2026-01-27,DE,BMW,X1,Hybrid,Automatic,Franchise dealer,12,163740,139,5,True,40,5770
CAR-04111,2026-01-27,AT,Volkswagen,Passat,Petrol,Automatic,Franchise dealer,5,57692,70,2,True,80,16450
CAR-00538,2026-01-27,NL,BMW,3 Series,Electric,Automatic,Independent dealer,9,164690,159,3,True,33,5740
CAR-02171,2026-01-27,DE,Audi,e-tron,Petrol,Manual,Franchise dealer,3,44631,219,1,True,34,43600
CAR-04894,2026-01-28,DE,Volkswagen,Passat,Petrol,Automatic,Franchise dealer,8,77767,149,3,True,21,7870
CAR-03173,2026-01-28,NL,Skoda,Octavia,Electric,Manual,Independent dealer,4,80675,122,2,True,57,11700
CAR-02981,2026-01-28,DE,Audi,A4,Diesel,Manual,Franchise dealer,3,68110,137,2,True,37,19990
CAR-03847,2026-01-28,DE,Volkswagen,Tiguan,Diesel,Automatic,Private,2,38962,130,1,True,61,25240
CAR-01204,2026-01-29,DE,BMW,5 Series,Hybrid,Manual,Franchise dealer,2,38927,191,2,True,57,48830
CAR-04250,2026-01-29,NL,Audi,e-tron,Petrol,Automatic,Independent dealer,1,31831,170,1,False,125,56130
CAR-00203,2026-01-29,DE,BMW,5 Series,Hybrid,Automatic,Franchise dealer,2,41188,122,1,True,22,37450
CAR-04441,2026-01-29,DE,Audi,A4,Electric,Automatic,Independent dealer,13,294519,96,5,True,77,5570
CAR-02732,2026-01-29,DE,Mercedes-Benz,GLA,Petrol,Automatic,Private,3,54186,204,2,False,30,19070
CAR-01566,2026-01-29,DE,BMW,3 Series,Electric,Automatic,Independent dealer,3,83585,208,1,True,9,22660
CAR-02206,2026-01-29,DE,Volkswagen,Passat,Petrol,Automatic,Franchise dealer,5,78832,120,2,True,21,15860
CAR-01109,2026-01-29,DE,BMW,X3,Diesel,Automatic,Franchise dealer,6,100634,156,2,False,43,12380
CAR-03703,2026-01-29,DE,Volkswagen,Passat,Hybrid,Automatic,Independent dealer,6,85785,93,3,True,75,10830
CAR-02459,2026-01-30,DE,Mercedes-Benz,E-Class,Diesel,Automatic,Franchise dealer,2,54794,138,2,True,82,40050
CAR-00345,2026-01-30,DE,Volkswagen,ID.4,Electric,Automatic,Independent dealer,9,172033,120,4,True,60,5490
CAR-04383,2026-01-30,DE,Mercedes-Benz,C-Class,Diesel,Automatic,Independent dealer,5,91161,142,3,True,69,14300
CAR-02574,2026-01-30,DE,Mercedes-Benz,C-Class,Hybrid,Automatic,Independent dealer,3,40423,202,2,True,18,33840
CAR-02228,2026-01-30,DE,BMW,X1,Diesel,Automatic,Franchise dealer,10,198329,143,4,True,22,5820
CAR-04514,2026-01-30,DE,BMW,5 Series,Petrol,Automatic,Independent dealer,3,52036,186,2,True,35,30420
CAR-04708,2026-01-30,DE,BMW,3 Series,Petrol,Automatic,Independent dealer,5,83129,169,2,False,55,12530
CAR-00776,2026-01-31,DE,Volkswagen,Tiguan,Diesel,Automatic,Private,1,25314,111,1,True,56,29560
CAR-04630,2026-01-31,DE,Audi,Q3,Petrol,Automatic,Independent dealer,5,121674,84,2,True,42,11240
CAR-02591,2026-01-31,AT,Skoda,Kodiaq,Diesel,Manual,Private,2,50672,242,2,True,60,27390
CAR-01735,2026-01-31,AT,Volkswagen,ID.3,Petrol,Automatic,Private,3,42436,194,2,True,84,24810
CAR-02790,2026-01-31,DE,Volkswagen,Golf,Petrol,Automatic,Independent dealer,7,141194,84,3,True,33,5730
CAR-03637,2026-01-31,DE,BMW,3 Series,Petrol,Automatic,Independent dealer,2,44481,89,2,True,71,25800
CAR-03339,2026-01-31,DE,Mercedes-Benz,EQE,Diesel,Automatic,Franchise dealer,8,76401,106,4,True,47,12000
CAR-04153,2026-01-31,DE,Mercedes-Benz,C-Class,Hybrid,Automatic,Private,6,131463,123,3,True,30,12220
CAR-01977,2026-01-31,DE,Skoda,Enyaq,Petrol,Automatic,Franchise dealer,6,48210,140,2,True,61,15960
CAR-00391,2026-01-31,DE,BMW,i4,Diesel,Automatic,Private,2,35835,152,2,True,35,40110
CAR-01998,2026-02-01,NL,Volkswagen,Passat,Petrol,Automatic,Franchise dealer,2,45239,198,1,True,39,26340
CAR-02478,2026-02-01,DE,Audi,Q3,Petrol,Automatic,Franchise dealer,13,222163,180,5,True,36,5880
CAR-04332,2026-02-01,DE,BMW,5 Series,Hybrid,Automatic,Private,3,66853,70,2,True,40,25790
CAR-00661,2026-02-01,DE,Skoda,Kodiaq,Petrol,Automatic,Franchise dealer,3,47973,124,3,True,1,25790
CAR-04328,2026-02-01,DE,Volkswagen,Golf,Petrol,Automatic,Independent dealer,3,66227,172,2,True,23,18310
CAR-02396,2026-02-02,DE,Audi,e-tron,Diesel,Automatic,Independent dealer,4,62293,139,3,True,59,27630
CAR-00446,2026-02-02,DE,Skoda,Karoq,Petrol,Manual,Private,7,116711,124,3,False,34,5310
CAR-03967,2026-02-02,DE,BMW,X3,Diesel,Automatic,Independent dealer,13,168290,205,5,True,22,5820
CAR-02844,2026-02-02,DE,BMW,X3,Diesel,Automatic,Franchise dealer,2,29548,151,2,True,26,40260
CAR-02798,2026-02-02,DE,Volkswagen,Tiguan,Petrol,Manual,Private,9,118215,152,3,True,53,5860
CAR-04783,2026-02-02,DE,Mercedes-Benz,A-Class,Electric,Automatic,Independent dealer,4,47291,197,1,True,58,19590
CAR-00419,2026-02-03,DE,Skoda,Octavia,Diesel,Automatic,Private,13,222253,164,4,True,14,5720
CAR-02980,2026-02-03,DE,Volkswagen,Passat,Petrol,Automatic,Independent dealer,0,12840,173,1,True,11,50920
CAR-03158,2026-02-03,AT,Skoda,Octavia,Diesel,Automatic,Franchise dealer,3,48054,163,2,True,19,16800
CAR-04369,2026-02-03,AT,Mercedes-Benz,A-Class,Diesel,Manual,Franchise dealer,3,75887,162,2,True,32,18420
CAR-04787,2026-02-03,DE,Volkswagen,ID.3,Petrol,Automatic,Franchise dealer,4,66120,186,2,True,13,18550
CAR-00794,2026-02-03,NL,BMW,5 Series,Petrol,Automatic,Franchise dealer,4,60616,162,1,True,56,27710
CAR-03803,2026-02-04,DE,BMW,X1,Diesel,Automatic,Franchise dealer,1,17956,240,1,True,60,42800
CAR-00198,2026-02-04,AT,BMW,i4,Petrol,Manual,Independent dealer,2,43293,147,1,True,4,37500
CAR-03051,2026-02-04,DE,BMW,i4,Petrol,Automatic,Independent dealer,5,123403,118,2,True,11,16350
CAR-01689,2026-02-04,DE,Audi,Q3,Petrol,Automatic,Franchise dealer,6,92079,152,4,False,34,8950
CAR-02419,2026-02-05,DE,Skoda,Enyaq,Petrol,Automatic,Franchise dealer,1,16474,119,1,False,47,35230
CAR-01543,2026-02-05,DE,BMW,i4,Petrol,Automatic,Private,2,25963,96,3,True,20,36060
CAR-02998,2026-02-05,NL,Skoda,Superb,Hybrid,Automatic,Franchise dealer,6,109563,207,3,True,12,13600
CAR-01824,2026-02-05,AT,Volkswagen,Tiguan,Diesel,Automatic,Private,12,170249,117,5,True,139,5900
CAR-00846,2026-02-05,DE,Audi,A3,Electric,Automatic,Independent dealer,5,93398,109,2,True,30,11600
CAR-03085,2026-02-06,NL,Audi,e-tron,Electric,Automatic,Private,2,51191,197,2,True,58,48830
CAR-00669,2026-02-06,DE,Audi,A4,Diesel,Automatic,Franchise dealer,6,104626,164,3,True,21,12820
CAR-04702,2026-02-06,DE,Audi,Q5,Petrol,Automatic,Franchise dealer,6,126329,123,2,True,16,14020
CAR-01341,2026-02-07,AT,Volkswagen,ID.3,Petrol,Manual,Independent dealer,3,51361,247,2,True,88,27600
CAR-04214,2026-02-07,DE,Mercedes-Benz,EQE,Hybrid,Automatic,Independent dealer,1,25611,241,1,True,20,75960
CAR-00975,2026-02-07,DE,Volkswagen,Golf,Electric,Automatic,Private,1,39915,124,1,True,50,21660
CAR-04899,2026-02-07,DE,Volkswagen,Tiguan,Petrol,Automatic,Franchise dealer,9,152875,138,3,True,165,6240
CAR-02059,2026-02-07,DE,BMW,3 Series,Diesel,Automatic,Independent dealer,13,156213,70,5,True,25,4900
CAR-03358,2026-02-08,DE,Volkswagen,Golf,Diesel,Automatic,Franchise dealer,4,45575,116,2,True,49,14460
CAR-01568,2026-02-08,DE,Mercedes-Benz,E-Class,Hybrid,Manual,Independent dealer,5,59560,185,2,True,75,23120
CAR-00241,2026-02-08,DE,Volkswagen,ID.3,Electric,Automatic,Independent dealer,7,140818,102,3,True,111,7500
CAR-03802,2026-02-08,DE,Audi,Q5,Petrol,Automatic,Independent dealer,6,87860,121,2,False,29,13890
CAR-04324,2026-02-09,AT,BMW,3 Series,Petrol,Automatic,Franchise dealer,0,7064,70,1,True,23,58210
CAR-02681,2026-02-09,AT,Skoda,Enyaq,Electric,Automatic,Independent dealer,4,84770,106,2,True,35,18320
CAR-03965,2026-02-09,DE,BMW,5 Series,Petrol,Automatic,Private,10,185313,136,5,True,32,5330
CAR-01972,2026-02-09,DE,Volkswagen,Tiguan,Hybrid,Automatic,Independent dealer,7,164033,115,4,True,28,7130
CAR-04716,2026-02-09,DE,Audi,A3,Petrol,Manual,Independent dealer,6,85845,146,2,True,22,10490
CAR-03670,2026-02-09,DE,Audi,e-tron,Petrol,Automatic,Franchise dealer,8,84221,189,3,True,138,14860
CAR-00648,2026-02-09,DE,Volkswagen,Passat,Petrol,Manual,Independent dealer,4,56263,112,2,True,19,18160
CAR-04766,2026-02-09,DE,Volkswagen,Passat,Petrol,Manual,Private,5,50875,228,2,True,12,16830
CAR-02769,2026-02-09,DE,Skoda,Octavia,Petrol,Automatic,Independent dealer,4,46542,130,2,True,64,14820
CAR-02809,2026-02-10,AT,BMW,3 Series,Hybrid,Automatic,Independent dealer,3,44047,150,3,True,8,26870
CAR-03640,2026-02-10,DE,Audi,A4,Diesel,Manual,Franchise dealer,7,110520,75,3,True,9,6370
CAR-00542,2026-02-10,DE,Volkswagen,ID.3,Petrol,Automatic,Independent dealer,8,98939,176,4,True,63,7350
CAR-03093,2026-02-10,DE,Skoda,Octavia,Petrol,Automatic,Franchise dealer,4,70644,86,2,True,98,12380
CAR-00525,2026-02-10,DE,Audi,A3,Hybrid,Automatic,Independent dealer,8,81867,91,3,True,40,6870
CAR-04469,2026-02-11,DE,Audi,Q5,Diesel,Manual,Franchise dealer,7,123786,129,3,True,57,9310
CAR-00578,2026-02-11,DE,Skoda,Karoq,Petrol,Manual,Independent dealer,3,52123,88,1,True,14,17400
CAR-02057,2026-02-11,DE,Mercedes-Benz,EQE,Petrol,Manual,Independent dealer,7,147801,156,3,True,57,11550
CAR-03147,2026-02-11,DE,Volkswagen,ID.3,Petrol,Automatic,Independent dealer,2,32545,181,1,True,57,29780
CAR-03014,2026-02-11,NL,Audi,A4,Petrol,Automatic,Franchise dealer,5,113544,248,3,True,19,15250
CAR-04754,2026-02-11,DE,Skoda,Enyaq,Petrol,Automatic,Franchise dealer,3,70480,163,2,True,52,25350
CAR-04173,2026-02-12,AT,Audi,Q5,Petrol,Automatic,Independent dealer,3,47115,102,2,True,29,32890
CAR-01025,2026-02-12,DE,Audi,Q3,Petrol,Manual,Franchise dealer,7,98484,181,3,True,44,10820
CAR-00183,2026-02-12,DE,Audi,Q5,Petrol,Automatic,Independent dealer,1,18737,99,1,True,9,48850
CAR-01338,2026-02-12,DE,Skoda,Kodiaq,Electric,Manual,Franchise dealer,2,54877,197,1,True,14,30080
CAR-03745,2026-02-13,DE,Volkswagen,Tiguan,Diesel,Automatic,Franchise dealer,3,67530,146,1,True,33,21650
CAR-03937,2026-02-13,DE,Volkswagen,Tiguan,Petrol,Automatic,Independent dealer,3,35051,220,3,True,35,28760
CAR-00228,2026-02-13,DE,Volkswagen,Golf,Electric,Automatic,Franchise dealer,5,64431,200,3,True,51,14640
CAR-03415,2026-02-13,DE,Audi,Q3,Diesel,Automatic,Independent dealer,3,65536,132,1,True,28,21920
CAR-00332,2026-02-13,DE,Volkswagen,Tiguan,Petrol,Automatic,Franchise dealer,2,52681,233,2,True,58,37370
CAR-04500,2026-02-14,DE,BMW,X3,Electric,Automatic,Private,5,119019,143,2,True,102,16780
CAR-00336,2026-02-14,DE,BMW,5 Series,Petrol,Automatic,Independent dealer,6,125864,165,3,True,13,13050
CAR-03345,2026-02-14,DE,Volkswagen,Tiguan,Petrol,Manual,Independent dealer,7,119177,161,4,True,16,8120
CAR-04331,2026-02-14,DE,Skoda,Karoq,Petrol,Manual,Franchise dealer,3,55861,127,1,True,33,18510
CAR-00939,2026-02-14,DE,BMW,3 Series,Petrol,Automatic,Private,9,142539,132,2,True,12,5610
CAR-02460,2026-02-15,DE,Skoda,Karoq,Petrol,Automatic,Private,5,65525,111,1,True,34,12360
CAR-04636,2026-02-15,DE,Audi,A3,Petrol,Automatic,Franchise dealer,3,43728,183,2,True,34,21890
CAR-02734,2026-02-15,DE,Audi,A4,Petrol,Automatic,Franchise dealer,10,133876,124,4,True,117,5750
CAR-02407,2026-02-15,DE,Audi,A3,Petrol,Automatic,Independent dealer,0,14436,172,1,True,38,41040
CAR-04859,2026-02-15,DE,Audi,e-tron,Diesel,Automatic,Independent dealer,3,49746,133,1,True,73,32360
CAR-04431,2026-02-16,DE,Skoda,Octavia,Petrol,Manual,Independent dealer,3,41591,191,1,True,16,20310
CAR-02347,2026-02-16,NL,Volkswagen,Tiguan,Diesel,Automatic,Private,13,175882,149,5,False,9,6010
CAR-04719,2026-02-16,DE,BMW,X3,Diesel,Automatic,Franchise dealer,1,29840,236,1,True,54,55880
CAR-00455,2026-02-16,DE,BMW,3 Series,Petrol,Automatic,Private,3,49642,92,2,True,76,21100
CAR-01707,2026-02-16,DE,Audi,A4,Electric,Manual,Franchise dealer,1,47375,154,1,True,61,39640
CAR-01980,2026-02-17,DE,Skoda,Kodiaq,Diesel,Automatic,Franchise dealer,3,80072,203,3,True,64,21340
CAR-03238,2026-02-17,DE,Audi,A3,Hybrid,Manual,Franchise dealer,8,176134,70,3,True,9,5530
CAR-01535,2026-02-17,DE,Mercedes-Benz,GLA,Hybrid,Manual,Franchise dealer,3,81029,92,3,True,10,18540
CAR-01491,2026-02-17,DE,Volkswagen,Golf,Electric,Manual,Independent dealer,4,79742,70,3,True,50,11120
CAR-01489,2026-02-17,DE,Mercedes-Benz,GLA,Petrol,Automatic,Private,9,216210,167,4,True,15,5610
CAR-01656,2026-02-17,DE,Audi,A4,Diesel,Automatic,Franchise dealer,0,11744,106,1,True,11,47680
CAR-02116,2026-02-17,DE,Audi,A4,Diesel,Automatic,Franchise dealer,7,155644,207,3,True,60,8410
CAR-04213,2026-02-17,AT,BMW,X3,Electric,Manual,Independent dealer,4,120512,202,2,True,66,22520
CAR-03991,2026-02-17,DE,Mercedes-Benz,EQE,Diesel,Manual,Franchise dealer,3,72766,180,1,True,20,35200
CAR-00434,2026-02-18,DE,BMW,X3,Hybrid,Manual,Independent dealer,8,179551,163,3,False,39,5890
CAR-03140,2026-02-18,DE,Audi,A4,Petrol,Automatic,Independent dealer,1,22999,197,1,False,5,40620
CAR-02044,2026-02-18,DE,Skoda,Kodiaq,Petrol,Automatic,Franchise dealer,6,107484,171,3,True,52,10550
CAR-03914,2026-02-18,DE,Audi,e-tron,Electric,Automatic,Independent dealer,2,52232,217,1,True,47,45880
CAR-01309,2026-02-18,DE,Skoda,Superb,Diesel,Automatic,Independent dealer,2,42621,115,1,True,13,24240
CAR-02124,2026-02-19,DE,Audi,A4,Hybrid,Automatic,Independent dealer,3,54474,132,1,True,13,25980
CAR-02338,2026-02-19,DE,Mercedes-Benz,A-Class,Hybrid,Manual,Franchise dealer,4,75907,130,2,False,10,11970
CAR-02353,2026-02-19,DE,Mercedes-Benz,GLA,Petrol,Automatic,Franchise dealer,5,58774,162,3,True,25,18100
CAR-04252,2026-02-19,DE,BMW,i4,Diesel,Automatic,Franchise dealer,13,224479,106,4,True,46,6040
CAR-04626,2026-02-20,DE,Volkswagen,ID.3,Petrol,Automatic,Independent dealer,2,39677,131,1,True,17,27950
CAR-04154,2026-02-20,DE,Mercedes-Benz,E-Class,Hybrid,Manual,Franchise dealer,3,45592,182,2,True,24,40930
CAR-04948,2026-02-20,DE,Volkswagen,Passat,Petrol,Automatic,Franchise dealer,3,57384,128,1,True,46,21620
CAR-00284,2026-02-20,DE,Mercedes-Benz,E-Class,Petrol,Automatic,Franchise dealer,3,60281,185,2,True,54,37730
CAR-02385,2026-02-20,DE,Volkswagen,Golf,Diesel,Automatic,Franchise dealer,5,109750,116,3,True,42,8700
CAR-02832,2026-02-21,DE,Mercedes-Benz,A-Class,Hybrid,Automatic,Franchise dealer,4,62552,143,2,True,141,18460
CAR-02146,2026-02-21,DE,BMW,3 Series,Diesel,Automatic,Independent dealer,4,81102,131,1,True,15,17480
CAR-04840,2026-02-21,AT,Skoda,Octavia,Hybrid,Automatic,Franchise dealer,4,55393,173,2,True,29,17860
CAR-02566,2026-02-21,DE,BMW,X1,Electric,Automatic,Private,13,220468,84,5,True,69,5550
CAR-04825,2026-02-21,DE,Audi,A3,Petrol,Automatic,Franchise dealer,4,74272,161,2,True,5,15280
CAR-01433,2026-02-21,AT,BMW,i4,Petrol,Manual,Independent dealer,2,26904,144,3,True,27,42900
CAR-01414,2026-02-21,DE,BMW,X1,Petrol,Automatic,Franchise dealer,3,69060,125,3,True,48,21450
CAR-02366,2026-02-22,DE,Audi,Q5,Petrol,Automatic,Independent dealer,4,80520,153,2,True,10,23230
CAR-04779,2026-02-22,DE,Volkswagen,Passat,Petrol,Manual,Franchise dealer,4,81741,97,2,True,40,14000
CAR-02427,2026-02-22,NL,Volkswagen,Tiguan,Petrol,Automatic,Independent dealer,2,45569,75,2,True,38,27360
CAR-03582,2026-02-23,DE,Audi,Q5,Hybrid,Automatic,Independent dealer,3,64433,97,2,True,15,29610
CAR-04709,2026-02-23,DE,Audi,Q3,Diesel,Manual,Franchise dealer,6,120274,133,3,True,26,9480
CAR-01513,2026-02-23,NL,Volkswagen,Golf,Petrol,Automatic,Franchise dealer,4,51788,184,1,True,49,16600
CAR-01852,2026-02-23,DE,Mercedes-Benz,E-Class,Hybrid,Automatic,Franchise dealer,5,52247,113,3,True,26,25590
CAR-00001,2026-02-23,DE,Mercedes-Benz,C-Class,Hybrid,Automatic,Franchise dealer,4,76863,166,3,True,13,20210
CAR-04135,2026-02-23,DE,BMW,i4,Electric,Automatic,Private,10,150676,168,3,True,55,6080
CAR-04977,2026-02-23,DE,BMW,3 Series,Hybrid,Automatic,Franchise dealer,8,185298,178,4,True,37,6380
CAR-00999,2026-02-23,DE,Audi,A4,Electric,Automatic,Franchise dealer,3,61662,157,2,True,34,21800
CAR-02749,2026-02-23,NL,BMW,5 Series,Diesel,Automatic,Private,1,37568,157,1,True,34,42140
CAR-00816,2026-02-23,NL,Skoda,Kodiaq,Petrol,Automatic,Independent dealer,4,53666,80,2,True,40,19850
CAR-01070,2026-02-23,DE,Skoda,Superb,Diesel,Automatic,Franchise dealer,9,108169,175,4,True,31,6750
CAR-00734,2026-02-24,DE,BMW,5 Series,Petrol,Manual,Franchise dealer,5,120837,225,3,False,66,14180
CAR-03393,2026-02-24,DE,BMW,5 Series,Petrol,Automatic,Franchise dealer,6,92984,106,2,False,39,12280
CAR-01287,2026-02-24,DE,Audi,A4,Hybrid,Manual,Independent dealer,6,111377,205,3,False,28,9150
CAR-00085,2026-02-24,DE,BMW,5 Series,Diesel,Manual,Franchise dealer,4,80053,76,2,True,25,19530
CAR-03824,2026-02-24,DE,Volkswagen,Tiguan,Electric,Automatic,Independent dealer,12,158205,176,5,True,50,5640
CAR-03232,2026-02-24,NL,Mercedes-Benz,C-Class,Electric,Automatic,Independent dealer,6,95213,193,3,True,6,15990
CAR-02817,2026-02-25,DE,Mercedes-Benz,GLA,Diesel,Automatic,Franchise dealer,7,90888,165,3,True,15,9840
CAR-03550,2026-02-25,DE,Skoda,Karoq,Petrol,Automatic,Franchise dealer,2,43270,155,1,True,21,23800
CAR-03889,2026-02-25,DE,Audi,A4,Diesel,Automatic,Independent dealer,7,109867,192,4,True,68,8880
CAR-01636,2026-02-25,NL,Audi,A4,Electric,Automatic,Private,10,140230,148,3,True,79,5770
CAR-02564,2026-02-25,DE,Volkswagen,ID.3,Petrol,Manual,Franchise dealer,2,34759,129,2,True,48,27340
CAR-00115,2026-02-26,DE,Skoda,Karoq,Diesel,Automatic,Franchise dealer,6,101006,140,3,True,137,9630
CAR-01817,2026-02-26,AT,Mercedes-Benz,C-Class,Petrol,Automatic,Private,0,15892,188,1,True,14,58270
CAR-04095,2026-02-26,DE,Audi,A4,Hybrid,Manual,Independent dealer,5,98227,89,3,True,1,12380
CAR-01679,2026-02-26,DE,Mercedes-Benz,A-Class,Electric,Automatic,Private,4,71163,206,1,True,35,16810
CAR-03052,2026-02-26,NL,Volkswagen,Golf,Hybrid,Manual,Independent dealer,5,79388,159,3,True,45,10760
CAR-02036,2026-02-26,DE,Skoda,Karoq,Diesel,Automatic,Franchise dealer,6,106169,165,2,False,86,7560
CAR-01978,2026-02-27,AT,Volkswagen,ID.4,Petrol,Manual,Private,1,32909,205,2,True,68,41160
CAR-02444,2026-02-27,DE,Mercedes-Benz,C-Class,Petrol,Automatic,Franchise dealer,8,120896,189,4,True,30,9320
CAR-04625,2026-02-27,DE,Volkswagen,Tiguan,Hybrid,Automatic,Private,2,44074,142,2,True,43,28220
CAR-04897,2026-02-27,DE,Mercedes-Benz,E-Class,Petrol,Manual,Franchise dealer,7,132524,131,3,True,22,11270
CAR-04223,2026-02-27,NL,BMW,X1,Electric,Manual,Franchise dealer,8,176053,161,4,True,61,5650
CAR-04499,2026-02-27,DE,Volkswagen,ID.3,Petrol,Manual,Independent dealer,1,20858,153,1,True,58,33280
CAR-01017,2026-02-27,DE,Volkswagen,ID.3,Hybrid,Automatic,Independent dealer,9,211876,151,4,False,17,5660
CAR-04580,2026-02-28,DE,Volkswagen,Golf,Petrol,Automatic,Private,13,202122,135,4,True,89,5280
CAR-04665,2026-02-28,DE,Audi,A4,Hybrid,Automatic,Franchise dealer,5,71002,156,3,True,38,16770
CAR-02536,2026-02-28,DE,Volkswagen,Tiguan,Diesel,Manual,Franchise dealer,4,71113,70,2,True,20,15110
CAR-02055,2026-02-28,DE,Mercedes-Benz,A-Class,Petrol,Automatic,Franchise dealer,2,39128,145,1,True,48,27910
CAR-02931,2026-02-28,AT,BMW,i4,Electric,Automatic,Independent dealer,4,64455,126,3,True,31,31940
CAR-03318,2026-02-28,DE,BMW,5 Series,Diesel,Manual,Independent dealer,3,51015,154,1,True,6,28050
CAR-03507,2026-03-01,NL,Volkswagen,ID.4,Diesel,Automatic,Franchise dealer,9,132776,135,4,True,12,5790
CAR-00965,2026-03-01,DE,Mercedes-Benz,C-Class,Petrol,Automatic,Franchise dealer,4,83619,165,2,True,64,20620
CAR-00351,2026-03-01,DE,BMW,3 Series,Petrol,Manual,Franchise dealer,8,185001,145,3,True,22,5580
CAR-04276,2026-03-01,DE,Audi,A4,Electric,Automatic,Franchise dealer,2,39806,110,1,True,44,33810
CAR-03675,2026-03-01,DE,Skoda,Kodiaq,Diesel,Automatic,Franchise dealer,4,93035,205,3,True,49,18050
CAR-00281,2026-03-01,DE,BMW,X3,Electric,Automatic,Franchise dealer,1,44344,72,1,True,23,43570
CAR-00459,2026-03-01,DE,Volkswagen,Passat,Petrol,Manual,Franchise dealer,5,99890,106,2,True,35,11210
CAR-04870,2026-03-01,DE,Mercedes-Benz,E-Class,Diesel,Automatic,Franchise dealer,4,88137,199,1,True,46,30350
CAR-04504,2026-03-01,DE,BMW,5 Series,Petrol,Automatic,Independent dealer,4,101542,102,2,True,28,17270
CAR-01590,2026-03-02,DE,BMW,3 Series,Diesel,Automatic,Independent dealer,6,126521,194,4,True,30,9980
CAR-01784,2026-03-02,DE,Audi,A4,Petrol,Manual,Franchise dealer,2,60154,98,2,False,90,22540
CAR-02130,2026-03-02,AT,BMW,i4,Petrol,Automatic,Franchise dealer,13,177316,155,5,True,39,4900
CAR-01501,2026-03-02,DE,Skoda,Octavia,Petrol,Automatic,Private,7,128508,116,5,True,79,5940
CAR-02394,2026-03-03,NL,Mercedes-Benz,GLA,Diesel,Manual,Franchise dealer,5,81696,137,2,True,64,14380
CAR-04623,2026-03-03,DE,Skoda,Superb,Diesel,Automatic,Independent dealer,4,71157,190,3,True,71,19760
CAR-02551,2026-03-03,NL,Mercedes-Benz,GLA,Diesel,Automatic,Franchise dealer,12,232422,135,4,True,74,5620
CAR-01177,2026-03-03,DE,Audi,Q3,Petrol,Manual,Independent dealer,8,98387,157,3,False,23,6220
CAR-02139,2026-03-03,NL,Volkswagen,Golf,Petrol,Automatic,Independent dealer,2,42365,141,1,True,29,21330
CAR-00918,2026-03-04,DE,Audi,A3,Hybrid,Automatic,Independent dealer,6,91974,141,3,True,21,9720
CAR-02968,2026-03-04,DE,Mercedes-Benz,A-Class,Petrol,Automatic,Independent dealer,5,61623,131,3,True,112,14270
CAR-04226,2026-03-04,DE,Volkswagen,Golf,Diesel,Manual,Franchise dealer,2,49338,214,1,True,66,23890
CAR-02703,2026-03-04,DE,Volkswagen,ID.4,Diesel,Automatic,Independent dealer,13,280908,117,5,True,31,5500
CAR-04878,2026-03-04,DE,Audi,Q3,Petrol,Manual,Independent dealer,5,107077,151,1,True,56,11350
CAR-02569,2026-03-04,DE,Skoda,Enyaq,Diesel,Manual,Franchise dealer,7,153197,130,4,False,136,6230
CAR-00873,2026-03-05,NL,Audi,e-tron,Petrol,Automatic,Independent dealer,3,59205,175,1,True,15,43160
CAR-04218,2026-03-05,DE,Skoda,Karoq,Diesel,Automatic,Independent dealer,2,30214,130,2,True,95,22940
CAR-01419,2026-03-05,NL,Skoda,Kodiaq,Electric,Manual,Independent dealer,3,45717,146,2,True,84,21780
CAR-02176,2026-03-05,DE,Audi,e-tron,Diesel,Automatic,Independent dealer,8,105548,118,3,True,70,9900
CAR-04866,2026-03-05,DE,Audi,Q5,Diesel,Automatic,Franchise dealer,9,130120,127,5,True,18,7340
CAR-01895,2026-03-05,DE,BMW,X3,Electric,Manual,Franchise dealer,2,47472,70,1,True,98,34170
CAR-00073,2026-03-06,DE,Audi,e-tron,Petrol,Automatic,Franchise dealer,2,42646,168,1,True,39,46600
CAR-01295,2026-03-06,DE,Audi,A3,Diesel,Automatic,Franchise dealer,1,30287,74,1,True,25,26400
CAR-00368,2026-03-06,DE,Audi,A4,Hybrid,Automatic,Franchise dealer,2,40475,145,2,True,25,32560
CAR-02128,2026-03-06,DE,BMW,i4,Hybrid,Automatic,Franchise dealer,6,51285,200,3,True,9,23590
CAR-04510,2026-03-06,NL,Mercedes-Benz,GLA,Hybrid,Manual,Independent dealer,6,97595,149,3,True,57,10940
CAR-03969,2026-03-07,DE,BMW,5 Series,Petrol,Manual,Franchise dealer,6,135137,105,2,True,72,12530
CAR-04147,2026-03-07,DE,Volkswagen,Tiguan,Hybrid,Automatic,Independent dealer,13,216313,226,5,True,72,5150
CAR-03409,2026-03-07,DE,BMW,X1,Electric,Automatic,Independent dealer,13,254116,226,5,True,56,5240
CAR-00591,2026-03-07,DE,Mercedes-Benz,E-Class,Petrol,Manual,Independent dealer,3,70724,127,2,True,91,31140
CAR-04108,2026-03-07,AT,Skoda,Octavia,Petrol,Automatic,Independent dealer,5,71914,141,3,True,28,13180
CAR-00818,2026-03-07,DE,Volkswagen,Tiguan,Electric,Automatic,Franchise dealer,4,58872,156,2,True,43,21170
CAR-00194,2026-03-08,DE,BMW,i4,Diesel,Automatic,Franchise dealer,2,68905,76,1,True,77,36420
CAR-01701,2026-03-08,DE,Skoda,Enyaq,Diesel,Manual,Private,1,21714,116,1,True,5,31760
CAR-04094,2026-03-09,DE,BMW,5 Series,Petrol,Automatic,Independent dealer,4,110191,136,2,True,104,22980
CAR-01721,2026-03-09,DE,Audi,Q5,Diesel,Manual,Independent dealer,4,57242,159,2,True,35,26700
CAR-03061,2026-03-09,DE,Mercedes-Benz,C-Class,Diesel,Automatic,Independent dealer,4,48541,185,2,True,36,22310
CAR-00163,2026-03-10,DE,BMW,X1,Electric,Automatic,Independent dealer,9,119549,113,4,True,28,6430
CAR-00081,2026-03-10,DE,Audi,A4,Petrol,Automatic,Independent dealer,8,150678,129,3,True,122,6520
CAR-03877,2026-03-10,DE,Skoda,Octavia,Diesel,Automatic,Independent dealer,8,121184,151,4,True,89,5900
CAR-04790,2026-03-10,NL,Mercedes-Benz,EQE,Diesel,Manual,Franchise dealer,5,84713,125,3,True,22,24270
CAR-01822,2026-03-10,DE,Mercedes-Benz,E-Class,Diesel,Manual,Independent dealer,4,60201,181,2,True,26,28100
CAR-04591,2026-03-11,DE,Mercedes-Benz,EQE,Petrol,Automatic,Independent dealer,2,38334,159,1,True,43,39590
CAR-02892,2026-03-11,DE,Volkswagen,Passat,Petrol,Automatic,Franchise dealer,6,140044,178,4,True,48,10680
CAR-03145,2026-03-11,DE,Volkswagen,ID.3,Diesel,Automatic,Franchise dealer,1,26167,123,1,True,33,34800
CAR-00390,2026-03-11,DE,Volkswagen,Golf,Hybrid,Automatic,Independent dealer,8,144350,158,2,True,79,6100
CAR-00565,2026-03-11,DE,Volkswagen,ID.4,Diesel,Automatic,Independent dealer,3,74967,244,2,True,19,26310
CAR-00650,2026-03-12,DE,Audi,Q3,Petrol,Automatic,Franchise dealer,3,67922,90,2,True,21,22290
CAR-03461,2026-03-12,DE,Volkswagen,ID.4,Hybrid,Automatic,Franchise dealer,5,96290,138,2,True,9,17490
CAR-01602,2026-03-12,DE,Volkswagen,ID.3,Diesel,Manual,Independent dealer,8,111663,80,4,True,5,5910
CAR-01962,2026-03-12,AT,Mercedes-Benz,A-Class,Hybrid,Automatic,Independent dealer,9,160066,182,3,True,75,5360
CAR-04325,2026-03-13,DE,Mercedes-Benz,E-Class,Petrol,Automatic,Independent dealer,10,159809,112,3,True,31,5970
CAR-00325,2026-03-13,DE,Volkswagen,Golf,Petrol,Automatic,Independent dealer,3,56825,153,2,True,60,16650
CAR-03533,2026-03-13,DE,BMW,i4,Electric,Automatic,Private,9,159731,144,3,True,37,7240
CAR-00996,2026-03-13,AT,Volkswagen,Passat,Diesel,Automatic,Franchise dealer,5,89039,144,1,False,44,11700
CAR-02743,2026-03-13,DE,Volkswagen,Golf,Hybrid,Automatic,Independent dealer,3,43037,145,1,True,40,18310
CAR-04138,2026-03-13,DE,Volkswagen,Golf,Petrol,Manual,Independent dealer,4,44855,158,2,True,8,13480
CAR-01874,2026-03-14,DE,Skoda,Karoq,Diesel,Automatic,Independent dealer,2,23485,222,1,True,25,24390
CAR-04414,2026-03-14,DE,Audi,A3,Diesel,Automatic,Franchise dealer,5,106988,176,2,True,42,12140
CAR-00933,2026-03-14,AT,Volkswagen,ID.3,Petrol,Automatic,Private,3,59183,124,2,True,68,19440
CAR-01172,2026-03-15,DE,Audi,A4,Diesel,Automatic,Independent dealer,10,139638,74,4,True,48,5670
CAR-01699,2026-03-15,AT,Volkswagen,ID.3,Electric,Manual,Independent dealer,2,28704,106,1,True,30,25520
CAR-01110,2026-03-15,DE,BMW,5 Series,Diesel,Automatic,Private,4,94057,179,1,True,34,21780
CAR-01482,2026-03-15,DE,Mercedes-Benz,A-Class,Petrol,Automatic,Franchise dealer,1,26327,199,1,True,84,41970
CAR-01799,2026-03-15,DE,Volkswagen,Golf,Diesel,Automatic,Independent dealer,1,35055,175,2,True,40,27950
CAR-00360,2026-03-15,DE,Skoda,Karoq,Diesel,Automatic,Independent dealer,5,131662,139,3,True,14,9060
CAR-04450,2026-03-15,DE,Volkswagen,ID.3,Petrol,Manual,Independent dealer,1,4654,110,1,True,45,33270
CAR-00239,2026-03-16,NL,BMW,X1,Hybrid,Automatic,Private,8,167116,168,2,True,45,6840
CAR-02995,2026-03-16,DE,Mercedes-Benz,E-Class,Diesel,Automatic,Franchise dealer,3,59241,203,3,True,28,33680
CAR-03671,2026-03-16,DE,Volkswagen,Golf,Petrol,Automatic,Independent dealer,6,111453,145,3,True,18,7540
CAR-00679,2026-03-16,DE,Audi,A4,Hybrid,Manual,Franchise dealer,10,152543,152,5,True,58,5710
CAR-01938,2026-03-17,AT,Audi,Q5,Hybrid,Automatic,Independent dealer,13,280280,149,5,True,42,5620
CAR-04629,2026-03-17,DE,Audi,A4,Electric,Manual,Franchise dealer,8,159417,251,3,True,74,7230
CAR-04647,2026-03-17,DE,BMW,i4,Diesel,Automatic,Franchise dealer,3,71125,188,2,True,47,30020
CAR-02957,2026-03-17,DE,BMW,5 Series,Petrol,Manual,Independent dealer,5,76093,210,2,True,26,21760
CAR-02567,2026-03-17,DE,BMW,3 Series,Electric,Automatic,Private,4,87203,109,3,True,41,13780
CAR-00563,2026-03-17,DE,Volkswagen,Passat,Petrol,Automatic,Franchise dealer,8,132057,94,3,True,53,6010
CAR-01147,2026-03-17,DE,Volkswagen,ID.4,Diesel,Automatic,Private,12,165635,142,3,True,14,5840
CAR-00928,2026-03-17,DE,Mercedes-Benz,C-Class,Diesel,Automatic,Independent dealer,2,29045,164,3,False,42,28350
CAR-03987,2026-03-17,DE,Mercedes-Benz,E-Class,Electric,Automatic,Franchise dealer,5,110977,118,2,True,73,19810
CAR-03301,2026-03-17,DE,Audi,Q5,Diesel,Automatic,Franchise dealer,5,73882,76,1,True,53,19930
CAR-02840,2026-03-18,AT,Volkswagen,Golf,Petrol,Automatic,Franchise dealer,1,27478,91,1,True,121,28840
CAR-04274,2026-03-18,DE,BMW,X1,Petrol,Automatic,Private,6,124689,95,4,True,21,9090
CAR-04944,2026-03-18,DE,Mercedes-Benz,C-Class,Hybrid,Automatic,Private,3,69978,70,1,False,56,19000
CAR-03346,2026-03-18,DE,Volkswagen,Tiguan,Electric,Manual,Franchise dealer,5,70466,170,3,True,72,15890
CAR-01770,2026-03-18,AT,Mercedes-Benz,C-Class,Hybrid,Automatic,Franchise dealer,11,157814,200,3,True,44,5830
CAR-01448,2026-03-19,AT,Volkswagen,ID.4,Electric,Automatic,Private,2,43605,175,1,True,120,33500
CAR-00128,2026-03-19,DE,BMW,5 Series,Hybrid,Automatic,Franchise dealer,4,61364,196,2,False,62,24050
CAR-04334,2026-03-19,DE,Volkswagen,ID.3,Hybrid,Automatic,Independent dealer,5,95719,89,2,True,31,12890
CAR-03141,2026-03-19,DE,BMW,X3,Diesel,Manual,Franchise dealer,3,50461,235,1,True,11,34610
CAR-00240,2026-03-20,DE,Volkswagen,ID.3,Petrol,Automatic,Private,1,28236,131,2,True,36,35470
CAR-01377,2026-03-20,DE,Skoda,Kodiaq,Petrol,Manual,Private,3,53073,155,2,True,51,22980
CAR-00500,2026-03-20,DE,Volkswagen,Golf,Electric,Manual,Private,3,73078,148,1,True,62,14690
CAR-04046,2026-03-20,DE,Audi,e-tron,Diesel,Automatic,Franchise dealer,5,84501,115,2,True,15,23960
CAR-03559,2026-03-20,DE,Mercedes-Benz,GLA,Petrol,Automatic,Franchise dealer,7,117830,165,3,False,40,6750
CAR-03404,2026-03-20,DE,Skoda,Karoq,Petrol,Automatic,Franchise dealer,4,60791,164,3,True,16,15520
CAR-01466,2026-03-20,DE,Mercedes-Benz,GLA,Diesel,Automatic,Independent dealer,3,81258,165,1,True,34,23220
CAR-00350,2026-03-20,DE,Volkswagen,ID.4,Electric,Automatic,Franchise dealer,6,64421,155,3,True,39,17120
CAR-00952,2026-03-20,AT,Audi,e-tron,Diesel,Automatic,Private,4,53697,167,2,True,29,33390
CAR-01791,2026-03-20,DE,Audi,Q5,Hybrid,Manual,Independent dealer,8,151231,74,4,True,32,6650
CAR-02160,2026-03-21,DE,Mercedes-Benz,A-Class,Petrol,Manual,Franchise dealer,3,68565,149,2,True,18,18420
CAR-04406,2026-03-21,NL,Skoda,Karoq,Petrol,Automatic,Private,9,100471,129,3,True,36,5950
CAR-04811,2026-03-21,DE,Volkswagen,Golf,Petrol,Manual,Independent dealer,3,42537,160,2,True,41,17150
CAR-03762,2026-03-21,DE,BMW,i4,Petrol,Manual,Franchise dealer,4,72951,70,3,True,15,23210
CAR-04722,2026-03-21,DE,Audi,Q5,Petrol,Automatic,Private,6,116208,144,2,True,59,13640
CAR-01418,2026-03-21,DE,Skoda,Kodiaq,Petrol,Automatic,Independent dealer,0,24398,182,1,True,46,48450
CAR-00883,2026-03-22,DE,Mercedes-Benz,EQE,Diesel,Automatic,Franchise dealer,3,50966,213,1,True,23,49470
CAR-03701,2026-03-22,AT,Audi,e-tron,Electric,Automatic,Franchise dealer,2,31279,134,2,True,18,55100
CAR-02350,2026-03-22,DE,BMW,5 Series,Hybrid,Automatic,Independent dealer,6,101332,70,2,True,65,13260
CAR-01362,2026-03-22,DE,Volkswagen,Tiguan,Diesel,Automatic,Private,0,11647,117,1,False,20,38830
CAR-02026,2026-03-22,DE,Volkswagen,Golf,Petrol,Automatic,Independent dealer,2,32143,143,1,True,16,24930
CAR-01150,2026-03-23,DE,BMW,3 Series,Petrol,Automatic,Independent dealer,3,76593,190,1,True,49,24770
CAR-00798,2026-03-23,AT,Volkswagen,Golf,Petrol,Automatic,Franchise dealer,5,83125,124,1,True,41,10550
CAR-00342,2026-03-23,DE,Volkswagen,ID.4,Diesel,Automatic,Private,1,30138,170,2,True,152,36080
CAR-00823,2026-03-23,DE,Volkswagen,ID.3,Petrol,Automatic,Private,4,55219,95,3,True,18,18820
CAR-03585,2026-03-23,AT,Volkswagen,ID.3,Petrol,Automatic,Independent dealer,8,121878,100,3,True,18,6120
CAR-01851,2026-03-23,DE,Skoda,Octavia,Electric,Manual,Franchise dealer,4,57078,198,2,True,43,17690
CAR-02250,2026-03-24,DE,Mercedes-Benz,C-Class,Diesel,Automatic,Independent dealer,0,2668,71,1,True,17,45950
CAR-04817,2026-03-24,DE,Mercedes-Benz,E-Class,Petrol,Automatic,Franchise dealer,1,18324,118,1,True,41,60530
CAR-02357,2026-03-24,AT,Mercedes-Benz,C-Class,Petrol,Automatic,Franchise dealer,6,79438,181,3,True,14,15090
CAR-03719,2026-03-24,DE,Mercedes-Benz,A-Class,Electric,Automatic,Private,8,176293,152,4,True,48,5740
CAR-01954,2026-03-24,DE,Skoda,Superb,Petrol,Automatic,Independent dealer,6,82054,181,4,True,30,16480
CAR-00636,2026-03-24,DE,Volkswagen,Golf,Electric,Manual,Franchise dealer,4,52112,225,2,False,13,13720
CAR-04337,2026-03-24,DE,BMW,X1,Hybrid,Automatic,Independent dealer,8,157377,123,2,True,48,6140
CAR-02227,2026-03-24,DE,BMW,i4,Petrol,Automatic,Franchise dealer,5,110175,144,3,True,28,17330
CAR-00372,2026-03-24,DE,Audi,A4,Diesel,Manual,Franchise dealer,10,144792,219,4,True,17,5680
CAR-00346,2026-03-24,DE,Skoda,Enyaq,Diesel,Automatic,Private,9,184503,95,4,True,5,5560
CAR-01667,2026-03-25,DE,Audi,Q5,Diesel,Automatic,Private,1,15249,125,1,True,45,50580
CAR-04618,2026-03-25,DE,Mercedes-Benz,A-Class,Electric,Automatic,Independent dealer,2,14733,89,2,True,26,25210
CAR-02586,2026-03-25,DE,Audi,e-tron,Electric,Automatic,Independent dealer,7,146522,180,3,True,57,13570
CAR-03964,2026-03-25,DE,Audi,Q3,Electric,Automatic,Franchise dealer,4,80064,182,2,True,38,21370
CAR-01477,2026-03-25,AT,Skoda,Enyaq,Diesel,Automatic,Independent dealer,8,71206,157,4,True,51,10290
CAR-03953,2026-03-25,DE,Volkswagen,ID.4,Hybrid,Automatic,Franchise dealer,6,86404,124,3,True,46,14490
CAR-01641,2026-03-26,DE,BMW,X3,Electric,Automatic,Franchise dealer,8,110716,143,5,True,78,12700
CAR-01281,2026-03-26,DE,Audi,A4,Petrol,Automatic,Franchise dealer,5,61760,70,3,True,133,14450
CAR-04167,2026-03-26,DE,Audi,A4,Hybrid,Automatic,Independent dealer,2,45477,141,1,True,132,36370
CAR-01237,2026-03-27,DE,Mercedes-Benz,GLA,Diesel,Manual,Independent dealer,4,75966,105,1,True,67,13790
CAR-02204,2026-03-27,DE,Audi,Q3,Diesel,Automatic,Private,5,97025,173,3,True,50,11830
CAR-03511,2026-03-27,DE,Volkswagen,Golf,Petrol,Manual,Independent dealer,3,53730,188,1,True,25,17380
CAR-02628,2026-03-27,DE,Audi,A3,Petrol,Automatic,Franchise dealer,10,202408,163,4,True,100,5880
CAR-00091,2026-03-27,DE,Volkswagen,ID.4,Petrol,Automatic,Independent dealer,3,48243,174,2,True,91,28360
CAR-04742,2026-03-27,DE,Volkswagen,Golf,Petrol,Automatic,Private,3,59326,191,1,True,56,17290
CAR-03995,2026-03-27,DE,BMW,5 Series,Hybrid,Automatic,Private,9,157530,105,4,True,61,7030
CAR-04142,2026-03-27,DE,BMW,X3,Electric,Manual,Independent dealer,2,26854,106,1,True,32,35030
CAR-01921,2026-03-28,AT,Audi,A3,Electric,Manual,Independent dealer,3,45403,70,2,True,16,18160
CAR-01354,2026-03-28,DE,Skoda,Enyaq,Petrol,Automatic,Franchise dealer,8,155036,130,4,True,36,5780
CAR-01772,2026-03-28,DE,Volkswagen,Passat,Diesel,Automatic,Private,11,252279,126,5,True,34,5740
CAR-02480,2026-03-28,DE,Mercedes-Benz,EQE,Petrol,Automatic,Franchise dealer,4,66071,146,2,True,32,30350
CAR-03835,2026-03-28,DE,Mercedes-Benz,GLA,Diesel,Automatic,Private,6,120117,128,2,True,39,9090
CAR-03534,2026-03-28,DE,Volkswagen,Passat,Electric,Manual,Independent dealer,5,110932,211,4,True,121,13090
CAR-01397,2026-03-28,DE,Skoda,Enyaq,Petrol,Manual,Independent dealer,2,24963,95,1,False,61,27030
CAR-04273,2026-03-29,DE,Skoda,Octavia,Diesel,Manual,Independent dealer,9,188280,145,5,True,44,5830
CAR-01867,2026-03-29,DE,BMW,5 Series,Diesel,Automatic,Independent dealer,3,53955,141,3,True,36,31110
CAR-04743,2026-03-29,DE,Audi,e-tron,Diesel,Automatic,Independent dealer,10,167197,193,4,False,62,5390
CAR-04605,2026-03-29,DE,Audi,e-tron,Petrol,Automatic,Private,4,102703,179,3,True,41,25930
CAR-03633,2026-03-29,DE,Audi,Q5,Electric,Automatic,Franchise dealer,3,41578,191,2,True,66,43110
CAR-02826,2026-03-30,DE,Mercedes-Benz,E-Class,Hybrid,Automatic,Independent dealer,3,49921,138,2,True,47,35200
CAR-03966,2026-03-30,DE,Mercedes-Benz,C-Class,Petrol,Automatic,Franchise dealer,1,26086,98,1,True,15,40340
CAR-01118,2026-03-30,DE,Audi,A4,Electric,Automatic,Independent dealer,3,47056,94,2,True,30,21760
CAR-00994,2026-03-30,DE,Skoda,Superb,Hybrid,Automatic,Franchise dealer,3,49715,103,2,True,29,23280
CAR-02988,2026-03-30,AT,BMW,5 Series,Diesel,Automatic,Franchise dealer,7,98642,138,3,True,117,14470
CAR-03041,2026-03-30,DE,Skoda,Enyaq,Hybrid,Automatic,Franchise dealer,4,73811,157,3,False,48,19000
CAR-00311,2026-03-30,DE,Audi,A3,Petrol,Automatic,Independent dealer,9,183890,173,4,False,66,5610
CAR-00549,2026-03-31,DE,Mercedes-Benz,C-Class,Petrol,Automatic,Independent dealer,5,115304,70,2,False,16,10190
CAR-01492,2026-03-31,NL,Volkswagen,Golf,Petrol,Manual,Private,7,148121,101,3,True,8,5830
CAR-00427,2026-03-31,DE,Volkswagen,ID.4,Diesel,Automatic,Independent dealer,5,93840,167,4,False,33,13050
CAR-01694,2026-03-31,DE,Volkswagen,ID.4,Hybrid,Automatic,Franchise dealer,2,34364,180,1,True,154,43260
CAR-02946,2026-03-31,DE,Audi,Q5,Diesel,Automatic,Private,9,124514,135,3,True,25,7620
CAR-04078,2026-03-31,DE,BMW,5 Series,Petrol,Automatic,Independent dealer,5,60242,227,2,True,47,27580
CAR-00466,2026-03-31,DE,Volkswagen,Passat,Petrol,Manual,Independent dealer,6,138788,125,3,False,21,6700
CAR-04561,2026-03-31,DE,Audi,Q5,Electric,Automatic,Independent dealer,7,103442,147,2,True,10,14970
CAR-03973,2026-03-31,DE,BMW,X1,Petrol,Automatic,Independent dealer,9,197538,108,3,True,38,6000
CAR-04148,2026-03-31,DE,Mercedes-Benz,C-Class,Diesel,Automatic,Independent dealer,3,60187,109,2,True,45,23560
CAR-01863,2026-04-01,DE,Mercedes-Benz,C-Class,Diesel,Automatic,Independent dealer,5,104683,146,3,False,58,11830
CAR-03642,2026-04-01,DE,Volkswagen,ID.4,Electric,Automatic,Independent dealer,13,146676,171,5,True,37,5650
CAR-02430,2026-04-01,DE,Volkswagen,Passat,Petrol,Manual,Franchise dealer,7,130159,89,4,True,36,6800
CAR-01756,2026-04-01,DE,BMW,3 Series,Petrol,Automatic,Independent dealer,8,57594,175,4,True,33,11180
CAR-02890,2026-04-01,DE,BMW,3 Series,Diesel,Automatic,Independent dealer,2,34533,78,1,True,44,25860
CAR-01659,2026-04-01,AT,BMW,X3,Electric,Automatic,Independent dealer,6,140382,115,3,True,51,11720
CAR-01151,2026-04-01,DE,Skoda,Octavia,Hybrid,Automatic,Franchise dealer,6,115128,103,2,True,9,8680
CAR-01673,2026-04-02,DE,BMW,i4,Hybrid,Manual,Franchise dealer,4,90442,155,2,True,43,24940
CAR-00117,2026-04-02,DE,Volkswagen,ID.3,Petrol,Automatic,Private,6,92311,214,3,False,24,10410
CAR-00226,2026-04-02,DE,BMW,5 Series,Petrol,Automatic,Private,2,43393,96,1,True,71,36840
CAR-02446,2026-04-03,DE,BMW,3 Series,Hybrid,Automatic,Franchise dealer,1,19870,235,2,True,77,50130
CAR-01711,2026-04-03,AT,Audi,e-tron,Diesel,Automatic,Independent dealer,4,36309,142,2,True,25,32910
CAR-00479,2026-04-03,DE,Audi,Q3,Electric,Manual,Independent dealer,3,55528,187,1,True,39,24040
CAR-04215,2026-04-03,NL,BMW,X1,Electric,Manual,Franchise dealer,1,15326,164,1,False,74,36050
CAR-03391,2026-04-03,DE,Volkswagen,Passat,Diesel,Automatic,Independent dealer,4,66426,225,2,True,39,18800
CAR-03718,2026-04-03,DE,Skoda,Superb,Hybrid,Automatic,Independent dealer,4,105480,114,2,False,13,14100
CAR-02376,2026-04-03,DE,Skoda,Kodiaq,Hybrid,Automatic,Franchise dealer,3,54693,106,1,True,7,28160
CAR-03646,2026-04-04,DE,Audi,Q3,Electric,Automatic,Independent dealer,5,95506,166,3,False,16,12400
CAR-00511,2026-04-04,DE,Volkswagen,ID.4,Electric,Automatic,Franchise dealer,5,95461,165,3,True,81,16800
CAR-02971,2026-04-04,DE,Volkswagen,ID.4,Diesel,Automatic,Independent dealer,3,50072,154,1,True,48,26970
CAR-04777,2026-04-04,DE,BMW,3 Series,Diesel,Automatic,Franchise dealer,3,67215,121,2,True,79,22360
CAR-01052,2026-04-04,DE,Audi,e-tron,Diesel,Automatic,Franchise dealer,3,52081,111,2,False,22,31600
CAR-00961,2026-04-05,DE,Mercedes-Benz,A-Class,Diesel,Automatic,Independent dealer,6,133642,113,3,True,51,7260
CAR-00290,2026-04-05,DE,Volkswagen,Passat,Diesel,Automatic,Franchise dealer,7,126540,201,3,True,13,9180
CAR-03466,2026-04-05,DE,Volkswagen,Passat,Hybrid,Automatic,Franchise dealer,6,115836,132,3,True,27,10580
CAR-04298,2026-04-05,DE,Mercedes-Benz,C-Class,Electric,Automatic,Franchise dealer,6,102882,151,2,True,11,13180
CAR-00191,2026-04-06,NL,Audi,Q3,Petrol,Automatic,Franchise dealer,3,52133,158,2,True,70,24400
CAR-03033,2026-04-06,DE,Audi,Q5,Diesel,Automatic,Independent dealer,0,11652,124,1,True,73,62070
CAR-03351,2026-04-06,DE,BMW,3 Series,Diesel,Automatic,Franchise dealer,2,47566,125,2,True,13,25330
CAR-00672,2026-04-07,NL,Skoda,Superb,Petrol,Automatic,Franchise dealer,4,80854,120,1,True,44,20250
CAR-02762,2026-04-07,DE,BMW,3 Series,Petrol,Manual,Independent dealer,7,169762,107,3,False,18,5300
CAR-00119,2026-04-08,DE,Volkswagen,Golf,Electric,Automatic,Franchise dealer,11,184531,148,4,True,39,5480
CAR-00493,2026-04-08,AT,Audi,Q3,Petrol,Automatic,Independent dealer,1,26889,160,1,True,29,43340
CAR-04559,2026-04-08,DE,Volkswagen,ID.3,Petrol,Automatic,Franchise dealer,4,77414,154,1,True,18,18410
CAR-00343,2026-04-08,DE,Mercedes-Benz,GLA,Petrol,Automatic,Independent dealer,1,27989,152,1,True,19,36890
CAR-02799,2026-04-09,DE,Volkswagen,ID.4,Diesel,Automatic,Independent dealer,1,32819,162,1,True,13,38630
CAR-00801,2026-04-09,AT,Audi,Q5,Petrol,Automatic,Independent dealer,2,48810,139,2,True,43,47810
CAR-03936,2026-04-09,DE,Audi,Q3,Petrol,Manual,Independent dealer,3,39652,118,2,True,42,22270
CAR-02870,2026-04-09,DE,Volkswagen,ID.3,Petrol,Automatic,Independent dealer,3,66358,131,2,True,8,17660
CAR-02495,2026-04-09,DE,Mercedes-Benz,EQE,Electric,Automatic,Franchise dealer,6,95340,175,1,True,17,19630
CAR-03198,2026-04-10,DE,BMW,3 Series,Petrol,Manual,Private,1,28731,193,1,True,40,34100
CAR-00721,2026-04-10,NL,Mercedes-Benz,GLA,Diesel,Manual,Private,5,96008,97,3,True,45,10260
CAR-01273,2026-04-10,NL,Mercedes-Benz,C-Class,Petrol,Manual,Private,10,185628,253,4,False,82,5080
CAR-04187,2026-04-10,NL,BMW,X3,Petrol,Automatic,Franchise dealer,4,86154,226,1,True,39,26570
CAR-02486,2026-04-10,DE,Volkswagen,Golf,Petrol,Automatic,Independent dealer,12,137324,121,5,True,16,4900
CAR-02976,2026-04-11,DE,Volkswagen,Tiguan,Petrol,Automatic,Private,2,46824,184,1,True,125,30100
CAR-00693,2026-04-11,DE,Audi,Q5,Petrol,Manual,Private,1,33883,208,2,True,11,50590
CAR-04367,2026-04-11,DE,Mercedes-Benz,C-Class,Petrol,Automatic,Independent dealer,10,182040,126,4,False,105,6220
CAR-01242,2026-04-11,DE,Audi,A4,Petrol,Automatic,Franchise dealer,4,65374,207,3,True,75,20620
CAR-03321,2026-04-11,DE,Mercedes-Benz,C-Class,Petrol,Automatic,Independent dealer,1,22859,153,1,True,46,39780
CAR-02398,2026-04-11,DE,BMW,i4,Diesel,Automatic,Independent dealer,4,93218,70,3,True,44,20200
CAR-03362,2026-04-11,DE,Mercedes-Benz,A-Class,Petrol,Manual,Independent dealer,4,62558,214,2,True,43,17870
CAR-00138,2026-04-11,AT,Volkswagen,Passat,Diesel,Automatic,Independent dealer,1,23848,188,2,True,14,40300
CAR-02423,2026-04-11,DE,BMW,X3,Diesel,Manual,Private,8,140076,134,3,True,12,7330
CAR-00618,2026-04-12,DE,BMW,i4,Hybrid,Automatic,Franchise dealer,8,148426,251,4,False,55,10050
CAR-04415,2026-04-12,DE,Volkswagen,Golf,Diesel,Automatic,Franchise dealer,6,113854,82,2,True,7,6870
CAR-01386,2026-04-12,AT,Volkswagen,Tiguan,Electric,Automatic,Franchise dealer,2,59694,108,2,True,54,25580
CAR-02712,2026-04-12,DE,Audi,A4,Electric,Automatic,Franchise dealer,2,57698,181,2,True,8,32510
CAR-02063,2026-04-12,DE,BMW,X1,Electric,Automatic,Independent dealer,6,106814,110,3,True,86,11910
CAR-04925,2026-04-12,DE,Audi,A3,Diesel,Automatic,Franchise dealer,2,49883,231,1,True,32,29200
CAR-03462,2026-04-13,DE,BMW,X1,Petrol,Automatic,Independent dealer,3,68890,139,1,True,35,20780
CAR-03175,2026-04-13,DE,BMW,i4,Electric,Automatic,Franchise dealer,8,92029,84,3,True,73,10760
CAR-01809,2026-04-13,DE,BMW,X1,Hybrid,Automatic,Franchise dealer,11,258846,156,5,False,29,5920
CAR-00799,2026-04-13,DE,Volkswagen,Golf,Petrol,Manual,Private,7,171096,157,2,True,40,5890
CAR-04168,2026-04-13,DE,Mercedes-Benz,EQE,Diesel,Automatic,Independent dealer,5,129414,123,3,True,7,18430
CAR-03859,2026-04-13,DE,BMW,i4,Electric,Automatic,Independent dealer,6,85097,151,2,True,10,15520
CAR-00981,2026-04-13,DE,Volkswagen,Passat,Diesel,Automatic,Independent dealer,5,70233,141,2,True,85,14440
CAR-01749,2026-04-14,DE,Mercedes-Benz,A-Class,Petrol,Manual,Franchise dealer,6,83835,195,3,True,36,11560
CAR-01572,2026-04-14,DE,Mercedes-Benz,EQE,Petrol,Manual,Independent dealer,10,177816,103,5,True,31,6180
CAR-04287,2026-04-14,DE,BMW,3 Series,Hybrid,Automatic,Independent dealer,5,75082,172,1,True,57,17940
CAR-00579,2026-04-14,DE,Audi,Q5,Diesel,Manual,Private,5,78344,160,1,True,68,19030
CAR-04114,2026-04-15,DE,Volkswagen,ID.4,Hybrid,Automatic,Franchise dealer,2,32117,146,1,True,50,36890
CAR-01288,2026-04-15,DE,Mercedes-Benz,C-Class,Diesel,Automatic,Independent dealer,1,24570,72,1,True,11,34550
CAR-01103,2026-04-15,DE,Volkswagen,Golf,Electric,Automatic,Private,2,29452,135,1,True,69,21320
CAR-03992,2026-04-15,DE,BMW,i4,Hybrid,Automatic,Franchise dealer,4,84228,206,2,True,27,30410
CAR-00867,2026-04-15,DE,Volkswagen,Tiguan,Hybrid,Automatic,Franchise dealer,6,117625,98,2,True,92,10670
CAR-01958,2026-04-15,DE,Volkswagen,Golf,Hybrid,Manual,Independent dealer,9,190716,124,4,True,13,5350
CAR-00532,2026-04-16,NL,Audi,Q5,Diesel,Automatic,Franchise dealer,10,144190,213,5,True,61,6670
CAR-04710,2026-04-16,DE,Volkswagen,ID.4,Diesel,Automatic,Franchise dealer,10,145340,131,4,True,74,5780
CAR-03340,2026-04-16,DE,Audi,A3,Diesel,Automatic,Private,4,57513,115,1,True,32,12490
CAR-01043,2026-04-17,AT,Volkswagen,Passat,Petrol,Automatic,Independent dealer,6,95779,140,4,True,19,12470
CAR-04884,2026-04-17,DE,Skoda,Enyaq,Petrol,Automatic,Franchise dealer,2,39657,123,3,True,24,34660
CAR-03152,2026-04-17,DE,Audi,A3,Hybrid,Manual,Private,2,40999,110,2,True,63,21540
CAR-02455,2026-04-17,DE,Mercedes-Benz,C-Class,Electric,Automatic,Franchise dealer,2,55014,131,2,True,28,36780
CAR-04484,2026-04-17,NL,Skoda,Karoq,Petrol,Manual,Independent dealer,3,28811,132,2,True,54,21440
CAR-02060,2026-04-18,DE,Skoda,Karoq,Petrol,Automatic,Franchise dealer,2,48858,155,1,True,35,25590
CAR-02936,2026-04-18,DE,Audi,Q5,Diesel,Automatic,Private,3,37575,202,3,True,16,36370
CAR-01594,2026-04-18,DE,Volkswagen,ID.3,Diesel,Automatic,Franchise dealer,12,229725,185,5,False,57,5380
CAR-03438,2026-04-19,DE,BMW,5 Series,Petrol,Manual,Private,3,56246,70,1,True,49,23260
CAR-04121,2026-04-19,DE,Volkswagen,Golf,Petrol,Automatic,Private,2,43321,165,1,True,24,21530
CAR-00437,2026-04-19,DE,Mercedes-Benz,C-Class,Petrol,Automatic,Private,5,103455,109,2,True,58,13200
CAR-02723,2026-04-20,DE,Audi,Q5,Petrol,Automatic,Franchise dealer,6,107357,198,4,False,16,12510
CAR-03487,2026-04-20,DE,Volkswagen,Golf,Hybrid,Manual,Independent dealer,10,178368,174,3,False,180,5710
CAR-03005,2026-04-20,DE,Volkswagen,Tiguan,Electric,Automatic,Franchise dealer,3,66997,76,2,True,33,22060
CAR-04747,2026-04-20,NL,Volkswagen,ID.4,Diesel,Automatic,Private,7,164324,161,3,True,33,7240
CAR-00884,2026-04-20,DE,BMW,3 Series,Diesel,Automatic,Franchise dealer,3,47308,91,2,True,10,21860
CAR-04077,2026-04-20,DE,Mercedes-Benz,EQE,Electric,Manual,Private,6,78625,96,3,True,23,16000
CAR-04327,2026-04-20,DE,Volkswagen,ID.3,Petrol,Automatic,Independent dealer,1,26645,136,1,True,160,33060
CAR-03777,2026-04-21,DE,BMW,X3,Hybrid,Automatic,Franchise dealer,13,152965,164,5,True,24,6130
CAR-00583,2026-04-21,DE,Audi,Q3,Hybrid,Manual,Franchise dealer,5,75870,159,2,True,79,17670
CAR-00184,2026-04-21,DE,Volkswagen,ID.4,Diesel,Automatic,Independent dealer,6,137556,131,4,True,28,9550
CAR-04202,2026-04-21,DE,BMW,i4,Electric,Automatic,Franchise dealer,11,173823,140,5,True,109,5660
CAR-03227,2026-04-21,DE,BMW,3 Series,Hybrid,Manual,Independent dealer,6,101007,258,2,False,28,11080
CAR-00377,2026-04-21,DE,Mercedes-Benz,EQE,Diesel,Automatic,Independent dealer,2,34290,90,1,True,28,43120
CAR-01532,2026-04-22,AT,Mercedes-Benz,EQE,Petrol,Manual,Franchise dealer,3,62588,177,2,True,39,39550
CAR-01525,2026-04-22,DE,BMW,X3,Petrol,Automatic,Independent dealer,7,127501,172,5,True,34,10610
CAR-02388,2026-04-22,NL,Volkswagen,ID.3,Hybrid,Automatic,Independent dealer,13,213272,164,5,True,17,5540
CAR-01677,2026-04-23,DE,Mercedes-Benz,E-Class,Petrol,Automatic,Independent dealer,9,114680,168,4,True,11,10130
CAR-04755,2026-04-23,AT,Mercedes-Benz,EQE,Diesel,Automatic,Franchise dealer,1,14224,112,1,True,70,63280
CAR-03515,2026-04-23,DE,Volkswagen,ID.4,Hybrid,Manual,Franchise dealer,13,200179,78,4,True,15,5900
CAR-00374,2026-04-23,DE,BMW,X3,Diesel,Manual,Independent dealer,5,98463,184,4,True,70,19280
CAR-01881,2026-04-23,DE,Volkswagen,ID.3,Petrol,Automatic,Franchise dealer,4,78950,138,3,True,53,15160
CAR-04194,2026-04-23,DE,Audi,A4,Petrol,Automatic,Franchise dealer,3,76944,147,3,True,84,22250
CAR-02361,2026-04-23,DE,BMW,3 Series,Diesel,Automatic,Private,5,111363,150,1,True,23,11450
CAR-01475,2026-04-23,DE,Mercedes-Benz,GLA,Electric,Manual,Independent dealer,3,61257,183,1,True,77,24430
CAR-03070,2026-04-23,NL,BMW,X1,Diesel,Automatic,Franchise dealer,3,56601,127,2,True,136,22960
CAR-00298,2026-04-24,DE,Volkswagen,ID.3,Diesel,Automatic,Franchise dealer,1,18161,167,1,True,64,35610
CAR-03217,2026-04-24,DE,BMW,3 Series,Electric,Automatic,Independent dealer,8,92169,174,4,True,36,9420
CAR-03304,2026-04-24,DE,Volkswagen,ID.3,Electric,Automatic,Independent dealer,4,75633,131,2,True,25,15560
CAR-02842,2026-04-24,AT,Mercedes-Benz,GLA,Hybrid,Manual,Private,4,73987,220,2,True,61,19440
CAR-02825,2026-04-24,DE,Volkswagen,Tiguan,Petrol,Manual,Independent dealer,4,63257,100,1,True,73,17730
CAR-00929,2026-04-24,NL,Volkswagen,Golf,Diesel,Automatic,Franchise dealer,3,75229,117,2,True,145,16430
CAR-04869,2026-04-24,DE,Volkswagen,Golf,Electric,Automatic,Independent dealer,4,56783,130,2,True,7,12380
CAR-02907,2026-04-25,DE,BMW,5 Series,Electric,Manual,Independent dealer,2,43009,111,1,True,18,35330
CAR-02800,2026-04-25,DE,Skoda,Enyaq,Diesel,Automatic,Independent dealer,4,63663,79,2,False,30,14840
CAR-03885,2026-04-25,AT,BMW,X1,Petrol,Automatic,Independent dealer,4,68758,135,2,True,27,18680
CAR-04344,2026-04-25,DE,Volkswagen,Golf,Hybrid,Automatic,Independent dealer,13,208141,167,4,True,80,5620
CAR-02107,2026-04-26,DE,Skoda,Superb,Hybrid,Manual,Franchise dealer,6,107113,82,2,True,71,9630
CAR-02989,2026-04-26,DE,Volkswagen,ID.4,Petrol,Automatic,Independent dealer,7,126391,128,3,False,76,7130
CAR-02851,2026-04-26,DE,Mercedes-Benz,A-Class,Petrol,Automatic,Franchise dealer,5,89296,104,2,False,29,9930
CAR-00118,2026-04-26,DE,Mercedes-Benz,E-Class,Petrol,Manual,Independent dealer,5,112181,70,2,False,29,12080
CAR-01984,2026-04-26,DE,Volkswagen,ID.3,Petrol,Automatic,Independent dealer,10,256228,108,4,True,31,6050
CAR-04831,2026-04-26,DE,Audi,e-tron,Diesel,Automatic,Franchise dealer,7,90072,151,3,True,41,15660
CAR-00759,2026-04-26,NL,Mercedes-Benz,EQE,Petrol,Manual,Franchise dealer,7,146703,145,2,True,25,13100
CAR-03713,2026-04-27,DE,Volkswagen,Passat,Electric,Automatic,Independent dealer,2,58090,149,2,False,35,25530
CAR-00209,2026-04-27,NL,Mercedes-Benz,EQE,Electric,Manual,Private,6,59774,157,3,True,43,22280
CAR-02327,2026-04-27,DE,BMW,X1,Hybrid,Automatic,Independent dealer,2,51516,116,1,True,13,32520
CAR-01544,2026-04-27,DE,Mercedes-Benz,EQE,Petrol,Automatic,Franchise dealer,6,126993,153,3,True,40,19010
CAR-03222,2026-04-27,DE,Volkswagen,Tiguan,Diesel,Manual,Private,3,43531,163,1,True,6,20940
CAR-03490,2026-04-27,DE,Mercedes-Benz,C-Class,Diesel,Manual,Independent dealer,3,76178,177,2,True,35,21030
CAR-02675,2026-04-27,DE,Mercedes-Benz,C-Class,Diesel,Automatic,Independent dealer,2,26417,233,1,False,80,34100
CAR-02956,2026-04-27,DE,BMW,X1,Diesel,Manual,Independent dealer,3,41088,149,2,True,75,18520
CAR-00580,2026-04-27,DE,Mercedes-Benz,GLA,Petrol,Automatic,Franchise dealer,4,79525,168,3,True,112,19180
CAR-04598,2026-04-27,NL,Audi,A4,Hybrid,Automatic,Independent dealer,6,155354,98,2,True,27,9160
CAR-03607,2026-04-27,DE,Audi,A4,Hybrid,Automatic,Franchise dealer,3,52054,180,1,True,12,27530
CAR-00829,2026-04-27,DE,Audi,Q5,Petrol,Automatic,Independent dealer,5,85003,146,2,False,90,17280
CAR-01217,2026-04-28,DE,Mercedes-Benz,E-Class,Diesel,Automatic,Private,6,90625,145,3,True,74,15810
CAR-00144,2026-04-28,AT,Mercedes-Benz,C-Class,Hybrid,Automatic,Franchise dealer,2,50342,150,1,True,78,39910
CAR-00014,2026-04-28,NL,Mercedes-Benz,GLA,Diesel,Automatic,Franchise dealer,4,80391,130,3,False,9,15050
CAR-02631,2026-04-28,DE,Mercedes-Benz,E-Class,Hybrid,Automatic,Franchise dealer,0,17384,143,1,True,10,74720
CAR-01374,2026-04-28,DE,Skoda,Kodiaq,Petrol,Manual,Franchise dealer,4,77403,107,1,True,4,16210
CAR-02311,2026-04-29,NL,BMW,3 Series,Diesel,Automatic,Franchise dealer,5,91615,138,4,True,30,14070
CAR-02152,2026-04-29,AT,Volkswagen,ID.3,Petrol,Manual,Independent dealer,3,67560,84,2,True,30,18160
CAR-02056,2026-04-29,DE,Skoda,Karoq,Hybrid,Manual,Independent dealer,1,30542,159,3,True,21,30570
CAR-03157,2026-04-29,DE,BMW,i4,Electric,Manual,Independent dealer,10,139262,116,3,True,83,5970
CAR-04163,2026-04-30,DE,Audi,e-tron,Hybrid,Automatic,Independent dealer,6,91435,154,3,True,22,18280
CAR-03449,2026-04-30,DE,Volkswagen,Tiguan,Hybrid,Automatic,Franchise dealer,2,41814,102,1,True,49,30130
CAR-01264,2026-04-30,DE,Mercedes-Benz,EQE,Petrol,Manual,Franchise dealer,1,26251,70,1,True,32,53530
CAR-04235,2026-04-30,AT,BMW,X3,Petrol,Automatic,Franchise dealer,3,45839,131,2,True,10,30860
CAR-00389,2026-04-30,NL,Skoda,Enyaq,Petrol,Automatic,Independent dealer,1,29562,176,1,True,30,41500
CAR-01464,2026-04-30,DE,Volkswagen,Golf,Petrol,Manual,Franchise dealer,6,99919,153,2,True,51,8010
CAR-04000,2026-04-30,DE,Volkswagen,Passat,Electric,Automatic,Franchise dealer,13,181623,172,4,True,94,5740
CAR-04382,2026-04-30,DE,Audi,Q3,Petrol,Automatic,Franchise dealer,7,151530,149,3,True,28,8920
CAR-03681,2026-05-01,DE,BMW,X3,Petrol,Automatic,Franchise dealer,4,59098,126,2,True,13,31340
CAR-00898,2026-05-01,DE,BMW,X3,Hybrid,Automatic,Independent dealer,6,115179,71,3,True,40,11430
CAR-03088,2026-05-01,DE,Mercedes-Benz,GLA,Hybrid,Manual,Independent dealer,3,56900,202,2,True,63,25720
CAR-03278,2026-05-01,DE,Audi,A3,Hybrid,Automatic,Franchise dealer,9,134509,170,4,False,23,5060
CAR-00258,2026-05-02,DE,BMW,X1,Hybrid,Automatic,Independent dealer,0,15003,184,1,True,33,49330
CAR-04541,2026-05-02,DE,BMW,i4,Petrol,Automatic,Independent dealer,8,127572,189,4,True,36,11290
CAR-02978,2026-05-02,DE,Volkswagen,Passat,Diesel,Automatic,Franchise dealer,4,67813,101,2,True,28,19250
CAR-02633,2026-05-02,AT,Volkswagen,Tiguan,Petrol,Manual,Independent dealer,2,36391,174,2,True,62,28060
CAR-03982,2026-05-03,DE,Mercedes-Benz,A-Class,Electric,Automatic,Franchise dealer,4,84687,138,2,True,60,17770
CAR-04934,2026-05-03,DE,Volkswagen,Golf,Diesel,Automatic,Independent dealer,9,137457,166,4,True,42,6000
CAR-03588,2026-05-03,DE,Volkswagen,Golf,Electric,Automatic,Independent dealer,2,46406,103,1,True,59,20900
CAR-02210,2026-05-03,DE,Skoda,Enyaq,Petrol,Automatic,Independent dealer,5,68221,162,1,True,24,16340
CAR-02391,2026-05-03,NL,Volkswagen,Tiguan,Hybrid,Automatic,Private,2,46718,103,2,True,39,30220
CAR-02334,2026-05-03,DE,Mercedes-Benz,GLA,Electric,Automatic,Independent dealer,1,22092,168,1,False,3,35570
CAR-00562,2026-05-03,DE,Volkswagen,Passat,Petrol,Manual,Independent dealer,1,32110,195,1,True,100,40700
CAR-02565,2026-05-03,AT,Audi,A4,Electric,Manual,Franchise dealer,2,37289,119,2,True,6,30790
CAR-01432,2026-05-04,DE,BMW,X1,Diesel,Automatic,Independent dealer,0,10229,109,1,True,28,36920
CAR-01502,2026-05-04,DE,Audi,Q5,Petrol,Automatic,Independent dealer,11,155048,168,4,True,3,5760
CAR-03854,2026-05-04,DE,Volkswagen,Tiguan,Electric,Automatic,Private,8,157022,116,3,True,146,6100
CAR-03326,2026-05-04,DE,Audi,e-tron,Hybrid,Automatic,Franchise dealer,3,56296,178,2,False,60,34050
CAR-00030,2026-05-04,DE,Volkswagen,Golf,Hybrid,Manual,Independent dealer,2,34400,140,2,True,175,18410
CAR-02038,2026-05-04,DE,Volkswagen,ID.3,Diesel,Manual,Private,8,152739,140,4,True,18,5890
CAR-04069,2026-05-04,DE,BMW,3 Series,Hybrid,Manual,Independent dealer,2,33798,80,1,True,52,24380
CAR-02238,2026-05-04,DE,Audi,Q3,Petrol,Automatic,Franchise dealer,1,29822,129,1,True,41,38520
CAR-04248,2026-05-04,DE,BMW,5 Series,Diesel,Automatic,Independent dealer,4,68625,214,3,True,127,23960
CAR-02818,2026-05-05,DE,Mercedes-Benz,A-Class,Diesel,Manual,Independent dealer,5,69959,173,2,True,58,12510
CAR-01904,2026-05-05,DE,Volkswagen,Tiguan,Diesel,Manual,Franchise dealer,4,66902,252,2,True,14,19990
CAR-00409,2026-05-05,DE,Skoda,Octavia,Petrol,Automatic,Private,4,65466,194,2,True,37,14320
CAR-04170,2026-05-05,DE,Skoda,Kodiaq,Diesel,Manual,Independent dealer,5,82155,125,2,True,35,11930
CAR-04992,2026-05-06,DE,Volkswagen,ID.4,Hybrid,Manual,Independent dealer,7,146438,134,4,True,180,9320
CAR-03118,2026-05-06,DE,Audi,Q5,Hybrid,Automatic,Independent dealer,1,18885,154,1,True,30,53120
CAR-00906,2026-05-06,DE,Mercedes-Benz,EQE,Petrol,Automatic,Independent dealer,1,37287,144,1,True,133,63430
CAR-04638,2026-05-06,DE,BMW,X3,Diesel,Automatic,Private,8,133510,184,4,False,77,7860
CAR-00376,2026-05-06,NL,Skoda,Karoq,Petrol,Automatic,Private,10,185224,77,5,True,41,5470
CAR-02984,2026-05-06,DE,BMW,5 Series,Petrol,Automatic,Franchise dealer,7,131652,91,4,True,123,11340
CAR-00942,2026-05-07,DE,BMW,X3,Petrol,Automatic,Independent dealer,9,112833,232,5,True,91,8820
CAR-03101,2026-05-07,DE,BMW,i4,Petrol,Automatic,Independent dealer,3,51552,164,1,True,17,30030
CAR-03037,2026-05-07,DE,BMW,5 Series,Diesel,Automatic,Independent dealer,3,34861,109,1,True,60,28670
CAR-01932,2026-05-07,DE,Volkswagen,Golf,Petrol,Automatic,Franchise dealer,8,70952,181,4,True,34,6480
CAR-04375,2026-05-08,DE,BMW,5 Series,Petrol,Automatic,Independent dealer,7,97151,152,3,True,18,14380
CAR-02557,2026-05-08,DE,Audi,Q5,Petrol,Automatic,Franchise dealer,1,28816,70,1,True,87,48650
CAR-03989,2026-05-08,DE,Skoda,Kodiaq,Diesel,Automatic,Private,1,35293,126,1,True,38,31600
CAR-00151,2026-05-08,DE,Skoda,Superb,Electric,Automatic,Independent dealer,3,67488,286,1,True,7,28750
CAR-01514,2026-05-08,DE,Skoda,Kodiaq,Petrol,Automatic,Independent dealer,11,271398,185,5,True,68,5670
CAR-04329,2026-05-08,DE,Skoda,Enyaq,Diesel,Manual,Independent dealer,1,18880,191,1,True,78,38830
CAR-00513,2026-05-08,DE,Audi,Q5,Hybrid,Automatic,Independent dealer,3,75452,174,3,True,21,32640
CAR-01888,2026-05-08,NL,Skoda,Enyaq,Petrol,Automatic,Franchise dealer,5,44932,175,1,True,22,25860
CAR-04075,2026-05-08,DE,Audi,Q5,Electric,Automatic,Private,3,59065,175,2,True,13,34800
CAR-01322,2026-05-09,DE,BMW,X1,Petrol,Manual,Independent dealer,8,171974,105,3,True,28,5220
CAR-01040,2026-05-09,DE,BMW,X3,Petrol,Manual,Private,2,54478,146,2,False,64,30080
CAR-03284,2026-05-09,DE,BMW,X1,Petrol,Automatic,Private,4,61499,155,3,True,47,17670
CAR-02229,2026-05-10,NL,Volkswagen,Tiguan,Petrol,Manual,Franchise dealer,2,26787,179,1,False,8,29830
CAR-04129,2026-05-10,AT,Skoda,Superb,Petrol,Manual,Franchise dealer,3,92223,157,2,True,58,19600
CAR-01227,2026-05-10,NL,Mercedes-Benz,GLA,Electric,Automatic,Private,1,29729,123,1,True,48,33370
CAR-03760,2026-05-10,DE,Skoda,Enyaq,Hybrid,Automatic,Independent dealer,8,143009,112,3,True,24,7650
CAR-00056,2026-05-11,DE,Mercedes-Benz,GLA,Electric,Automatic,Private,8,170403,198,4,True,12,5870
CAR-04424,2026-05-11,AT,Mercedes-Benz,EQE,Hybrid,Automatic,Franchise dealer,4,92266,195,1,True,65,39410
CAR-01105,2026-05-11,DE,Volkswagen,Passat,Diesel,Automatic,Independent dealer,1,22063,171,1,False,58,31790
CAR-03654,2026-05-12,AT,Audi,Q5,Hybrid,Automatic,Private,5,92129,125,3,True,37,21230
CAR-01985,2026-05-13,DE,Skoda,Enyaq,Hybrid,Automatic,Franchise dealer,0,7853,237,1,True,21,62740
CAR-02857,2026-05-13,DE,Mercedes-Benz,E-Class,Electric,Manual,Independent dealer,10,158592,166,4,False,62,5880
CAR-00378,2026-05-13,DE,Audi,A4,Petrol,Manual,Independent dealer,1,35654,131,1,True,47,40380
CAR-04086,2026-05-13,DE,Mercedes-Benz,E-Class,Petrol,Manual,Private,9,124418,188,4,True,6,8280
CAR-04704,2026-05-13,DE,BMW,X1,Diesel,Automatic,Independent dealer,3,60068,134,3,True,14,19900
CAR-03765,2026-05-13,AT,Volkswagen,Passat,Petrol,Manual,Independent dealer,7,98095,151,2,True,26,9330
CAR-04595,2026-05-14,DE,Skoda,Octavia,Petrol,Automatic,Private,1,21172,158,2,True,3,29070
CAR-03315,2026-05-14,DE,BMW,i4,Petrol,Automatic,Franchise dealer,3,69006,143,2,True,34,32150
CAR-03724,2026-05-14,AT,Volkswagen,Passat,Electric,Automatic,Independent dealer,8,138739,116,3,True,42,5910
CAR-00953,2026-05-14,DE,BMW,5 Series,Electric,Manual,Franchise dealer,7,113405,116,3,True,35,10600
CAR-04125,2026-05-14,DE,BMW,5 Series,Petrol,Automatic,Franchise dealer,4,69452,163,2,True,39,27550
CAR-01116,2026-05-15,DE,BMW,5 Series,Hybrid,Manual,Franchise dealer,3,78526,129,1,True,12,27650
CAR-02445,2026-05-15,DE,Mercedes-Benz,E-Class,Petrol,Manual,Independent dealer,3,61015,135,2,True,23,31870
CAR-03930,2026-05-15,DE,Mercedes-Benz,EQE,Petrol,Automatic,Independent dealer,2,37555,208,2,True,67,55200
CAR-00457,2026-05-15,DE,Mercedes-Benz,A-Class,Petrol,Automatic,Independent dealer,1,15883,92,1,True,67,28590
CAR-04886,2026-05-15,DE,BMW,X3,Petrol,Automatic,Independent dealer,13,211287,124,5,True,94,5390
CAR-01896,2026-05-15,DE,Volkswagen,Tiguan,Electric,Manual,Franchise dealer,1,33626,184,2,True,13,44940
CAR-03007,2026-05-15,DE,BMW,i4,Diesel,Automatic,Franchise dealer,1,26764,142,1,True,79,49140
CAR-01541,2026-05-16,DE,Audi,e-tron,Petrol,Manual,Franchise dealer,2,27752,161,2,True,68,46320
CAR-03949,2026-05-16,DE,Audi,Q3,Diesel,Automatic,Independent dealer,2,49008,157,2,True,31,29160
CAR-01795,2026-05-16,NL,Audi,e-tron,Electric,Automatic,Franchise dealer,3,76230,192,3,True,36,37940
CAR-02546,2026-05-16,DE,Skoda,Enyaq,Electric,Automatic,Independent dealer,5,109344,157,3,True,30,14040
CAR-03332,2026-05-16,DE,BMW,X3,Petrol,Automatic,Independent dealer,8,119329,70,5,True,31,7270
CAR-03665,2026-05-17,DE,Audi,A4,Hybrid,Automatic,Franchise dealer,2,29225,83,1,True,46,34400
CAR-03725,2026-05-17,AT,Volkswagen,Golf,Electric,Automatic,Private,2,28908,132,1,True,15,19980
CAR-03810,2026-05-17,DE,Mercedes-Benz,GLA,Electric,Manual,Franchise dealer,3,71727,186,1,True,21,23740
CAR-04480,2026-05-17,DE,Mercedes-Benz,EQE,Diesel,Manual,Franchise dealer,5,111881,115,2,True,12,18900
CAR-02508,2026-05-18,DE,Mercedes-Benz,C-Class,Hybrid,Automatic,Private,1,36405,91,2,True,22,35820
CAR-00854,2026-05-18,DE,BMW,5 Series,Petrol,Automatic,Franchise dealer,1,30427,211,1,True,36,60480
CAR-02003,2026-05-18,AT,Volkswagen,Golf,Petrol,Automatic,Franchise dealer,5,100306,190,2,False,26,10180
CAR-01849,2026-05-18,DE,Volkswagen,Tiguan,Hybrid,Automatic,Private,10,97078,120,4,True,90,5960
CAR-01452,2026-05-18,NL,Skoda,Kodiaq,Electric,Manual,Private,4,80888,202,3,True,25,15990
CAR-01080,2026-05-18,DE,Audi,A3,Hybrid,Automatic,Independent dealer,4,77381,105,2,True,8,15620
CAR-03356,2026-05-19,DE,Mercedes-Benz,GLA,Electric,Manual,Independent dealer,5,90268,168,1,True,20,14360
CAR-02616,2026-05-19,DE,BMW,3 Series,Diesel,Manual,Franchise dealer,4,68718,203,3,True,29,19230
CAR-02945,2026-05-19,DE,Audi,e-tron,Petrol,Automatic,Independent dealer,7,146906,197,3,True,65,14340
CAR-03695,2026-05-19,NL,Mercedes-Benz,E-Class,Diesel,Automatic,Private,10,191015,89,5,True,56,5130
CAR-04795,2026-05-19,DE,BMW,5 Series,Electric,Automatic,Private,2,27456,81,1,True,62,37500
CAR-00757,2026-05-19,DE,Skoda,Superb,Petrol,Automatic,Independent dealer,6,143893,143,3,True,9,8390
CAR-00540,2026-05-19,DE,Skoda,Karoq,Hybrid,Manual,Independent dealer,5,61127,149,3,True,62,13590
CAR-04911,2026-05-19,DE,Mercedes-Benz,E-Class,Hybrid,Automatic,Independent dealer,1,19169,162,1,False,27,52180
CAR-03609,2026-05-19,DE,Audi,e-tron,Electric,Automatic,Franchise dealer,1,12493,132,1,True,14,66810
CAR-02902,2026-05-20,DE,BMW,3 Series,Petrol,Manual,Independent dealer,1,23461,211,1,True,7,49720
CAR-02615,2026-05-20,DE,Mercedes-Benz,EQE,Diesel,Automatic,Independent dealer,7,113120,178,3,True,49,13940
CAR-01129,2026-05-20,DE,Skoda,Enyaq,Petrol,Automatic,Independent dealer,4,89534,70,2,True,31,14980
CAR-01754,2026-05-20,DE,Audi,Q3,Petrol,Manual,Independent dealer,1,19360,229,1,True,3,40190
CAR-00174,2026-05-20,DE,BMW,i4,Electric,Automatic,Independent dealer,2,42619,168,1,True,68,40740
CAR-03871,2026-05-20,DE,BMW,X3,Diesel,Automatic,Independent dealer,1,24750,127,1,True,28,46180
CAR-04668,2026-05-20,DE,Skoda,Karoq,Diesel,Manual,Independent dealer,7,121310,131,2,True,44,5960
CAR-02518,2026-05-20,DE,Mercedes-Benz,GLA,Petrol,Manual,Franchise dealer,7,146046,165,4,True,15,7680
CAR-02024,2026-05-20,DE,Mercedes-Benz,EQE,Hybrid,Manual,Independent dealer,6,102568,167,3,True,6,16510
CAR-04224,2026-05-21,DE,BMW,X3,Petrol,Automatic,Franchise dealer,2,50344,113,2,False,73,29460
CAR-00530,2026-05-21,DE,Volkswagen,Passat,Diesel,Automatic,Franchise dealer,5,98069,113,2,True,4,13080
CAR-00858,2026-05-21,DE,Audi,A3,Petrol,Automatic,Franchise dealer,4,77379,112,3,False,25,11840
CAR-03648,2026-05-21,AT,Audi,Q5,Electric,Manual,Franchise dealer,7,110621,131,3,True,69,12130
CAR-02333,2026-05-21,AT,BMW,X3,Diesel,Automatic,Private,3,58830,224,2,True,49,34700
CAR-01562,2026-05-22,DE,Skoda,Enyaq,Petrol,Automatic,Independent dealer,7,136571,94,3,True,35,7790
CAR-04583,2026-05-22,DE,Skoda,Superb,Hybrid,Automatic,Franchise dealer,5,132952,81,2,False,36,8840
CAR-00512,2026-05-22,NL,BMW,i4,Diesel,Manual,Private,1,18440,194,2,True,53,49290
CAR-02725,2026-05-22,DE,Volkswagen,Tiguan,Petrol,Automatic,Private,13,178824,146,5,False,44,4920
CAR-00705,2026-05-22,DE,Mercedes-Benz,GLA,Petrol,Manual,Independent dealer,4,76532,70,2,True,75,14950
CAR-00559,2026-05-23,DE,Mercedes-Benz,GLA,Electric,Automatic,Independent dealer,10,222582,177,5,True,102,6310
CAR-01837,2026-05-23,AT,Mercedes-Benz,EQE,Diesel,Automatic,Private,8,96638,84,3,False,37,9040
CAR-01139,2026-05-23,DE,Volkswagen,ID.4,Petrol,Manual,Franchise dealer,13,224575,136,5,True,50,5310
CAR-00145,2026-05-23,DE,Audi,Q3,Electric,Manual,Independent dealer,4,64319,205,2,True,63,19420
CAR-04732,2026-05-23,NL,Audi,e-tron,Petrol,Manual,Franchise dealer,7,135042,163,4,True,39,11460
CAR-02963,2026-05-23,DE,Mercedes-Benz,E-Class,Diesel,Automatic,Independent dealer,9,127958,83,4,False,116,5910
CAR-02770,2026-05-23,DE,BMW,3 Series,Electric,Automatic,Franchise dealer,11,175850,186,5,True,44,5450
CAR-01337,2026-05-24,AT,Mercedes-Benz,GLA,Hybrid,Automatic,Franchise dealer,5,108851,177,2,True,63,14170
CAR-03979,2026-05-24,DE,Volkswagen,Golf,Petrol,Automatic,Franchise dealer,0,17809,103,1,True,7,31200
CAR-03076,2026-05-24,DE,Audi,A3,Electric,Manual,Independent dealer,5,78178,159,2,False,75,11360
CAR-00902,2026-05-24,NL,BMW,3 Series,Diesel,Automatic,Franchise dealer,2,37548,131,2,True,9,30720
CAR-00150,2026-05-24,DE,Volkswagen,ID.3,Petrol,Automatic,Private,10,159124,168,5,True,19,5900
CAR-03422,2026-05-24,AT,Volkswagen,ID.3,Electric,Automatic,Franchise dealer,2,43174,160,1,False,20,29670
CAR-02021,2026-05-24,DE,BMW,X3,Diesel,Automatic,Independent dealer,0,22538,138,1,True,55,56270
CAR-04721,2026-05-25,DE,Mercedes-Benz,E-Class,Electric,Automatic,Private,1,18207,138,1,True,19,51280
CAR-02966,2026-05-25,AT,Audi,Q5,Petrol,Automatic,Franchise dealer,4,54757,84,3,True,57,24820
CAR-02932,2026-05-25,DE,Mercedes-Benz,C-Class,Diesel,Automatic,Independent dealer,2,23764,130,2,True,35,36060
CAR-03013,2026-05-26,DE,Volkswagen,ID.4,Petrol,Automatic,Independent dealer,3,69775,188,2,True,30,26070
CAR-03290,2026-05-26,DE,Audi,A3,Diesel,Automatic,Independent dealer,7,148020,161,4,False,60,5680
CAR-02432,2026-05-26,DE,Mercedes-Benz,GLA,Diesel,Automatic,Independent dealer,3,73013,139,1,True,51,20380
CAR-02215,2026-05-26,DE,BMW,3 Series,Hybrid,Automatic,Franchise dealer,2,27927,70,1,True,17,29970
CAR-02720,2026-05-27,DE,Mercedes-Benz,E-Class,Petrol,Automatic,Private,9,154080,215,3,True,14,7310
CAR-02960,2026-05-27,AT,Volkswagen,ID.3,Diesel,Automatic,Franchise dealer,2,33928,133,1,True,25,29750
CAR-03737,2026-05-28,DE,Volkswagen,ID.3,Electric,Automatic,Private,2,53146,247,1,True,5,31110
CAR-01089,2026-05-28,DE,Mercedes-Benz,E-Class,Electric,Automatic,Independent dealer,3,63813,143,2,False,116,32160
CAR-04960,2026-05-29,DE,BMW,X1,Hybrid,Automatic,Independent dealer,12,203738,111,4,True,15,5540
CAR-02343,2026-05-29,DE,Audi,Q3,Electric,Manual,Independent dealer,2,60475,144,3,True,82,29420
CAR-02406,2026-05-29,DE,Mercedes-Benz,E-Class,Electric,Automatic,Independent dealer,8,150306,135,3,True,50,8890
CAR-01923,2026-05-29,DE,Audi,A3,Petrol,Automatic,Independent dealer,3,67188,144,2,True,82,19100
CAR-02089,2026-05-29,DE,Mercedes-Benz,E-Class,Hybrid,Automatic,Franchise dealer,3,47754,147,1,True,20,38160
CAR-02521,2026-05-30,DE,Mercedes-Benz,EQE,Hybrid,Automatic,Franchise dealer,7,131955,146,3,True,114,15330
CAR-01249,2026-05-30,DE,Skoda,Octavia,Diesel,Automatic,Private,6,117383,229,3,True,21,7340
CAR-03267,2026-05-30,DE,Volkswagen,Tiguan,Diesel,Automatic,Franchise dealer,2,52465,161,2,True,37,27680
CAR-04957,2026-05-30,DE,Audi,Q3,Diesel,Manual,Franchise dealer,9,211659,157,4,True,49,5760
CAR-04057,2026-05-30,NL,Skoda,Kodiaq,Petrol,Manual,Private,7,116594,105,3,True,20,7720
CAR-00936,2026-05-31,DE,Skoda,Enyaq,Diesel,Manual,Franchise dealer,2,35054,89,3,True,31,26680
CAR-04343,2026-05-31,DE,Audi,Q3,Hybrid,Manual,Franchise dealer,4,89615,70,1,False,23,12120
CAR-02933,2026-05-31,DE,Skoda,Superb,Petrol,Automatic,Franchise dealer,1,22856,130,1,True,23,41430
CAR-01206,2026-05-31,DE,Volkswagen,Tiguan,Petrol,Automatic,Private,11,272106,191,4,True,59,4980
CAR-00211,2026-05-31,DE,Mercedes-Benz,E-Class,Petrol,Automatic,Franchise dealer,3,69065,117,1,False,59,29490
CAR-04979,2026-05-31,AT,Skoda,Octavia,Hybrid,Automatic,Private,4,56406,215,3,True,97,17900
CAR-03270,2026-06-01,DE,Skoda,Karoq,Petrol,Automatic,Franchise dealer,6,73047,151,2,True,50,10590
CAR-02568,2026-06-01,DE,Volkswagen,ID.4,Petrol,Manual,Private,1,39987,228,1,True,40,41590
CAR-03480,2026-06-01,DE,Mercedes-Benz,C-Class,Petrol,Manual,Franchise dealer,1,26061,118,2,True,94,43010
CAR-00795,2026-06-01,DE,Audi,A4,Petrol,Manual,Private,6,123269,180,3,True,31,10030
CAR-03547,2026-06-01,DE,Skoda,Enyaq,Petrol,Automatic,Private,1,44968,70,1,True,147,36820
CAR-01738,2026-06-01,DE,Mercedes-Benz,C-Class,Petrol,Automatic,Franchise dealer,13,162869,143,4,True,51,5280
CAR-04824,2026-06-01,DE,Audi,Q5,Petrol,Automatic,Independent dealer,6,150781,188,2,True,31,14210
CAR-03403,2026-06-02,DE,Skoda,Kodiaq,Petrol,Manual,Franchise dealer,5,121451,225,2,True,31,12650
CAR-04208,2026-06-02,AT,Mercedes-Benz,GLA,Electric,Manual,Independent dealer,2,40035,117,2,True,38,32070
CAR-02649,2026-06-02,DE,Volkswagen,Tiguan,Petrol,Automatic,Independent dealer,2,58388,112,1,True,45,25080
CAR-00738,2026-06-02,DE,Audi,A3,Petrol,Automatic,Independent dealer,7,147451,234,4,True,27,6920
CAR-04295,2026-06-02,DE,Audi,Q5,Petrol,Manual,Private,4,83233,229,2,True,123,25830
CAR-02822,2026-06-02,DE,BMW,5 Series,Electric,Automatic,Franchise dealer,2,71646,139,1,True,21,40630
CAR-01079,2026-06-02,AT,Audi,A3,Electric,Automatic,Franchise dealer,4,84018,187,2,True,87,17590
CAR-04123,2026-06-03,DE,Audi,A3,Electric,Automatic,Independent dealer,8,159569,83,4,True,37,5380
CAR-03437,2026-06-03,DE,Audi,Q5,Diesel,Manual,Private,6,89247,173,2,True,20,13590
CAR-00954,2026-06-03,DE,Skoda,Octavia,Diesel,Manual,Franchise dealer,5,81456,119,3,True,17,9940
CAR-04242,2026-06-03,DE,Mercedes-Benz,GLA,Diesel,Automatic,Franchise dealer,6,109995,162,3,False,52,9960
CAR-03398,2026-06-03,NL,Volkswagen,Tiguan,Electric,Automatic,Independent dealer,4,74438,101,1,True,51,16070
CAR-01801,2026-06-04,DE,Volkswagen,ID.4,Diesel,Automatic,Independent dealer,13,216537,157,5,True,18,5200
CAR-02793,2026-06-04,DE,Skoda,Kodiaq,Diesel,Automatic,Independent dealer,4,61852,91,3,True,55,18840
CAR-00430,2026-06-04,AT,Skoda,Karoq,Petrol,Automatic,Franchise dealer,12,160124,132,4,True,13,5250
CAR-03195,2026-06-05,NL,Audi,A4,Hybrid,Automatic,Franchise dealer,8,101590,114,3,True,51,9400
CAR-04535,2026-06-05,AT,BMW,X3,Petrol,Automatic,Private,3,41319,106,1,True,16,32980
CAR-04542,2026-06-05,DE,Skoda,Karoq,Hybrid,Automatic,Franchise dealer,13,201540,87,5,True,23,5620
CAR-02082,2026-06-05,DE,Volkswagen,ID.3,Petrol,Automatic,Private,7,156089,160,2,False,46,5210
CAR-01774,2026-06-05,DE,Volkswagen,Tiguan,Diesel,Automatic,Independent dealer,3,64946,198,1,True,102,23900
CAR-02951,2026-06-06,DE,Volkswagen,Golf,Petrol,Manual,Franchise dealer,6,116894,105,2,True,26,7140
CAR-03523,2026-06-06,DE,Audi,Q3,Petrol,Automatic,Franchise dealer,3,62345,188,2,True,37,24900
CAR-02761,2026-06-06,DE,Skoda,Kodiaq,Hybrid,Automatic,Franchise dealer,5,101800,163,2,True,41,16200
CAR-04969,2026-06-06,DE,Volkswagen,Passat,Petrol,Automatic,Franchise dealer,1,20410,95,1,True,21,35570
CAR-02828,2026-06-06,NL,Volkswagen,Tiguan,Diesel,Automatic,Franchise dealer,5,93199,153,2,True,17,15430
CAR-02598,2026-06-06,DE,Skoda,Karoq,Petrol,Automatic,Independent dealer,3,53661,151,1,True,8,17780
CAR-01352,2026-06-06,DE,Audi,Q3,Diesel,Automatic,Private,6,127581,221,3,True,44,9300
CAR-00842,2026-06-07,DE,Mercedes-Benz,EQE,Hybrid,Automatic,Franchise dealer,3,62189,185,2,True,9,45650
CAR-03347,2026-06-07,DE,Mercedes-Benz,E-Class,Petrol,Manual,Private,3,52491,100,2,True,111,26300
CAR-01966,2026-06-07,DE,Volkswagen,ID.3,Diesel,Automatic,Private,1,27757,88,2,True,26,31000
CAR-02519,2026-06-07,DE,BMW,5 Series,Petrol,Automatic,Independent dealer,2,16906,112,2,True,28,42950
CAR-04987,2026-06-08,DE,BMW,3 Series,Petrol,Automatic,Independent dealer,4,64930,121,1,True,36,15390
CAR-01520,2026-06-08,DE,Audi,Q5,Diesel,Automatic,Independent dealer,1,28765,143,2,True,41,42320
CAR-03397,2026-06-08,DE,BMW,X3,Petrol,Automatic,Franchise dealer,3,68443,197,1,False,17,29170
CAR-04320,2026-06-08,NL,Volkswagen,ID.4,Diesel,Automatic,Franchise dealer,6,99541,186,3,True,46,12820
CAR-02849,2026-06-09,DE,Audi,A3,Petrol,Automatic,Independent dealer,7,142521,70,3,True,42,6580
CAR-04058,2026-06-09,DE,Audi,e-tron,Diesel,Automatic,Private,3,44351,94,1,False,15,24110
CAR-01212,2026-06-09,NL,Mercedes-Benz,A-Class,Diesel,Automatic,Independent dealer,8,112409,176,4,True,68,7000
CAR-04511,2026-06-09,DE,Mercedes-Benz,A-Class,Petrol,Automatic,Franchise dealer,11,196253,94,4,True,8,5230
CAR-01350,2026-06-09,DE,Volkswagen,ID.3,Diesel,Automatic,Franchise dealer,2,42686,114,1,True,62,28680
CAR-00651,2026-06-09,DE,Skoda,Octavia,Electric,Automatic,Independent dealer,4,101042,121,3,True,44,12060
CAR-02930,2026-06-09,DE,Mercedes-Benz,E-Class,Hybrid,Automatic,Franchise dealer,1,7469,145,1,False,95,62800
CAR-02042,2026-06-10,DE,Volkswagen,Tiguan,Petrol,Automatic,Franchise dealer,1,19524,151,1,True,61,41540
CAR-01875,2026-06-10,DE,Volkswagen,Passat,Diesel,Automatic,Franchise dealer,3,53800,171,2,False,5,21570
CAR-03942,2026-06-10,AT,BMW,i4,Electric,Automatic,Franchise dealer,2,32378,141,2,True,24,48850
CAR-04425,2026-06-10,DE,Audi,Q5,Petrol,Automatic,Independent dealer,3,56593,150,3,True,47,31990
CAR-00907,2026-06-11,NL,BMW,3 Series,Electric,Automatic,Independent dealer,8,128408,151,4,True,49,9090
CAR-01715,2026-06-11,DE,Volkswagen,Tiguan,Petrol,Automatic,Franchise dealer,8,107279,158,5,True,34,7410
CAR-04200,2026-06-11,DE,BMW,i4,Petrol,Automatic,Independent dealer,3,48159,116,2,True,50,30700
CAR-00078,2026-06-11,DE,Mercedes-Benz,EQE,Hybrid,Manual,Private,2,35867,145,1,True,36,52050
CAR-02926,2026-06-11,DE,Volkswagen,ID.3,Petrol,Automatic,Independent dealer,2,44784,189,2,True,13,28920
CAR-00969,2026-06-11,NL,BMW,i4,Hybrid,Automatic,Franchise dealer,4,74459,229,2,True,32,32960
CAR-04175,2026-06-11,AT,Mercedes-Benz,C-Class,Petrol,Automatic,Private,2,60178,198,2,True,24,26130
CAR-01883,2026-06-11,DE,Volkswagen,Tiguan,Petrol,Automatic,Franchise dealer,7,144959,78,2,True,17,7540
CAR-04102,2026-06-11,DE,Mercedes-Benz,C-Class,Diesel,Automatic,Franchise dealer,2,39695,101,1,True,93,33200
CAR-04663,2026-06-11,DE,BMW,i4,Hybrid,Automatic,Private,2,43753,119,1,True,9,43720
CAR-00294,2026-06-12,DE,Volkswagen,ID.3,Petrol,Automatic,Private,3,51551,183,1,True,66,20920
CAR-04994,2026-06-12,DE,Mercedes-Benz,GLA,Electric,Automatic,Private,4,46897,115,2,True,26,15980
CAR-03911,2026-06-12,DE,Mercedes-Benz,E-Class,Petrol,Automatic,Franchise dealer,8,108776,157,5,True,106,12880
CAR-00130,2026-06-12,NL,BMW,5 Series,Petrol,Automatic,Franchise dealer,4,48692,173,1,True,49,32610
CAR-04584,2026-06-12,DE,Volkswagen,Golf,Diesel,Manual,Independent dealer,2,48121,152,1,True,20,20300
CAR-00997,2026-06-12,DE,BMW,3 Series,Petrol,Automatic,Franchise dealer,5,91906,123,3,True,17,11500
CAR-03892,2026-06-13,DE,Mercedes-Benz,EQE,Diesel,Automatic,Franchise dealer,4,64208,70,2,True,54,23750
CAR-03163,2026-06-13,DE,Volkswagen,ID.3,Petrol,Automatic,Independent dealer,8,150063,171,4,True,36,6410
CAR-04172,2026-06-13,DE,Skoda,Octavia,Petrol,Automatic,Franchise dealer,2,34414,206,1,True,33,26120
CAR-01946,2026-06-14,NL,BMW,X1,Petrol,Manual,Independent dealer,6,89240,137,2,False,142,9770
CAR-01529,2026-06-14,DE,Audi,Q3,Petrol,Automatic,Independent dealer,4,63708,178,2,True,5,20690
CAR-04706,2026-06-14,AT,BMW,X3,Petrol,Manual,Independent dealer,4,72410,120,2,True,19,20430
CAR-00490,2026-06-14,DE,Volkswagen,ID.4,Hybrid,Automatic,Franchise dealer,1,22310,145,2,True,3,40350
CAR-03715,2026-06-14,NL,Volkswagen,Passat,Petrol,Manual,Independent dealer,6,87280,191,4,True,42,10240
CAR-00891,2026-06-15,DE,Skoda,Superb,Petrol,Automatic,Franchise dealer,6,111427,199,2,True,77,12500
CAR-00949,2026-06-15,AT,Audi,Q5,Petrol,Automatic,Franchise dealer,2,62804,174,1,True,11,52250
CAR-03627,2026-06-15,AT,Volkswagen,Golf,Electric,Automatic,Independent dealer,5,91175,104,3,False,33,9000
CAR-00826,2026-06-15,DE,Mercedes-Benz,E-Class,Petrol,Automatic,Franchise dealer,1,34748,139,1,True,12,56700
CAR-03313,2026-06-15,DE,Volkswagen,Tiguan,Electric,Automatic,Independent dealer,6,90496,90,2,True,22,11680
CAR-01943,2026-06-15,DE,BMW,3 Series,Hybrid,Automatic,Private,1,29539,112,1,True,49,36830
CAR-04076,2026-06-15,NL,Volkswagen,Passat,Diesel,Automatic,Franchise dealer,2,51205,140,3,True,58,24570
CAR-04338,2026-06-15,DE,Mercedes-Benz,E-Class,Hybrid,Automatic,Franchise dealer,3,56996,118,2,True,45,30200
CAR-01339,2026-06-16,DE,Audi,e-tron,Electric,Manual,Independent dealer,5,119607,92,2,True,40,16870
CAR-03932,2026-06-16,DE,Mercedes-Benz,C-Class,Diesel,Manual,Independent dealer,1,22428,156,1,True,13,37120
CAR-02284,2026-06-16,DE,BMW,X3,Petrol,Automatic,Independent dealer,13,257655,70,5,True,36,5530
CAR-03500,2026-06-17,DE,Audi,A3,Petrol,Automatic,Franchise dealer,3,55970,179,1,True,79,22210
CAR-00069,2026-06-17,DE,Mercedes-Benz,GLA,Electric,Automatic,Independent dealer,5,79595,180,2,True,58,15950
CAR-01184,2026-06-17,DE,BMW,5 Series,Diesel,Manual,Franchise dealer,4,61332,96,2,False,17,15610
CAR-02774,2026-06-17,DE,Volkswagen,Golf,Electric,Automatic,Franchise dealer,3,84300,88,1,True,28,13620
CAR-00414,2026-06-17,DE,BMW,5 Series,Diesel,Automatic,Franchise dealer,2,34098,106,2,True,37,45030
CAR-01163,2026-06-17,DE,BMW,5 Series,Diesel,Automatic,Franchise dealer,5,110616,166,3,True,15,18760
CAR-01522,2026-06-17,DE,Skoda,Superb,Petrol,Manual,Independent dealer,3,46479,126,1,True,63,23920
CAR-01864,2026-06-18,AT,Volkswagen,ID.4,Diesel,Automatic,Franchise dealer,5,119010,245,3,True,93,17850
CAR-01753,2026-06-18,DE,Volkswagen,ID.3,Petrol,Automatic,Independent dealer,2,69279,142,1,True,59,21100
CAR-02572,2026-06-18,NL,Volkswagen,ID.3,Diesel,Automatic,Independent dealer,4,78710,132,3,True,40,15190
CAR-00645,2026-06-19,DE,Skoda,Enyaq,Diesel,Manual,Independent dealer,4,76795,104,4,True,77,16210
CAR-04928,2026-06-19,DE,Volkswagen,Tiguan,Electric,Automatic,Independent dealer,5,80853,127,4,False,18,11810
CAR-04045,2026-06-19,DE,Audi,A4,Hybrid,Automatic,Franchise dealer,5,83064,92,2,True,19,17320
CAR-02614,2026-06-20,DE,Audi,Q3,Electric,Automatic,Private,2,50485,169,2,True,82,32760
CAR-04433,2026-06-20,DE,Audi,Q5,Petrol,Automatic,Franchise dealer,11,208454,85,4,True,74,5630
CAR-04342,2026-06-20,DE,Mercedes-Benz,C-Class,Diesel,Manual,Private,3,37612,187,2,True,56,22350
CAR-00381,2026-06-20,DE,Skoda,Kodiaq,Petrol,Automatic,Private,3,82855,134,2,True,72,20680
CAR-00438,2026-06-21,DE,Volkswagen,Golf,Petrol,Automatic,Independent dealer,6,82149,131,2,True,10,8380
CAR-04649,2026-06-21,DE,Mercedes-Benz,GLA,Diesel,Automatic,Franchise dealer,2,42362,177,2,True,56,28720
CAR-02157,2026-06-21,DE,Audi,A3,Petrol,Manual,Private,13,183548,153,5,False,56,5220
CAR-02346,2026-06-21,DE,Skoda,Kodiaq,Petrol,Automatic,Independent dealer,7,120731,72,3,True,36,7760
CAR-03244,2026-06-22,DE,BMW,5 Series,Petrol,Automatic,Franchise dealer,2,37493,193,1,True,55,47560
CAR-02093,2026-06-22,DE,BMW,5 Series,Petrol,Manual,Independent dealer,2,56660,71,1,True,26,26100
CAR-04063,2026-06-22,DE,Mercedes-Benz,C-Class,Petrol,Manual,Franchise dealer,4,78744,115,2,True,36,19640
CAR-02678,2026-06-22,DE,Volkswagen,Tiguan,Electric,Automatic,Independent dealer,9,125045,136,4,False,20,5190
CAR-00106,2026-06-22,DE,Mercedes-Benz,GLA,Petrol,Manual,Independent dealer,2,38582,132,1,True,119,27020
CAR-02441,2026-06-22,DE,BMW,X1,Petrol,Automatic,Franchise dealer,3,53773,70,1,True,22,21390
CAR-04581,2026-06-23,DE,Volkswagen,Passat,Diesel,Automatic,Independent dealer,3,70812,186,3,True,140,23700
CAR-02462,2026-06-23,DE,BMW,i4,Diesel,Automatic,Franchise dealer,5,73084,123,3,True,35,22180
CAR-01992,2026-06-23,DE,Audi,Q5,Diesel,Automatic,Independent dealer,1,33836,158,2,True,56,51000
CAR-03795,2026-06-23,DE,Volkswagen,Golf,Petrol,Automatic,Independent dealer,12,162280,140,5,True,55,5460
CAR-03065,2026-06-23,AT,Mercedes-Benz,GLA,Diesel,Automatic,Independent dealer,3,31775,171,1,True,65,28710
CAR-00809,2026-06-23,DE,Skoda,Karoq,Diesel,Manual,Franchise dealer,12,230942,144,5,True,10,5360
CAR-00123,2026-06-23,DE,Audi,A3,Diesel,Automatic,Independent dealer,1,13830,127,1,True,35,34510
CAR-01508,2026-06-23,DE,BMW,3 Series,Hybrid,Manual,Independent dealer,2,61790,133,1,True,65,28030
CAR-04805,2026-06-23,AT,Volkswagen,Passat,Petrol,Automatic,Private,9,196993,149,4,True,41,5840
CAR-04440,2026-06-24,DE,BMW,5 Series,Hybrid,Automatic,Private,3,61554,70,2,True,8,27530
CAR-04493,2026-06-24,DE,BMW,i4,Petrol,Automatic,Independent dealer,5,87829,169,2,True,33,19360
CAR-01261,2026-06-24,DE,Audi,Q3,Electric,Automatic,Independent dealer,6,73695,167,4,True,46,13770
CAR-04646,2026-06-24,DE,Skoda,Enyaq,Hybrid,Automatic,Franchise dealer,3,35257,94,2,True,33,28850
CAR-01059,2026-06-24,NL,Volkswagen,ID.4,Diesel,Manual,Independent dealer,3,53743,205,2,True,33,27890
CAR-02731,2026-06-24,DE,Audi,A4,Petrol,Automatic,Independent dealer,6,114616,152,4,True,30,10820
CAR-03249,2026-06-24,DE,Mercedes-Benz,A-Class,Petrol,Automatic,Franchise dealer,10,204328,152,5,True,50,5260
CAR-03230,2026-06-25,DE,Mercedes-Benz,GLA,Petrol,Automatic,Private,13,194540,176,5,True,37,5620
CAR-00790,2026-06-25,DE,BMW,X3,Petrol,Automatic,Independent dealer,5,95165,158,3,False,40,14320
CAR-01798,2026-06-25,DE,Mercedes-Benz,EQE,Diesel,Automatic,Private,1,19924,126,1,True,30,57250
CAR-03417,2026-06-25,DE,Volkswagen,ID.3,Petrol,Manual,Independent dealer,6,134510,73,2,True,24,6670
CAR-01170,2026-06-26,DE,Audi,Q3,Petrol,Automatic,Independent dealer,3,57621,123,2,True,63,24330
CAR-04821,2026-06-26,DE,Audi,Q5,Electric,Automatic,Independent dealer,8,117645,200,4,True,43,10080
CAR-00399,2026-06-26,DE,Mercedes-Benz,E-Class,Petrol,Automatic,Independent dealer,1,25044,163,1,True,49,53860
CAR-03961,2026-06-26,AT,BMW,i4,Petrol,Manual,Independent dealer,3,68286,117,2,True,20,29170
CAR-03867,2026-06-26,DE,Audi,Q5,Petrol,Manual,Franchise dealer,1,36524,72,2,True,19,46210
CAR-00110,2026-06-27,DE,Mercedes-Benz,E-Class,Petrol,Automatic,Franchise dealer,4,59740,109,3,True,31,22720
CAR-03247,2026-06-27,DE,Volkswagen,Tiguan,Petrol,Automatic,Franchise dealer,12,263957,136,5,False,51,5910
CAR-01878,2026-06-27,DE,Mercedes-Benz,EQE,Petrol,Manual,Private,5,80636,153,3,True,49,23240
CAR-03952,2026-06-27,DE,Skoda,Kodiaq,Hybrid,Automatic,Independent dealer,4,37188,85,2,True,45,21280
CAR-01141,2026-06-27,DE,Volkswagen,Golf,Electric,Manual,Independent dealer,5,98234,152,2,True,22,9980
CAR-03809,2026-06-28,DE,Volkswagen,Tiguan,Electric,Automatic,Private,2,52472,188,2,True,68,29440
CAR-00612,2026-06-28,DE,Skoda,Octavia,Hybrid,Automatic,Independent dealer,4,88970,214,3,True,20,12790
CAR-04024,2026-06-28,DE,Volkswagen,Tiguan,Diesel,Automatic,Private,7,154818,70,3,True,24,5720
CAR-01424,2026-06-28,DE,Audi,A4,Petrol,Automatic,Independent dealer,1,36505,177,1,True,38,46600
CAR-01518,2026-06-28,DE,BMW,3 Series,Hybrid,Manual,Independent dealer,5,82552,123,2,False,91,14310
CAR-03291,2026-06-28,NL,Volkswagen,Golf,Hybrid,Automatic,Franchise dealer,2,53000,166,1,True,43,23620
CAR-00270,2026-06-29,DE,BMW,i4,Petrol,Automatic,Independent dealer,4,58250,120,2,True,8,21450
CAR-01876,2026-06-29,DE,Audi,Q5,Electric,Manual,Franchise dealer,3,81763,142,1,True,19,32390
CAR-03262,2026-06-29,DE,BMW,X3,Electric,Automatic,Franchise dealer,4,69761,185,2,True,30,25720
CAR-01032,2026-06-29,DE,Mercedes-Benz,GLA,Petrol,Automatic,Independent dealer,4,60929,190,4,True,37,18740
CAR-02515,2026-06-29,DE,Volkswagen,Golf,Hybrid,Manual,Franchise dealer,6,132160,184,4,True,25,7640
CAR-03668,2026-06-30,DE,Audi,A4,Diesel,Manual,Franchise dealer,5,66235,211,1,True,85,15090
CAR-02530,2026-06-30,DE,Volkswagen,Passat,Electric,Automatic,Franchise dealer,3,42864,70,2,True,56,21150
CAR-01645,2026-06-30,DE,Mercedes-Benz,GLA,Petrol,Automatic,Franchise dealer,5,58145,207,3,True,56,20840
CAR-03816,2026-06-30,DE,Mercedes-Benz,EQE,Petrol,Automatic,Private,1,18650,130,1,True,35,64490
CAR-01072,2026-06-30,DE,Mercedes-Benz,E-Class,Electric,Automatic,Private,3,70231,149,2,True,65,36520
